region,deal_date,transaction_count,rolling_14d
강동구,2025-04-15,5,10.142857142857142
강동구,2025-04-16,11,10.25
강동구,2025-04-17,11,9.777777777777779
강동구,2025-04-18,12,9.8
강동구,2025-04-19,23,10.636363636363637
강동구,2025-04-20,1,11.75
강동구,2025-04-21,8,11.23076923076923
강동구,2025-04-22,11,11.071428571428571
강동구,2025-04-23,6,11.428571428571429
강동구,2025-04-24,10,12.214285714285714
강동구,2025-04-25,19,12.214285714285714
강동구,2025-04-26,24,12.428571428571429
강동구,2025-04-28,5,10.857142857142858
강동구,2025-04-29,9,11.071428571428571
강동구,2025-04-30,10,11.071428571428571
강동구,2025-05-01,22,11.285714285714286
강동구,2025-05-02,11,11.642857142857142
강동구,2025-05-03,15,12.071428571428571
강동구,2025-05-04,1,12.071428571428571
강동구,2025-05-05,4,10.428571428571429
강동구,2025-05-06,8,10.928571428571429
강동구,2025-05-07,14,10.785714285714286
강동구,2025-05-08,11,10.857142857142858
강동구,2025-05-09,16,10.285714285714286
강동구,2025-05-10,19,10.571428571428571
강동구,2025-05-11,1,12.642857142857142
강동구,2025-05-12,12,13.142857142857142
강동구,2025-05-13,7,13.357142857142858
강동구,2025-05-14,11,13.785714285714286
강동구,2025-05-15,14,13.642857142857142
강동구,2025-05-16,15,13.928571428571429
강동구,2025-05-17,44,13.928571428571429
강동구,2025-05-18,8,15.785714285714286
강동구,2025-05-19,7,16.214285714285715
강동구,2025-05-20,14,16.571428571428573
강동구,2025-05-21,12,17.571428571428573
강동구,2025-05-22,15,18.5
강동구,2025-05-23,16,19.071428571428573
강동구,2025-05-24,45,20.142857142857142
강동구,2025-05-25,7,20.0
강동구,2025-05-26,17,20.0
강동구,2025-05-27,21,20.214285714285715
강동구,2025-05-28,24,22.214285714285715
강동구,2025-05-29,22,22.857142857142858
강동구,2025-05-30,30,22.785714285714285
강동구,2025-05-31,42,24.071428571428573
강동구,2025-06-01,8,24.5
강동구,2025-06-02,10,24.428571428571427
강동구,2025-06-03,42,25.285714285714285
강동구,2025-06-04,21,25.571428571428573
강동구,2025-06-05,14,25.5
강동구,2025-06-06,34,25.714285714285715
강동구,2025-06-07,51,26.571428571428573
강동구,2025-06-08,6,28.714285714285715
강동구,2025-06-09,29,29.0
강동구,2025-06-10,25,30.142857142857142
강동구,2025-06-11,23,30.071428571428573
강동구,2025-06-12,25,30.785714285714285
강동구,2025-06-13,42,31.857142857142858
강동구,2025-06-14,72,31.428571428571427
강동구,2025-06-15,12,32.92857142857143
강동구,2025-06-16,26,33.285714285714285
강동구,2025-06-17,41,33.92857142857143
강동구,2025-06-18,31,34.357142857142854
강동구,2025-06-19,29,34.92857142857143
강동구,2025-06-20,28,35.214285714285715
강동구,2025-06-21,72,36.285714285714285
강동구,2025-06-22,11,32.5
강동구,2025-06-23,38,31.928571428571427
강동구,2025-06-24,31,30.714285714285715
강동구,2025-06-25,31,28.0
강동구,2025-06-26,29,26.5
강동구,2025-06-27,57,24.928571428571427
강동구,2025-06-28,19,23.571428571428573
강동구,2025-06-29,4,19.5
강동구,2025-06-30,9,18.857142857142858
강동구,2025-07-01,3,16.428571428571427
강동구,2025-07-02,10,14.428571428571429
강동구,2025-07-03,7,12.642857142857142
강동구,2025-07-04,9,11.0
강동구,2025-07-05,15,7.285714285714286
강동구,2025-07-06,2,6.857142857142857
강동구,2025-07-07,4,7.071428571428571
강동구,2025-07-08,3,6.928571428571429
강동구,2025-07-09,6,7.285714285714286
강동구,2025-07-10,6,7.142857142857143
강동구,2025-07-11,5,7.071428571428571
강동구,2025-07-12,13,7.214285714285714
강동구,2025-07-14,7,6.214285714285714
강동구,2025-07-15,7,6.357142857142857
강동구,2025-07-16,8,6.285714285714286
강동구,2025-07-17,8,6.571428571428571
강동구,2025-07-18,6,6.571428571428571
강동구,2025-07-19,11,6.5
강동구,2025-07-20,1,7.071428571428571
강동구,2025-07-21,4,6.214285714285714
강동구,2025-07-22,3,6.142857142857143
강동구,2025-07-23,7,6.0
강동구,2025-07-24,6,6.142857142857143
강동구,2025-07-25,5,5.928571428571429
강동구,2025-07-26,13,5.785714285714286
강동구,2025-07-27,1,5.571428571428571
강동구,2025-07-28,6,5.571428571428571
강동구,2025-07-29,5,5.642857142857143
강동구,2025-07-30,10,5.785714285714286
강동구,2025-07-31,5,5.642857142857143
강동구,2025-08-01,4,5.642857142857143
강동구,2025-08-02,8,6.071428571428571
강동구,2025-08-03,1,6.214285714285714
강동구,2025-08-04,5,6.285714285714286
강동구,2025-08-05,5,6.785714285714286
강동구,2025-08-06,5,7.142857142857143
강동구,2025-08-07,6,6.928571428571429
강동구,2025-08-08,11,6.857142857142857
강동구,2025-08-09,15,7.214285714285714
강동구,2025-08-10,2,7.214285714285714
강동구,2025-08-11,13,7.214285714285714
강동구,2025-08-12,10,7.714285714285714
강동구,2025-08-13,7,8.357142857142858
강동구,2025-08-14,4,9.071428571428571
강동구,2025-08-15,9,9.357142857142858
강동구,2025-08-16,8,9.357142857142858
강동구,2025-08-17,1,10.571428571428571
강동구,2025-08-18,12,10.571428571428571
강동구,2025-08-19,14,10.714285714285714
강동구,2025-08-20,15,11.071428571428571
강동구,2025-08-21,10,11.857142857142858
강동구,2025-08-22,11,12.571428571428571
강동구,2025-08-23,32,12.857142857142858
강동구,2025-08-24,2,15.142857142857142
강동구,2025-08-25,15,15.428571428571429
강동구,2025-08-26,15,15.0
강동구,2025-08-27,18,15.5
강동구,2025-08-28,14,15.285714285714286
강동구,2025-08-29,13,15.857142857142858
강동구,2025-08-30,40,16.0
강동구,2025-08-31,5,16.642857142857142
강동구,2025-09-01,6,16.928571428571427
강동구,2025-09-02,21,17.0
강동구,2025-09-03,12,17.428571428571427
강동구,2025-09-04,18,16.857142857142858
강동구,2025-09-05,13,17.357142857142858
강동구,2025-09-06,41,17.857142857142858
강동구,2025-09-07,6,18.285714285714285
강동구,2025-09-08,16,18.785714285714285
강동구,2025-09-09,21,19.714285714285715
강동구,2025-09-10,10,19.785714285714285
강동구,2025-09-11,21,20.142857142857142
강동구,2025-09-12,20,20.142857142857142
강동구,2025-09-13,46,21.214285714285715
강동구,2025-09-14,12,22.285714285714285
강동구,2025-09-15,19,22.857142857142858
강동구,2025-09-16,22,23.285714285714285
강동구,2025-09-17,17,23.714285714285715
강동구,2025-09-18,18,25.785714285714285
강동구,2025-09-19,28,27.071428571428573
강동구,2025-09-20,56,28.857142857142858
강동구,2025-09-21,14,32.07142857142857
강동구,2025-09-22,22,32.214285714285715
강동구,2025-09-23,27,33.42857142857143
강동구,2025-09-24,39,34.857142857142854
강동구,2025-09-25,39,36.07142857142857
강동구,2025-09-26,45,38.5
강동구,2025-09-27,91,39.0
강동구,2025-09-28,14,36.857142857142854
강동구,2025-09-29,36,35.92857142857143
강동구,2025-09-30,42,34.42857142857143
강동구,2025-10-01,34,32.642857142857146
강동구,2025-10-02,52,30.785714285714285
강동구,2025-10-03,35,29.785714285714285
강동구,2025-10-04,26,29.142857142857142
강동구,2025-10-06,1,23.285714285714285
강동구,2025-10-07,1,24.214285714285715
강동구,2025-10-08,2,24.928571428571427
강동구,2025-10-09,13,27.142857142857142
강동구,2025-10-10,25,25.857142857142858
강동구,2025-10-11,36,25.357142857142858
강동구,2025-10-12,9,27.0
강동구,2025-10-13,27,27.714285714285715
강동구,2025-10-14,46,27.714285714285715
강동구,2025-10-15,73,27.714285714285715
강동구,2025-10-16,16,27.785714285714285
강동구,2025-10-17,45,26.928571428571427
강동구,2025-10-18,58,25.357142857142858
강동구,2025-10-19,36,22.857142857142858
강동구,2025-10-21,1,22.428571428571427
강동구,2025-10-24,1,20.785714285714285
강동구,2025-10-25,3,17.857142857142858
강동구,2025-10-28,1,12.928571428571429
강동구,2025-10-31,3,12.0
강동구,2025-11-03,1,9.142857142857142
강동구,2025-11-05,3,5.214285714285714
강동구,2025-11-06,4,2.857142857142857
강동구,2025-11-07,5,3.0714285714285716
강동구,2025-11-08,4,3.2142857142857144
강동구,2025-11-10,3,3.0714285714285716
강동구,2025-11-11,5,3.142857142857143
강동구,2025-11-12,3,3.357142857142857
강동구,2025-11-13,3,3.5714285714285716
강동구,2025-11-14,4,3.857142857142857
강동구,2025-11-15,3,4.142857142857143
강동구,2025-11-16,1,4.428571428571429
강동구,2025-11-17,2,4.571428571428571
강동구,2025-11-18,6,4.5
강동구,2025-11-19,4,4.214285714285714
강동구,2025-11-20,7,4.357142857142857
강동구,2025-11-21,8,4.571428571428571
강동구,2025-11-22,9,5.214285714285714
강동구,2025-11-24,6,5.142857142857143
강동구,2025-11-25,2,5.571428571428571
강동구,2025-11-26,1,5.928571428571429
강동구,2025-11-27,5,5.714285714285714
강동구,2025-11-28,6,6.285714285714286
강동구,2025-11-29,13,6.642857142857143
강동구,2025-11-30,2,6.857142857142857
강동구,2025-12-01,7,6.642857142857143
강동구,2025-12-02,7,6.785714285714286
강동구,2025-12-03,3,7.214285714285714
강동구,2025-12-04,12,8.0
강동구,2025-12-05,12,8.285714285714286
강동구,2025-12-06,11,8.642857142857142
강동구,2025-12-08,6,7.857142857142857
강동구,2025-12-09,8,7.785714285714286
강동구,2025-12-10,8,7.5
강동구,2025-12-11,12,7.142857142857143
강동구,2025-12-12,9,7.214285714285714
강동구,2025-12-13,11,7.071428571428571
강동구,2025-12-14,2,7.642857142857143
강동구,2025-12-15,1,7.071428571428571
강동구,2025-12-16,3,7.142857142857143
강동구,2025-12-17,2,7.071428571428571
강동구,2025-12-18,4,6.857142857142857
강동구,2025-12-19,10,6.5
강동구,2025-12-20,20,6.285714285714286
강동구,2025-12-21,3,6.571428571428571
강동구,2025-12-22,7,6.857142857142857
강동구,2025-12-23,7,7.071428571428571
강동구,2025-12-24,5,7.142857142857143
강동구,2025-12-25,7,7.285714285714286
강동구,2025-12-26,6,8.0
강동구,2025-12-27,15,7.428571428571429
강동구,2025-12-29,6,6.214285714285714
강동구,2025-12-30,4,6.285714285714286
강동구,2025-12-31,4,6.357142857142857
강동구,2026-01-02,4,6.642857142857143
강동구,2026-01-03,14,7.0
강동구,2026-01-04,2,7.928571428571429
강동구,2026-01-05,3,8.142857142857142
강동구,2026-01-06,4,7.928571428571429
강동구,2026-01-07,8,8.142857142857142
강동구,2026-01-08,11,8.357142857142858
강동구,2026-01-09,10,8.928571428571429
강동구,2026-01-10,20,9.785714285714286
강동구,2026-01-12,9,8.928571428571429
강동구,2026-01-13,12,9.285714285714286
강동구,2026-01-14,9,9.285714285714286
강동구,2026-01-15,7,9.357142857142858
강동구,2026-01-16,12,9.571428571428571
강동구,2026-01-17,16,9.428571428571429
강동구,2026-01-18,2,10.285714285714286
강동구,2026-01-19,7,9.0
강동구,2026-01-20,3,9.0
강동구,2026-01-21,5,8.428571428571429
강동구,2026-01-22,11,8.214285714285714
강동구,2026-01-23,9,8.5
강동구,2026-01-24,22,8.928571428571429
강동구,2026-01-25,2,9.071428571428571
강동구,2026-01-26,9,9.214285714285714
강동구,2026-01-27,4,9.357142857142858
강동구,2026-01-28,6,9.785714285714286
강동구,2026-01-29,11,10.285714285714286
강동구,2026-01-30,18,9.785714285714286
강동구,2026-01-31,18,10.357142857142858
강동구,2026-02-01,4,11.428571428571429
강동구,2026-02-02,9,11.785714285714286
강동구,2026-02-03,9,12.285714285714286
강동구,2026-02-04,12,12.571428571428571
강동구,2026-02-05,4,12.928571428571429
강동구,2026-02-06,17,12.857142857142858
강동구,2026-02-07,37,13.214285714285714
강동구,2026-02-08,7,12.928571428571429
강동구,2026-02-09,16,12.714285714285714
강동구,2026-02-10,8,13.071428571428571
강동구,2026-02-11,11,13.214285714285714
강동구,2026-02-12,10,13.285714285714286
강동구,2026-02-13,23,13.142857142857142
강동구,2026-02-14,14,12.214285714285714
강동구,2026-02-16,1,9.785714285714286
강동구,2026-02-19,14,9.714285714285714
강동구,2026-02-20,11,9.571428571428571
강동구,2026-02-21,13,10.071428571428571
강동구,2026-02-22,2,11.071428571428571
강동구,2026-02-23,4,11.0
강동구,2026-02-24,3,9.857142857142858
강동구,2026-02-25,6,9.142857142857142
강동구,2026-02-26,14,9.714285714285714
강동구,2026-02-27,15,9.071428571428571
강동구,2026-02-28,25,9.142857142857142
강동구,2026-03-02,9,8.285714285714286
강동구,2026-03-03,7,8.928571428571429
강동구,2026-03-04,4,8.857142857142858
강동구,2026-03-05,9,9.357142857142858
강동구,2026-03-06,5,9.357142857142858
강동구,2026-03-07,12,9.214285714285714
강동구,2026-03-08,1,9.357142857142858
강동구,2026-03-09,11,7.714285714285714
강동구,2026-03-10,3,7.285714285714286
강동구,2026-03-11,10,7.071428571428571
강동구,2026-03-12,6,7.428571428571429
강동구,2026-03-13,12,7.071428571428571
강동구,2026-03-14,17,7.785714285714286
강동구,2026-03-15,2,7.357142857142857
강동구,2026-03-16,3,7.571428571428571
강동구,2026-03-17,4,7.285714285714286
강동구,2026-03-18,9,7.857142857142857
강동구,2026-03-20,4,8.071428571428571
강동구,2026-03-21,15,8.785714285714286
강동구,2026-03-23,6,8.071428571428571
강동구,2026-03-24,4,8.142857142857142
강동구,2026-03-25,7,8.642857142857142
강동구,2026-03-26,11,9.142857142857142
강동구,2026-03-27,13,9.857142857142858
강동구,2026-03-28,16,10.357142857142858
강동구,2026-03-29,2,11.857142857142858
강동구,2026-03-30,18,10.857142857142858
강동구,2026-03-31,9,10.785714285714286
강동구,2026-04-01,10,11.428571428571429
강동구,2026-04-02,14,11.714285714285714
강동구,2026-04-03,16,11.142857142857142
강동구,2026-04-04,25,11.214285714285714
강동구,2026-04-05,1,12.071428571428571
강동구,2026-04-06,5,12.214285714285714
강동구,2026-04-07,13,12.571428571428571
강동구,2026-04-08,11,12.571428571428571
강동구,2026-04-09,3,12.76923076923077
강동구,2026-04-10,14,12.666666666666666
강동구,2026-04-11,28,12.363636363636363
강동구,2026-04-12,4,11.1
강동구,2026-04-13,23,12.222222222222221
강동구,2026-04-14,9,13.125
강북구,2025-04-15,1,3.2857142857142856
강북구,2025-04-16,3,3.25
강북구,2025-04-18,3,3.7777777777777777
강북구,2025-04-19,9,3.5
강북구,2025-04-21,2,3.5454545454545454
강북구,2025-04-22,3,3.5
강북구,2025-04-23,2,3.4615384615384617
강북구,2025-04-24,3,3.5714285714285716
강북구,2025-04-26,8,3.7142857142857144
강북구,2025-04-27,1,3.5714285714285716
강북구,2025-04-28,4,3.4285714285714284
강북구,2025-04-29,3,3.0
강북구,2025-04-30,3,3.2142857142857144
강북구,2025-05-01,5,3.5
강북구,2025-05-02,3,3.642857142857143
강북구,2025-05-03,1,3.7142857142857144
강북구,2025-05-07,1,3.357142857142857
강북구,2025-05-08,3,4.642857142857143
강북구,2025-05-09,5,4.571428571428571
강북구,2025-05-10,7,4.642857142857143
강북구,2025-05-12,4,4.642857142857143
강북구,2025-05-13,4,4.571428571428571
강북구,2025-05-14,3,4.714285714285714
강북구,2025-05-15,19,4.785714285714286
강북구,2025-05-16,3,4.928571428571429
강북구,2025-05-17,4,5.071428571428571
강북구,2025-05-19,3,4.785714285714286
강북구,2025-05-20,4,4.5
강북구,2025-05-21,5,4.428571428571429
강북구,2025-05-22,2,4.428571428571429
강북구,2025-05-23,3,4.642857142857143
강북구,2025-05-24,5,3.4285714285714284
강북구,2025-05-25,1,3.857142857142857
강북구,2025-05-26,3,3.9285714285714284
강북구,2025-05-27,3,4.714285714285714
강북구,2025-05-28,4,4.785714285714286
강북구,2025-05-29,6,4.714285714285714
강북구,2025-05-30,2,5.428571428571429
강북구,2025-05-31,9,5.428571428571429
강북구,2025-06-02,5,5.285714285714286
강북구,2025-06-03,14,5.571428571428571
강북구,2025-06-04,5,5.785714285714286
강북구,2025-06-05,4,5.857142857142857
강북구,2025-06-06,12,6.357142857142857
강북구,2025-06-07,3,6.785714285714286
강북구,2025-06-09,3,6.785714285714286
강북구,2025-06-10,5,6.5
강북구,2025-06-11,6,6.785714285714286
강북구,2025-06-12,4,6.0
강북구,2025-06-13,11,5.928571428571429
강북구,2025-06-14,12,6.0
강북구,2025-06-15,2,6.0
강북구,2025-06-16,5,5.857142857142857
강북구,2025-06-17,9,6.071428571428571
강북구,2025-06-18,3,5.857142857142857
강북구,2025-06-19,4,5.642857142857143
강북구,2025-06-20,5,5.5
강북구,2025-06-21,12,5.571428571428571
강북구,2025-06-22,1,5.0
강북구,2025-06-23,6,5.357142857142857
강북구,2025-06-24,2,5.142857142857143
강북구,2025-06-25,3,5.071428571428571
강북구,2025-06-26,2,5.142857142857143
강북구,2025-06-27,12,5.214285714285714
강북구,2025-06-28,4,5.5
강북구,2025-06-30,7,5.0
강북구,2025-07-01,2,5.0
강북구,2025-07-02,8,4.642857142857143
강북구,2025-07-03,4,4.642857142857143
강북구,2025-07-04,5,4.714285714285714
강북구,2025-07-05,9,4.714285714285714
강북구,2025-07-07,5,4.214285714285714
강북구,2025-07-08,1,4.214285714285714
강북구,2025-07-10,1,3.7857142857142856
강북구,2025-07-11,2,3.857142857142857
강북구,2025-07-12,4,3.5
강북구,2025-07-13,2,3.357142857142857
강북구,2025-07-14,5,3.0714285714285716
강북구,2025-07-15,4,2.642857142857143
강북구,2025-07-18,1,2.857142857142857
강북구,2025-07-19,3,2.9285714285714284
강북구,2025-07-22,3,3.0
강북구,2025-07-23,2,2.9285714285714284
강북구,2025-07-24,1,2.857142857142857
강북구,2025-07-25,3,3.0
강북구,2025-07-26,8,2.7142857142857144
강북구,2025-07-29,2,2.7142857142857144
강북구,2025-07-30,2,2.7857142857142856
강북구,2025-07-31,1,2.7142857142857144
강북구,2025-08-01,3,2.7857142857142856
강북구,2025-08-02,4,3.2142857142857144
강북구,2025-08-03,1,3.2142857142857144
강북구,2025-08-04,4,3.2142857142857144
강북구,2025-08-05,2,2.7142857142857144
강북구,2025-08-07,2,2.7142857142857144
강북구,2025-08-08,4,2.642857142857143
강북구,2025-08-09,8,2.7857142857142856
강북구,2025-08-11,1,2.642857142857143
강북구,2025-08-12,3,2.4285714285714284
강북구,2025-08-13,1,2.5714285714285716
강북구,2025-08-14,2,2.4285714285714284
강북구,2025-08-15,1,2.642857142857143
강북구,2025-08-16,3,2.642857142857143
강북구,2025-08-17,1,2.7857142857142856
강북구,2025-08-18,1,2.357142857142857
강북구,2025-08-19,3,3.0
강북구,2025-08-20,2,3.0
강북구,2025-08-21,5,3.2142857142857144
강북구,2025-08-22,2,3.2857142857142856
강북구,2025-08-23,6,3.2857142857142856
강북구,2025-08-24,2,3.5
강북구,2025-08-25,10,3.5
강북구,2025-08-26,3,3.7857142857142856
강북구,2025-08-27,4,3.642857142857143
강북구,2025-08-28,3,3.857142857142857
강북구,2025-08-29,1,3.7857142857142856
강북구,2025-08-30,6,3.9285714285714284
강북구,2025-09-01,1,3.5714285714285716
강북구,2025-09-02,5,3.7857142857142856
강북구,2025-09-03,1,3.2857142857142856
강북구,2025-09-04,5,3.2857142857142856
강북구,2025-09-05,4,3.357142857142857
강북구,2025-09-06,4,3.357142857142857
강북구,2025-09-07,1,4.142857142857143
강북구,2025-09-08,5,3.857142857142857
강북구,2025-09-09,3,4.0
강북구,2025-09-10,3,4.142857142857143
강북구,2025-09-11,5,4.214285714285714
강북구,2025-09-12,3,4.071428571428571
강북구,2025-09-13,12,4.357142857142857
강북구,2025-09-14,2,4.142857142857143
강북구,2025-09-15,3,4.285714285714286
강북구,2025-09-16,7,4.142857142857143
강북구,2025-09-17,2,4.214285714285714
강북구,2025-09-19,3,4.142857142857143
강북구,2025-09-20,8,4.0
강북구,2025-09-21,1,4.714285714285714
강북구,2025-09-22,3,4.285714285714286
강북구,2025-09-23,3,4.428571428571429
강북구,2025-09-24,4,4.5
강북구,2025-09-25,2,4.214285714285714
강북구,2025-09-26,3,4.785714285714286
강북구,2025-09-27,13,4.928571428571429
강북구,2025-09-29,6,4.571428571428571
강북구,2025-09-30,4,4.642857142857143
강북구,2025-10-01,4,4.928571428571429
강북구,2025-10-02,3,5.428571428571429
강북구,2025-10-03,10,5.928571428571429
강북구,2025-10-04,5,7.785714285714286
강북구,2025-10-09,3,7.857142857142857
강북구,2025-10-10,2,7.285714285714286
강북구,2025-10-11,7,8.214285714285714
강북구,2025-10-13,10,8.285714285714286
강북구,2025-10-14,11,8.071428571428571
강북구,2025-10-15,28,8.071428571428571
강북구,2025-10-16,4,7.428571428571429
강북구,2025-10-17,5,7.142857142857143
강북구,2025-10-18,19,7.0
강북구,2025-10-19,5,7.142857142857143
강북구,2025-10-20,1,6.928571428571429
강북구,2025-11-06,3,6.285714285714286
강북구,2025-11-07,1,5.571428571428571
강북구,2025-11-08,1,3.642857142857143
강북구,2025-11-09,1,3.5714285714285716
강북구,2025-11-10,4,3.5714285714285716
강북구,2025-11-12,4,2.357142857142857
강북구,2025-11-13,1,2.142857142857143
강북구,2025-11-14,1,2.4285714285714284
강북구,2025-11-16,1,2.642857142857143
강북구,2025-11-18,3,2.9285714285714284
강북구,2025-11-19,5,3.357142857142857
강북구,2025-11-20,2,3.5
강북구,2025-11-21,2,3.5
강북구,2025-11-22,5,4.0
강북구,2025-11-24,6,4.142857142857143
강북구,2025-11-25,5,4.285714285714286
강북구,2025-11-26,7,4.428571428571429
강북구,2025-11-27,3,4.714285714285714
강북구,2025-11-28,4,5.214285714285714
강북구,2025-11-29,11,5.142857142857143
강북구,2025-12-01,3,5.357142857142857
강북구,2025-12-03,3,5.214285714285714
강북구,2025-12-04,3,5.142857142857143
강북구,2025-12-05,7,5.0
강북구,2025-12-06,12,4.785714285714286
강북구,2025-12-07,1,5.071428571428571
강북구,2025-12-08,5,5.0
강북구,2025-12-09,3,4.642857142857143
강북구,2025-12-10,5,4.5
강북구,2025-12-11,3,4.5
강북구,2025-12-12,4,4.642857142857143
강북구,2025-12-13,7,4.857142857142857
강북구,2025-12-15,3,4.071428571428571
강북구,2025-12-16,6,4.285714285714286
강북구,2025-12-17,1,4.0
강북구,2025-12-18,3,4.0
강북구,2025-12-19,5,3.857142857142857
강북구,2025-12-20,10,3.7142857142857144
강북구,2025-12-22,1,3.5
강북구,2025-12-23,4,3.4285714285714284
강북구,2025-12-24,1,3.5714285714285716
강북구,2025-12-25,3,3.5
강북구,2025-12-26,3,3.857142857142857
강북구,2025-12-27,1,4.285714285714286
강북구,2025-12-28,1,4.142857142857143
강북구,2025-12-29,6,3.857142857142857
강북구,2025-12-30,5,4.142857142857143
강북구,2025-12-31,5,4.428571428571429
강북구,2026-01-02,6,4.428571428571429
강북구,2026-01-03,9,4.428571428571429
강북구,2026-01-05,3,4.428571428571429
강북구,2026-01-06,6,4.785714285714286
강북구,2026-01-07,5,4.785714285714286
강북구,2026-01-08,8,4.5
강북구,2026-01-09,1,4.357142857142857
강북구,2026-01-10,3,5.0
강북구,2026-01-12,3,4.642857142857143
강북구,2026-01-13,6,4.428571428571429
강북구,2026-01-14,1,4.428571428571429
강북구,2026-01-15,2,4.642857142857143
강북구,2026-01-16,3,5.142857142857143
강북구,2026-01-17,14,4.714285714285714
강북구,2026-01-19,1,5.142857142857143
강북구,2026-01-20,6,5.071428571428571
강북구,2026-01-21,3,5.0
강북구,2026-01-22,9,4.857142857142857
강북구,2026-01-24,12,5.142857142857143
강북구,2026-01-26,2,5.071428571428571
강북구,2026-01-27,7,5.071428571428571
강북구,2026-01-28,2,4.285714285714286
강북구,2026-01-29,2,4.642857142857143
강북구,2026-01-30,4,4.785714285714286
강북구,2026-01-31,5,4.857142857142857
강북구,2026-02-01,1,5.142857142857143
강북구,2026-02-02,3,4.5
강북구,2026-02-03,3,5.071428571428571
강북구,2026-02-04,6,5.214285714285714
강북구,2026-02-05,8,5.357142857142857
강북구,2026-02-06,4,6.142857142857143
강북구,2026-02-07,13,6.428571428571429
강북구,2026-02-08,3,6.5
강북구,2026-02-09,10,6.5
강북구,2026-02-10,9,6.857142857142857
강북구,2026-02-11,4,7.357142857142857
강북구,2026-02-12,13,7.285714285714286
강북구,2026-02-13,8,7.142857142857143
강북구,2026-02-14,6,7.285714285714286
강북구,2026-02-18,1,7.0
강북구,2026-02-19,8,7.285714285714286
강북구,2026-02-20,10,7.0
강북구,2026-02-21,5,7.071428571428571
강북구,2026-02-23,6,7.0
강북구,2026-02-24,6,6.214285714285714
강북구,2026-02-25,9,5.857142857142857
강북구,2026-02-26,7,5.5
강북구,2026-02-27,6,5.714285714285714
강북구,2026-02-28,10,5.928571428571429
강북구,2026-03-02,3,5.285714285714286
강북구,2026-03-03,2,5.428571428571429
강북구,2026-03-04,3,5.357142857142857
강북구,2026-03-05,1,5.5
강북구,2026-03-06,4,5.071428571428571
강북구,2026-03-07,11,4.928571428571429
강북구,2026-03-08,1,4.785714285714286
강북구,2026-03-09,7,4.285714285714286
강북구,2026-03-10,5,4.642857142857143
강북구,2026-03-11,8,5.0
강북구,2026-03-12,3,5.357142857142857
강북구,2026-03-13,5,5.714285714285714
강북구,2026-03-14,4,6.285714285714286
강북구,2026-03-16,3,5.642857142857143
강북구,2026-03-17,8,5.714285714285714
강북구,2026-03-18,7,5.428571428571429
강북구,2026-03-19,8,5.285714285714286
강북구,2026-03-20,6,5.142857142857143
강북구,2026-03-21,12,5.857142857142857
강북구,2026-03-23,2,5.571428571428571
강북구,2026-03-24,2,5.642857142857143
강북구,2026-03-25,3,5.714285714285714
강북구,2026-03-26,3,5.571428571428571
강북구,2026-03-27,6,5.5
강북구,2026-03-28,13,5.357142857142857
강북구,2026-03-29,1,5.357142857142857
강북구,2026-03-30,5,4.857142857142857
강북구,2026-03-31,4,5.357142857142857
강북구,2026-04-01,6,5.928571428571429
강북구,2026-04-02,6,6.0
강북구,2026-04-03,6,6.214285714285714
강북구,2026-04-04,6,6.642857142857143
강북구,2026-04-06,5,6.285714285714286
강북구,2026-04-07,9,6.571428571428571
강북구,2026-04-08,10,6.6923076923076925
강북구,2026-04-09,4,6.916666666666667
강북구,2026-04-10,6,7.0
강북구,2026-04-11,12,7.1
강북구,2026-04-13,8,7.222222222222222
강북구,2026-04-14,5,7.375
강서구,2025-04-15,14,12.142857142857142
강서구,2025-04-16,12,13.0
강서구,2025-04-17,16,12.11111111111111
강서구,2025-04-18,14,12.7
강서구,2025-04-19,15,12.454545454545455
강서구,2025-04-20,3,12.833333333333334
강서구,2025-04-21,11,12.307692307692308
강서구,2025-04-22,19,12.285714285714286
강서구,2025-04-23,5,12.214285714285714
강서구,2025-04-24,18,12.428571428571429
강서구,2025-04-25,10,12.642857142857142
강서구,2025-04-26,17,12.571428571428571
강서구,2025-04-27,6,12.285714285714286
강서구,2025-04-28,12,12.214285714285714
강서구,2025-04-29,13,11.642857142857142
강서구,2025-04-30,15,10.857142857142858
강서구,2025-05-01,19,11.071428571428571
강서구,2025-05-02,13,10.642857142857142
강서구,2025-05-03,11,10.785714285714286
강서구,2025-05-04,2,10.928571428571429
강서구,2025-05-05,3,10.857142857142858
강서구,2025-05-06,8,10.928571428571429
강서구,2025-05-07,8,10.642857142857142
강서구,2025-05-08,12,10.785714285714286
강서구,2025-05-09,12,10.071428571428571
강서구,2025-05-10,19,10.0
강서구,2025-05-11,5,10.142857142857142
강서구,2025-05-12,13,10.357142857142858
강서구,2025-05-13,9,11.0
강서구,2025-05-14,17,11.571428571428571
강서구,2025-05-15,9,11.928571428571429
강서구,2025-05-16,12,11.714285714285714
강서구,2025-05-17,13,12.0
강서구,2025-05-18,5,12.357142857142858
강서구,2025-05-19,12,12.428571428571429
강서구,2025-05-20,16,12.5
강서구,2025-05-21,13,12.928571428571429
강서구,2025-05-22,9,12.928571428571429
강서구,2025-05-23,16,16.857142857142858
강서구,2025-05-24,24,16.571428571428573
강서구,2025-05-25,6,18.0
강서구,2025-05-26,14,17.928571428571427
강서구,2025-05-27,15,18.285714285714285
강서구,2025-05-28,17,19.0
강서구,2025-05-29,64,18.642857142857142
강서구,2025-05-30,8,19.428571428571427
강서구,2025-05-31,33,19.714285714285715
강서구,2025-06-01,4,19.071428571428573
강서구,2025-06-02,17,18.785714285714285
강서구,2025-06-03,26,19.5
강서구,2025-06-04,8,20.142857142857142
강서구,2025-06-05,20,19.928571428571427
강서구,2025-06-06,20,16.571428571428573
강서구,2025-06-07,15,17.428571428571427
강서구,2025-06-08,2,18.214285714285715
강서구,2025-06-09,24,18.5
강서구,2025-06-10,24,19.214285714285715
강서구,2025-06-11,14,18.857142857142858
강서구,2025-06-12,17,19.857142857142858
강서구,2025-06-13,20,19.5
강서구,2025-06-14,44,19.857142857142858
강서구,2025-06-15,8,21.071428571428573
강서구,2025-06-16,27,21.714285714285715
강서구,2025-06-17,21,21.5
강서구,2025-06-18,22,20.785714285714285
강서구,2025-06-19,15,21.5
강서구,2025-06-20,25,21.714285714285715
강서구,2025-06-21,32,22.714285714285715
강서구,2025-06-22,11,20.928571428571427
강서구,2025-06-23,21,20.571428571428573
강서구,2025-06-24,14,19.285714285714285
강서구,2025-06-25,24,19.5
강서구,2025-06-26,20,18.357142857142858
강서구,2025-06-27,34,18.357142857142858
강서구,2025-06-28,19,17.071428571428573
강서구,2025-06-29,3,15.571428571428571
강서구,2025-06-30,9,15.142857142857142
강서구,2025-07-01,24,14.0
강서구,2025-07-02,6,13.357142857142858
강서구,2025-07-03,15,12.142857142857142
강서구,2025-07-04,7,11.071428571428571
강서구,2025-07-05,11,9.357142857142858
강서구,2025-07-06,5,8.571428571428571
강서구,2025-07-07,5,8.428571428571429
강서구,2025-07-08,5,8.428571428571429
강서구,2025-07-09,7,7.142857142857143
강서구,2025-07-10,5,7.071428571428571
강서구,2025-07-11,10,6.714285714285714
강서구,2025-07-12,8,6.785714285714286
강서구,2025-07-13,1,6.642857142857143
강서구,2025-07-14,9,6.357142857142857
강서구,2025-07-15,6,6.357142857142857
강서구,2025-07-16,5,6.5
강서구,2025-07-17,10,6.5
강서구,2025-07-18,8,6.714285714285714
강서구,2025-07-19,9,6.571428571428571
강서구,2025-07-20,1,7.0
강서구,2025-07-21,5,7.071428571428571
강서구,2025-07-22,7,7.142857142857143
강서구,2025-07-23,7,7.0
강서구,2025-07-24,8,7.214285714285714
강서구,2025-07-25,8,6.857142857142857
강서구,2025-07-26,14,6.714285714285714
강서구,2025-07-27,2,6.428571428571429
강서구,2025-07-28,10,6.428571428571429
강서구,2025-07-29,4,6.5
강서구,2025-07-30,8,6.214285714285714
강서구,2025-07-31,5,6.142857142857143
강서구,2025-08-01,6,6.0
강서구,2025-08-02,5,5.785714285714286
강서구,2025-08-03,1,5.642857142857143
강서구,2025-08-04,6,6.214285714285714
강서구,2025-08-05,3,6.357142857142857
강서구,2025-08-06,6,6.714285714285714
강서구,2025-08-07,6,7.285714285714286
강서구,2025-08-08,5,7.714285714285714
강서구,2025-08-09,12,7.714285714285714
강서구,2025-08-11,10,7.428571428571429
강서구,2025-08-12,12,7.785714285714286
강서구,2025-08-13,9,7.928571428571429
강서구,2025-08-14,16,8.357142857142858
강서구,2025-08-15,11,8.714285714285714
강서구,2025-08-16,6,9.071428571428571
강서구,2025-08-17,1,10.142857142857142
강서구,2025-08-18,6,9.5
강서구,2025-08-19,8,9.785714285714286
강서구,2025-08-20,9,9.785714285714286
강서구,2025-08-21,11,9.714285714285714
강서구,2025-08-22,11,9.142857142857142
강서구,2025-08-23,20,9.142857142857142
강서구,2025-08-24,3,10.214285714285714
강서구,2025-08-25,14,10.642857142857142
강서구,2025-08-26,12,10.857142857142858
강서구,2025-08-27,8,11.0
강서구,2025-08-28,8,11.5
강서구,2025-08-29,11,11.571428571428571
강서구,2025-08-30,21,11.785714285714286
강서구,2025-08-31,7,12.142857142857142
강서구,2025-09-01,9,12.214285714285714
강서구,2025-09-02,10,12.357142857142858
강서구,2025-09-03,16,12.857142857142858
강서구,2025-09-04,12,13.214285714285714
강서구,2025-09-05,14,13.142857142857142
강서구,2025-09-06,25,13.928571428571429
강서구,2025-09-07,4,14.714285714285714
강서구,2025-09-08,16,14.5
강서구,2025-09-09,19,15.214285714285714
강서구,2025-09-10,13,15.928571428571429
강서구,2025-09-11,7,16.071428571428573
강서구,2025-09-12,22,16.357142857142858
강서구,2025-09-13,32,16.642857142857142
강서구,2025-09-14,4,16.928571428571427
강서구,2025-09-15,19,17.571428571428573
강서구,2025-09-16,20,18.142857142857142
강서구,2025-09-17,18,18.142857142857142
강서구,2025-09-18,16,19.142857142857142
강서구,2025-09-19,18,19.714285714285715
강서구,2025-09-20,29,20.571428571428573
강서구,2025-09-21,13,21.428571428571427
강서구,2025-09-22,24,22.0
강서구,2025-09-23,19,23.357142857142858
강서구,2025-09-24,27,24.428571428571427
강서구,2025-09-25,15,26.071428571428573
강서구,2025-09-26,34,27.785714285714285
강서구,2025-09-27,44,28.285714285714285
강서구,2025-09-28,12,26.642857142857142
강서구,2025-09-29,38,25.857142857142858
강서구,2025-09-30,35,24.214285714285715
강서구,2025-10-01,41,22.928571428571427
강서구,2025-10-02,40,21.642857142857142
강서구,2025-10-03,25,22.357142857142858
강서구,2025-10-04,6,24.214285714285715
강서구,2025-10-05,2,22.857142857142858
강서구,2025-10-07,1,24.357142857142858
강서구,2025-10-08,1,26.928571428571427
강서구,2025-10-09,9,31.071428571428573
강서구,2025-10-10,25,29.357142857142858
강서구,2025-10-11,60,29.214285714285715
강서구,2025-10-12,25,30.928571428571427
강서구,2025-10-13,33,33.357142857142854
강서구,2025-10-14,74,33.42857142857143
강서구,2025-10-15,93,33.5
강서구,2025-10-16,17,33.5
강서구,2025-10-17,38,32.92857142857143
강서구,2025-10-18,49,31.5
강서구,2025-10-19,40,27.428571428571427
강서구,2025-10-29,3,26.0
강서구,2025-10-31,2,23.785714285714285
강서구,2025-11-01,1,18.785714285714285
강서구,2025-11-03,1,12.214285714285714
강서구,2025-11-04,5,11.214285714285714
강서구,2025-11-05,3,8.928571428571429
강서구,2025-11-06,5,6.142857142857143
강서구,2025-11-07,2,4.071428571428571
강서구,2025-11-08,4,4.5
강서구,2025-11-09,1,4.714285714285714
강서구,2025-11-10,3,4.714285714285714
강서구,2025-11-11,6,5.357142857142857
강서구,2025-11-12,10,5.642857142857143
강서구,2025-11-13,11,5.785714285714286
강서구,2025-11-14,9,6.142857142857143
강서구,2025-11-15,5,6.928571428571429
강서구,2025-11-16,1,7.071428571428571
강서구,2025-11-17,10,7.285714285714286
강서구,2025-11-18,9,7.5
강서구,2025-11-19,5,7.428571428571429
강서구,2025-11-20,10,7.785714285714286
강서구,2025-11-21,13,7.285714285714286
강서구,2025-11-22,6,7.714285714285714
강서구,2025-11-23,4,8.0
강서구,2025-11-24,6,8.214285714285714
강서구,2025-11-25,5,8.357142857142858
강서구,2025-11-26,15,8.428571428571429
강서구,2025-11-27,4,9.071428571428571
강서구,2025-11-28,15,9.428571428571429
강서구,2025-11-29,9,9.357142857142858
강서구,2025-11-30,4,10.071428571428571
강서구,2025-12-01,12,9.857142857142858
강서구,2025-12-02,10,9.857142857142858
강서구,2025-12-03,14,10.428571428571429
강서구,2025-12-04,15,9.928571428571429
강서구,2025-12-05,12,10.928571428571429
강서구,2025-12-06,16,11.285714285714286
강서구,2025-12-07,1,11.928571428571429
강서구,2025-12-08,6,11.785714285714286
강서구,2025-12-09,13,11.642857142857142
강서구,2025-12-10,8,11.857142857142858
강서구,2025-12-11,18,11.5
강서구,2025-12-12,20,11.0
강서구,2025-12-13,18,10.785714285714286
강서구,2025-12-14,2,10.357142857142858
강서구,2025-12-15,10,10.357142857142858
강서구,2025-12-16,13,10.571428571428571
강서구,2025-12-17,9,10.5
강서구,2025-12-18,8,10.785714285714286
강서구,2025-12-19,9,9.857142857142858
강서구,2025-12-20,10,9.214285714285714
강서구,2025-12-21,1,8.142857142857142
강서구,2025-12-22,9,8.142857142857142
강서구,2025-12-23,12,8.071428571428571
강서구,2025-12-24,12,7.642857142857143
강서구,2025-12-25,5,7.214285714285714
강서구,2025-12-26,11,6.714285714285714
강서구,2025-12-27,3,6.357142857142857
강서구,2025-12-28,2,6.214285714285714
강서구,2025-12-29,9,6.285714285714286
강서구,2025-12-30,7,6.285714285714286
강서구,2025-12-31,3,6.428571428571429
강서구,2026-01-01,1,6.357142857142857
강서구,2026-01-02,4,6.571428571428571
강서구,2026-01-03,8,7.0
강서구,2026-01-04,2,8.357142857142858
강서구,2026-01-05,9,8.928571428571429
강서구,2026-01-06,14,8.857142857142858
강서구,2026-01-07,11,9.285714285714286
강서구,2026-01-08,8,9.785714285714286
강서구,2026-01-09,17,11.357142857142858
강서구,2026-01-10,22,12.0
강서구,2026-01-12,10,11.642857142857142
강서구,2026-01-13,8,12.285714285714286
강서구,2026-01-14,13,12.642857142857142
강서구,2026-01-15,10,13.142857142857142
강서구,2026-01-16,23,13.357142857142858
강서구,2026-01-17,13,13.785714285714286
강서구,2026-01-18,3,14.071428571428571
강서구,2026-01-19,11,12.714285714285714
강서구,2026-01-20,14,12.928571428571429
강서구,2026-01-21,21,12.857142857142858
강서구,2026-01-22,14,13.357142857142858
강서구,2026-01-23,14,13.785714285714286
강서구,2026-01-24,21,13.0
강서구,2026-01-25,3,13.714285714285714
강서구,2026-01-26,13,13.714285714285714
강서구,2026-01-27,7,13.785714285714286
강서구,2026-01-28,20,14.642857142857142
강서구,2026-01-29,16,14.071428571428571
강서구,2026-01-30,12,14.428571428571429
강서구,2026-01-31,23,15.0
강서구,2026-02-01,3,15.214285714285714
강서구,2026-02-02,12,15.285714285714286
강서구,2026-02-03,26,15.142857142857142
강서구,2026-02-04,13,16.214285714285715
강서구,2026-02-05,19,16.428571428571427
강서구,2026-02-06,22,16.571428571428573
강서구,2026-02-07,24,17.285714285714285
강서구,2026-02-08,4,17.285714285714285
강서구,2026-02-09,11,17.214285714285715
강서구,2026-02-10,22,16.428571428571427
강서구,2026-02-11,23,16.0
강서구,2026-02-12,18,16.857142857142858
강서구,2026-02-13,22,16.5
강서구,2026-02-14,23,15.142857142857142
강서구,2026-02-15,2,14.571428571428571
강서구,2026-02-16,1,15.357142857142858
강서구,2026-02-19,20,15.214285714285714
강서구,2026-02-20,25,14.428571428571429
강서구,2026-02-21,14,13.857142857142858
강서구,2026-02-22,3,14.142857142857142
강서구,2026-02-23,16,13.0
강서구,2026-02-24,15,12.357142857142858
강서구,2026-02-25,9,12.571428571428571
강서구,2026-02-26,11,13.285714285714286
강서구,2026-02-27,15,12.714285714285714
강서구,2026-02-28,22,12.5
강서구,2026-03-01,6,12.071428571428571
강서구,2026-03-02,14,12.5
강서구,2026-03-03,5,12.142857142857142
강서구,2026-03-04,11,11.642857142857142
강서구,2026-03-05,12,11.642857142857142
강서구,2026-03-06,22,11.5
강서구,2026-03-07,8,11.285714285714286
강서구,2026-03-08,9,10.928571428571429
강서구,2026-03-09,11,10.785714285714286
강서구,2026-03-10,8,10.357142857142858
강서구,2026-03-11,9,10.714285714285714
강서구,2026-03-12,9,10.285714285714286
강서구,2026-03-13,12,10.0
강서구,2026-03-14,17,9.642857142857142
강서구,2026-03-15,4,9.642857142857142
강서구,2026-03-16,8,9.071428571428571
강서구,2026-03-17,10,8.928571428571429
강서구,2026-03-18,5,9.357142857142858
강서구,2026-03-19,8,9.785714285714286
강서구,2026-03-20,17,9.785714285714286
강서구,2026-03-21,8,10.285714285714286
강서구,2026-03-22,1,11.5
강서구,2026-03-23,9,11.714285714285714
강서구,2026-03-24,14,12.642857142857142
강서구,2026-03-25,15,12.857142857142858
강서구,2026-03-26,9,13.5
강서구,2026-03-27,19,14.571428571428571
강서구,2026-03-28,34,14.857142857142858
강서구,2026-03-29,7,15.785714285714286
강서구,2026-03-30,21,16.0
강서구,2026-03-31,13,16.785714285714285
강서구,2026-04-01,14,16.5
강서구,2026-04-02,23,16.928571428571427
강서구,2026-04-03,21,17.785714285714285
강서구,2026-04-04,21,18.214285714285715
강서구,2026-04-05,4,18.285714285714285
강서구,2026-04-06,20,18.214285714285715
강서구,2026-04-07,10,17.714285714285715
강서구,2026-04-08,21,18.142857142857142
강서구,2026-04-09,21,18.46153846153846
강서구,2026-04-10,25,18.083333333333332
강서구,2026-04-11,35,17.818181818181817
강서구,2026-04-12,6,17.5
강서구,2026-04-13,14,19.0
강서구,2026-04-14,19,18.875
관악구,2025-04-15,6,6.0
관악구,2025-04-16,3,6.625
관악구,2025-04-17,6,6.444444444444445
관악구,2025-04-18,3,6.1
관악구,2025-04-19,19,5.818181818181818
관악구,2025-04-20,1,6.416666666666667
관악구,2025-04-21,4,6.153846153846154
관악구,2025-04-22,11,6.357142857142857
관악구,2025-04-23,5,6.071428571428571
관악구,2025-04-24,3,6.285714285714286
관악구,2025-04-25,3,6.071428571428571
관악구,2025-04-26,13,6.0
관악구,2025-04-27,3,5.428571428571429
관악구,2025-04-28,9,5.5
관악구,2025-04-29,2,5.571428571428571
관악구,2025-04-30,6,5.071428571428571
관악구,2025-05-01,3,5.142857142857143
관악구,2025-05-02,2,5.214285714285714
관악구,2025-05-03,11,5.428571428571429
관악구,2025-05-04,2,5.857142857142857
관악구,2025-05-05,5,5.714285714285714
관악구,2025-05-06,4,5.571428571428571
관악구,2025-05-07,6,5.928571428571429
관악구,2025-05-08,4,5.857142857142857
관악구,2025-05-09,6,6.214285714285714
관악구,2025-05-10,19,6.714285714285714
관악구,2025-05-11,1,6.928571428571429
관악구,2025-05-12,7,6.857142857142857
관악구,2025-05-13,7,7.071428571428571
관악구,2025-05-14,5,7.285714285714286
관악구,2025-05-15,8,7.214285714285714
관악구,2025-05-16,9,7.357142857142857
관악구,2025-05-17,14,7.285714285714286
관악구,2025-05-18,1,7.214285714285714
관악구,2025-05-19,8,7.214285714285714
관악구,2025-05-20,7,7.0
관악구,2025-05-21,5,6.785714285714286
관악구,2025-05-22,6,7.071428571428571
관악구,2025-05-23,5,6.785714285714286
관악구,2025-05-24,18,6.571428571428571
관악구,2025-05-25,1,7.0
관악구,2025-05-26,4,7.0
관악구,2025-05-27,4,6.857142857142857
관악구,2025-05-28,9,7.214285714285714
관악구,2025-05-29,4,7.071428571428571
관악구,2025-05-30,6,7.285714285714286
관악구,2025-05-31,20,7.785714285714286
관악구,2025-06-01,1,7.428571428571429
관악구,2025-06-02,6,7.714285714285714
관악구,2025-06-03,12,7.642857142857143
관악구,2025-06-04,3,7.857142857142857
관악구,2025-06-05,9,7.928571428571429
관악구,2025-06-06,12,8.214285714285714
관악구,2025-06-07,13,8.642857142857142
관악구,2025-06-08,5,8.857142857142858
관악구,2025-06-09,3,9.071428571428571
관악구,2025-06-10,7,9.428571428571429
관악구,2025-06-11,10,9.357142857142858
관악구,2025-06-12,8,9.642857142857142
관악구,2025-06-13,12,9.714285714285714
관악구,2025-06-14,23,9.357142857142858
관악구,2025-06-15,4,10.285714285714286
관악구,2025-06-16,11,10.214285714285714
관악구,2025-06-17,11,10.857142857142858
관악구,2025-06-18,7,11.357142857142858
관악구,2025-06-19,10,11.5
관악구,2025-06-20,7,11.714285714285714
관악구,2025-06-21,26,12.0
관악구,2025-06-22,4,11.5
관악구,2025-06-23,12,11.428571428571429
관악구,2025-06-24,14,11.142857142857142
관악구,2025-06-25,12,10.642857142857142
관악구,2025-06-26,11,10.428571428571429
관악구,2025-06-27,16,10.071428571428571
관악구,2025-06-28,16,9.928571428571429
관악구,2025-06-29,3,9.0
관악구,2025-06-30,7,8.928571428571429
관악구,2025-07-01,4,8.285714285714286
관악구,2025-07-02,4,7.428571428571429
관악구,2025-07-03,5,6.642857142857143
관악구,2025-07-04,5,6.285714285714286
관악구,2025-07-05,13,5.428571428571429
관악구,2025-07-06,3,5.5
관악구,2025-07-07,3,5.714285714285714
관악구,2025-07-08,2,5.5
관악구,2025-07-09,1,5.714285714285714
관악구,2025-07-10,6,5.714285714285714
관악구,2025-07-11,4,5.5
관악구,2025-07-12,17,5.571428571428571
관악구,2025-07-14,6,4.785714285714286
관악구,2025-07-15,4,4.785714285714286
관악구,2025-07-16,7,4.928571428571429
관악구,2025-07-17,4,4.928571428571429
관악구,2025-07-18,2,5.0
관악구,2025-07-19,6,4.642857142857143
관악구,2025-07-20,2,4.928571428571429
관악구,2025-07-21,3,3.7857142857142856
관악구,2025-07-22,5,3.7142857142857144
관악구,2025-07-23,2,3.857142857142857
관악구,2025-07-24,2,3.7142857142857144
관악구,2025-07-25,1,3.857142857142857
관악구,2025-07-26,8,3.857142857142857
관악구,2025-07-27,1,3.7857142857142856
관악구,2025-07-28,5,3.7142857142857144
관악구,2025-07-29,6,3.7857142857142856
관악구,2025-07-30,5,3.7142857142857144
관악구,2025-07-31,6,3.642857142857143
관악구,2025-08-01,2,3.857142857142857
관악구,2025-08-02,5,4.142857142857143
관악구,2025-08-03,1,4.0
관악구,2025-08-04,4,4.0
관악구,2025-08-05,4,3.9285714285714284
관악구,2025-08-06,1,3.642857142857143
관악구,2025-08-07,5,3.5714285714285716
관악구,2025-08-08,5,3.357142857142857
관악구,2025-08-09,6,3.5714285714285716
관악구,2025-08-10,1,3.4285714285714284
관악구,2025-08-11,4,3.5714285714285716
관악구,2025-08-12,2,3.4285714285714284
관악구,2025-08-13,4,3.2857142857142856
관악구,2025-08-14,3,3.4285714285714284
관악구,2025-08-15,5,3.2857142857142856
관악구,2025-08-16,3,4.428571428571429
관악구,2025-08-18,3,4.357142857142857
관악구,2025-08-19,2,4.785714285714286
관악구,2025-08-20,2,4.785714285714286
관악구,2025-08-21,3,4.785714285714286
관악구,2025-08-22,3,4.857142857142857
관악구,2025-08-23,21,5.071428571428571
관악구,2025-08-24,5,5.857142857142857
관악구,2025-08-25,7,5.857142857142857
관악구,2025-08-26,4,6.285714285714286
관악구,2025-08-27,2,6.428571428571429
관악구,2025-08-28,5,6.5
관악구,2025-08-29,6,6.5
관악구,2025-08-30,16,6.928571428571429
관악구,2025-08-31,3,6.785714285714286
관악구,2025-09-01,9,6.642857142857143
관악구,2025-09-02,4,6.642857142857143
관악구,2025-09-03,3,6.5
관악구,2025-09-04,3,6.642857142857143
관악구,2025-09-05,9,6.714285714285714
관악구,2025-09-06,19,6.785714285714286
관악구,2025-09-07,3,7.214285714285714
관악구,2025-09-08,7,7.214285714285714
관악구,2025-09-09,2,6.928571428571429
관악구,2025-09-10,4,7.0
관악구,2025-09-11,6,7.714285714285714
관악구,2025-09-12,7,8.071428571428571
관악구,2025-09-13,22,8.785714285714286
관악구,2025-09-14,3,9.571428571428571
관악구,2025-09-15,5,9.714285714285714
관악구,2025-09-16,5,9.642857142857142
관악구,2025-09-17,13,10.142857142857142
관악구,2025-09-18,8,10.142857142857142
관악구,2025-09-19,19,10.5
관악구,2025-09-20,30,11.0
관악구,2025-09-21,5,11.285714285714286
관악구,2025-09-22,6,11.357142857142858
관악구,2025-09-23,9,11.928571428571429
관악구,2025-09-24,4,12.714285714285714
관악구,2025-09-25,11,12.142857142857142
관악구,2025-09-26,14,12.642857142857142
관악구,2025-09-27,26,12.142857142857142
관악구,2025-09-28,4,10.5
관악구,2025-09-29,13,10.285714285714286
관악구,2025-09-30,16,10.5
관악구,2025-10-01,5,11.5
관악구,2025-10-02,15,11.857142857142858
관악구,2025-10-03,12,12.214285714285714
관악구,2025-10-04,7,13.357142857142858
관악구,2025-10-09,2,16.5
관악구,2025-10-10,9,17.0
관악구,2025-10-11,23,17.214285714285715
관악구,2025-10-12,9,18.571428571428573
관악구,2025-10-13,16,19.785714285714285
관악구,2025-10-14,30,18.785714285714285
관악구,2025-10-15,70,18.0
관악구,2025-10-16,11,17.571428571428573
관악구,2025-10-17,16,17.5
관악구,2025-10-18,35,16.928571428571427
관악구,2025-10-19,22,15.357142857142858
관악구,2025-10-28,1,14.785714285714286
관악구,2025-10-29,1,13.714285714285714
관악구,2025-10-30,1,11.714285714285714
관악구,2025-10-31,1,6.785714285714286
관악구,2025-11-01,1,6.071428571428571
관악구,2025-11-02,1,5.071428571428571
관악구,2025-11-06,1,2.7142857142857144
관악구,2025-11-07,1,1.2857142857142858
관악구,2025-11-08,2,1.2857142857142858
관악구,2025-11-10,1,1.2857142857142858
관악구,2025-11-11,1,1.7857142857142858
관악구,2025-11-12,2,2.0714285714285716
관악구,2025-11-13,2,2.4285714285714284
관악구,2025-11-14,2,2.5
관악구,2025-11-15,1,2.7857142857142856
관악구,2025-11-17,1,3.0
관악구,2025-11-18,8,3.0714285714285716
관악구,2025-11-19,5,3.5
관악구,2025-11-20,6,3.857142857142857
관악구,2025-11-21,2,4.0
관악구,2025-11-22,5,4.571428571428571
관악구,2025-11-23,4,6.0
관악구,2025-11-24,3,6.0
관악구,2025-11-25,7,6.285714285714286
관악구,2025-11-26,6,6.142857142857143
관악구,2025-11-27,4,6.071428571428571
관악구,2025-11-28,10,5.928571428571429
관악구,2025-11-29,22,6.142857142857143
관악구,2025-11-30,1,6.285714285714286
관악구,2025-12-01,5,6.357142857142857
관악구,2025-12-02,6,6.285714285714286
관악구,2025-12-03,4,6.0
관악구,2025-12-04,4,5.857142857142857
관악구,2025-12-05,5,5.785714285714286
관악구,2025-12-06,7,5.642857142857143
관악구,2025-12-07,5,5.571428571428571
관악구,2025-12-08,2,5.571428571428571
관악구,2025-12-09,3,5.714285714285714
관악구,2025-12-10,4,5.785714285714286
관악구,2025-12-11,3,5.714285714285714
관악구,2025-12-12,8,5.857142857142857
관악구,2025-12-13,21,5.857142857142857
관악구,2025-12-14,1,6.0
관악구,2025-12-15,7,6.0
관악구,2025-12-16,7,6.142857142857143
관악구,2025-12-17,3,6.071428571428571
관악구,2025-12-18,6,5.857142857142857
관악구,2025-12-19,5,6.5
관악구,2025-12-20,9,6.785714285714286
관악구,2025-12-22,5,5.357142857142857
관악구,2025-12-23,4,5.5
관악구,2025-12-24,2,5.285714285714286
관악구,2025-12-25,1,5.0
관악구,2025-12-26,12,4.928571428571429
관악구,2025-12-27,12,4.785714285714286
관악구,2025-12-28,1,4.785714285714286
관악구,2025-12-29,3,4.428571428571429
관악구,2025-12-30,4,4.428571428571429
관악구,2025-12-31,3,4.428571428571429
관악구,2026-01-02,2,4.571428571428571
관악구,2026-01-03,4,5.285714285714286
관악구,2026-01-05,5,4.571428571428571
관악구,2026-01-06,4,4.214285714285714
관악구,2026-01-07,5,4.857142857142857
관악구,2026-01-08,4,5.071428571428571
관악구,2026-01-09,4,5.071428571428571
관악구,2026-01-10,11,5.357142857142857
관악구,2026-01-11,2,5.928571428571429
관악구,2026-01-12,7,5.928571428571429
관악구,2026-01-13,10,5.928571428571429
관악구,2026-01-14,6,6.285714285714286
관악구,2026-01-15,4,6.428571428571429
관악구,2026-01-16,7,6.5
관악구,2026-01-17,10,6.714285714285714
관악구,2026-01-18,4,7.0
관악구,2026-01-19,5,7.0
관악구,2026-01-20,9,7.0
관악구,2026-01-21,7,7.0
관악구,2026-01-22,5,6.928571428571429
관악구,2026-01-23,7,7.0
관악구,2026-01-24,15,7.0
관악구,2026-01-25,2,7.642857142857143
관악구,2026-01-26,7,7.5
관악구,2026-01-27,10,7.857142857142857
관악구,2026-01-28,5,7.714285714285714
관악구,2026-01-29,5,8.0
관악구,2026-01-30,7,8.857142857142858
관악구,2026-01-31,19,9.571428571428571
관악구,2026-02-01,2,10.0
관악구,2026-02-02,10,10.071428571428571
관악구,2026-02-03,7,10.785714285714286
관악구,2026-02-04,11,10.785714285714286
관악구,2026-02-05,17,10.928571428571429
관악구,2026-02-06,17,10.857142857142858
관악구,2026-02-07,21,11.071428571428571
관악구,2026-02-08,3,10.428571428571429
관악구,2026-02-09,17,10.857142857142858
관악구,2026-02-10,10,11.0
관악구,2026-02-11,7,11.571428571428571
관악구,2026-02-12,4,10.928571428571429
관악구,2026-02-13,10,10.142857142857142
관악구,2026-02-14,10,9.285714285714286
관악구,2026-02-19,8,8.5
관악구,2026-02-20,12,8.428571428571429
관악구,2026-02-21,15,7.785714285714286
관악구,2026-02-22,2,7.357142857142857
관악구,2026-02-23,6,7.071428571428571
관악구,2026-02-24,5,7.214285714285714
관악구,2026-02-25,10,6.928571428571429
관악구,2026-02-26,2,6.428571428571429
관악구,2026-02-27,8,6.285714285714286
관악구,2026-02-28,4,5.642857142857143
관악구,2026-03-01,3,5.642857142857143
관악구,2026-03-02,6,5.714285714285714
관악구,2026-03-03,6,5.714285714285714
관악구,2026-03-04,3,5.5
관악구,2026-03-05,6,5.142857142857143
관악구,2026-03-06,3,5.571428571428571
관악구,2026-03-07,15,5.857142857142857
관악구,2026-03-08,3,6.5
관악구,2026-03-09,6,6.571428571428571
관악구,2026-03-10,2,6.428571428571429
관악구,2026-03-11,5,6.571428571428571
관악구,2026-03-12,8,7.142857142857143
관악구,2026-03-13,12,7.285714285714286
관악구,2026-03-14,13,7.5
관악구,2026-03-15,4,7.642857142857143
관악구,2026-03-16,4,7.785714285714286
관악구,2026-03-17,8,7.785714285714286
관악구,2026-03-18,11,8.214285714285714
관악구,2026-03-19,8,8.285714285714286
관악구,2026-03-20,6,8.214285714285714
관악구,2026-03-21,17,8.214285714285714
관악구,2026-03-23,5,7.571428571428571
관악구,2026-03-24,6,8.0
관악구,2026-03-25,8,8.285714285714286
관악구,2026-03-26,6,8.142857142857142
관악구,2026-03-27,7,7.928571428571429
관악구,2026-03-28,12,8.0
관악구,2026-03-29,4,8.714285714285714
관악구,2026-03-30,10,7.571428571428571
관악구,2026-03-31,8,7.571428571428571
관악구,2026-04-01,6,7.785714285714286
관악구,2026-04-02,8,8.071428571428571
관악구,2026-04-03,9,8.0
관악구,2026-04-04,16,7.785714285714286
관악구,2026-04-05,1,8.285714285714286
관악구,2026-04-06,5,8.357142857142858
관악구,2026-04-07,9,8.214285714285714
관악구,2026-04-08,12,8.285714285714286
관악구,2026-04-09,5,8.461538461538462
관악구,2026-04-10,4,8.5
관악구,2026-04-11,19,8.454545454545455
관악구,2026-04-12,5,7.7
관악구,2026-04-13,8,8.444444444444445
관악구,2026-04-14,9,8.875
광진구,2025-04-15,4,6.0
광진구,2025-04-16,10,5.625
광진구,2025-04-17,5,5.333333333333333
광진구,2025-04-18,6,5.4
광진구,2025-04-19,9,5.7272727272727275
광진구,2025-04-20,1,5.583333333333333
광진구,2025-04-22,7,5.461538461538462
광진구,2025-04-23,3,5.928571428571429
광진구,2025-04-24,3,5.928571428571429
광진구,2025-04-25,6,5.928571428571429
광진구,2025-04-26,9,6.285714285714286
광진구,2025-04-27,4,6.357142857142857
광진구,2025-04-28,4,5.928571428571429
광진구,2025-04-29,12,6.0
광진구,2025-04-30,4,5.571428571428571
광진구,2025-05-01,10,5.642857142857143
광진구,2025-05-02,10,6.071428571428571
광진구,2025-05-03,7,6.142857142857143
광진구,2025-05-04,3,6.285714285714286
광진구,2025-05-05,2,6.142857142857143
광진구,2025-05-06,1,6.142857142857143
광진구,2025-05-07,4,5.785714285714286
광진구,2025-05-08,9,5.642857142857143
광진구,2025-05-09,7,5.214285714285714
광진구,2025-05-10,11,5.0
광진구,2025-05-11,2,5.571428571428571
광진구,2025-05-12,4,5.5
광진구,2025-05-13,7,5.928571428571429
광진구,2025-05-14,2,6.357142857142857
광진구,2025-05-15,4,6.714285714285714
광진구,2025-05-16,7,6.571428571428571
광진구,2025-05-17,15,6.428571428571429
광진구,2025-05-18,2,7.071428571428571
광진구,2025-05-19,8,7.071428571428571
광진구,2025-05-20,7,7.214285714285714
광진구,2025-05-21,9,7.357142857142857
광진구,2025-05-22,7,7.857142857142857
광진구,2025-05-23,5,8.428571428571429
광진구,2025-05-24,20,8.571428571428571
광진구,2025-05-25,2,8.571428571428571
광진구,2025-05-26,6,8.571428571428571
광진구,2025-05-27,9,8.214285714285714
광진구,2025-05-28,9,9.142857142857142
광진구,2025-05-29,12,9.0
광진구,2025-05-30,9,9.142857142857142
광진구,2025-05-31,15,9.428571428571429
광진구,2025-06-01,2,9.071428571428571
광진구,2025-06-02,3,9.0
광진구,2025-06-03,20,9.357142857142858
광진구,2025-06-04,7,9.357142857142858
광진구,2025-06-05,9,9.642857142857142
광진구,2025-06-06,9,9.5
광진구,2025-06-07,15,9.785714285714286
광진구,2025-06-08,1,10.642857142857142
광진구,2025-06-09,11,10.857142857142858
광진구,2025-06-10,9,11.142857142857142
광진구,2025-06-11,13,10.714285714285714
광진구,2025-06-12,10,10.928571428571429
광진구,2025-06-13,13,11.428571428571429
광진구,2025-06-14,27,12.071428571428571
광진구,2025-06-15,5,12.928571428571429
광진구,2025-06-16,7,13.214285714285714
광진구,2025-06-17,14,13.142857142857142
광진구,2025-06-18,10,13.285714285714286
광진구,2025-06-19,16,13.142857142857142
광진구,2025-06-20,18,12.928571428571429
광진구,2025-06-21,27,13.785714285714286
광진구,2025-06-22,5,12.214285714285714
광진구,2025-06-23,10,11.928571428571429
광진구,2025-06-24,11,11.642857142857142
광진구,2025-06-25,11,11.285714285714286
광진구,2025-06-26,7,10.714285714285714
광진구,2025-06-27,25,10.0
광진구,2025-06-28,5,8.785714285714286
광진구,2025-06-29,1,7.357142857142857
광진구,2025-06-30,3,7.071428571428571
광진구,2025-07-01,9,6.571428571428571
광진구,2025-07-02,2,5.857142857142857
광진구,2025-07-03,6,5.142857142857143
광진구,2025-07-04,1,4.928571428571429
광진구,2025-07-05,7,3.2142857142857144
광진구,2025-07-06,1,3.2142857142857144
광진구,2025-07-07,3,3.2142857142857144
광진구,2025-07-08,1,3.142857142857143
광진구,2025-07-09,1,2.5714285714285716
광진구,2025-07-10,4,2.5714285714285716
광진구,2025-07-11,1,2.2142857142857144
광진구,2025-07-12,5,2.357142857142857
광진구,2025-07-13,1,2.0
광진구,2025-07-14,2,2.2857142857142856
광진구,2025-07-15,1,2.2857142857142856
광진구,2025-07-16,2,2.357142857142857
광진구,2025-07-17,1,2.642857142857143
광진구,2025-07-19,3,2.4285714285714284
광진구,2025-07-22,2,2.5
광진구,2025-07-23,5,2.2857142857142856
광진구,2025-07-24,3,2.357142857142857
광진구,2025-07-25,2,2.357142857142857
광진구,2025-07-26,5,2.357142857142857
광진구,2025-07-28,1,2.2857142857142856
광진구,2025-07-31,2,2.4285714285714284
광진구,2025-08-01,2,2.642857142857143
광진구,2025-08-02,2,2.642857142857143
광진구,2025-08-04,2,2.5714285714285716
광진구,2025-08-05,1,2.5714285714285716
광진구,2025-08-07,1,2.5714285714285716
광진구,2025-08-08,3,2.357142857142857
광진구,2025-08-09,6,2.5
광진구,2025-08-10,2,2.642857142857143
광진구,2025-08-11,4,2.642857142857143
광진구,2025-08-12,3,2.9285714285714284
광진구,2025-08-13,2,2.857142857142857
광진구,2025-08-14,2,3.142857142857143
광진구,2025-08-15,3,3.4285714285714284
광진구,2025-08-16,4,3.7142857142857144
광진구,2025-08-18,2,3.357142857142857
광진구,2025-08-19,6,3.4285714285714284
광진구,2025-08-20,1,3.5
광진구,2025-08-21,5,3.5714285714285716
광진구,2025-08-22,5,3.7142857142857144
광진구,2025-08-23,7,3.9285714285714284
광진구,2025-08-24,1,4.5
광진구,2025-08-25,3,4.285714285714286
광진구,2025-08-26,5,4.428571428571429
광진구,2025-08-27,4,4.285714285714286
광진구,2025-08-28,4,4.714285714285714
광진구,2025-08-29,5,4.928571428571429
광진구,2025-08-30,11,4.857142857142857
광진구,2025-08-31,1,5.357142857142857
광진구,2025-09-01,4,5.571428571428571
광진구,2025-09-02,4,5.785714285714286
광진구,2025-09-03,7,6.071428571428571
광진구,2025-09-04,8,6.5
광진구,2025-09-05,4,6.5
광진구,2025-09-06,14,6.857142857142857
광진구,2025-09-07,4,7.642857142857143
광진구,2025-09-08,6,8.142857142857142
광진구,2025-09-09,9,8.357142857142858
광진구,2025-09-10,10,8.642857142857142
광진구,2025-09-11,4,8.642857142857142
광진구,2025-09-12,10,8.785714285714286
광진구,2025-09-13,22,10.0
광진구,2025-09-15,8,9.214285714285714
광진구,2025-09-16,7,9.785714285714286
광진구,2025-09-17,8,10.357142857142858
광진구,2025-09-18,7,10.428571428571429
광진구,2025-09-19,10,11.071428571428571
광진구,2025-09-20,21,11.642857142857142
광진구,2025-09-21,3,12.428571428571429
광진구,2025-09-22,12,11.428571428571429
광진구,2025-09-23,14,11.642857142857142
광진구,2025-09-24,10,11.928571428571429
광진구,2025-09-25,19,12.642857142857142
광진구,2025-09-26,12,13.357142857142858
광진구,2025-09-27,21,13.428571428571429
광진구,2025-09-28,8,12.214285714285714
광진구,2025-09-29,11,12.071428571428571
광진구,2025-09-30,11,11.285714285714286
광진구,2025-10-01,18,10.357142857142858
광진구,2025-10-02,17,10.142857142857142
광진구,2025-10-03,11,9.571428571428571
광진구,2025-10-04,4,10.214285714285714
광진구,2025-10-05,1,9.071428571428571
광진구,2025-10-07,1,8.928571428571429
광진구,2025-10-08,1,9.214285714285714
광진구,2025-10-09,7,11.428571428571429
광진구,2025-10-10,11,10.571428571428571
광진구,2025-10-11,21,10.285714285714286
광진구,2025-10-12,5,10.785714285714286
광진구,2025-10-13,6,11.214285714285714
광진구,2025-10-14,15,13.785714285714286
광진구,2025-10-15,42,13.785714285714286
광진구,2025-10-16,6,13.857142857142858
광진구,2025-10-17,13,13.428571428571429
광진구,2025-10-18,18,12.785714285714286
광진구,2025-10-19,10,11.357142857142858
광진구,2025-10-31,37,11.142857142857142
광진구,2025-11-03,1,10.928571428571429
광진구,2025-11-04,2,10.0
광진구,2025-11-06,1,7.142857142857143
광진구,2025-11-08,2,6.785714285714286
광진구,2025-11-10,1,5.928571428571429
광진구,2025-11-11,2,4.714285714285714
광진구,2025-11-13,3,4.071428571428571
광진구,2025-11-14,2,1.6428571428571428
광진구,2025-11-17,2,1.7142857142857142
광진구,2025-11-18,1,2.0
광진구,2025-11-19,1,2.0714285714285716
광진구,2025-11-21,1,2.0714285714285716
광진구,2025-11-22,1,2.0714285714285716
광진구,2025-11-24,3,2.142857142857143
광진구,2025-11-26,2,2.0
광진구,2025-11-27,6,1.9285714285714286
광진구,2025-11-28,2,2.2142857142857144
광진구,2025-11-29,2,2.4285714285714284
광진구,2025-11-30,1,2.4285714285714284
광진구,2025-12-02,3,2.642857142857143
광진구,2025-12-03,1,2.642857142857143
광진구,2025-12-04,1,2.642857142857143
광진구,2025-12-05,6,2.7857142857142856
광진구,2025-12-06,4,2.4285714285714284
광진구,2025-12-08,1,2.5
광진구,2025-12-10,4,2.7142857142857144
광진구,2025-12-11,1,2.857142857142857
광진구,2025-12-12,3,2.7142857142857144
광진구,2025-12-13,4,2.7857142857142856
광진구,2025-12-14,1,2.9285714285714284
광진구,2025-12-15,3,2.7142857142857144
광진구,2025-12-17,5,2.7142857142857144
광진구,2025-12-18,3,2.857142857142857
광진구,2025-12-19,1,2.7857142857142856
광진구,2025-12-20,2,2.7857142857142856
광진구,2025-12-22,3,2.7142857142857144
광진구,2025-12-23,3,2.5
광진구,2025-12-24,4,2.5714285714285716
광진구,2025-12-26,3,2.5
광진구,2025-12-27,3,2.4285714285714284
광진구,2025-12-28,1,2.2857142857142856
광진구,2025-12-29,2,2.357142857142857
광진구,2025-12-30,1,2.2857142857142856
광진구,2025-12-31,2,2.142857142857143
광진구,2026-01-02,2,2.142857142857143
광진구,2026-01-03,4,1.9285714285714286
광진구,2026-01-04,1,2.0
광진구,2026-01-05,2,1.8571428571428572
광진구,2026-01-06,1,1.8571428571428572
광진구,2026-01-07,1,2.0714285714285716
광진구,2026-01-08,3,2.142857142857143
광진구,2026-01-09,1,2.2857142857142856
광진구,2026-01-10,4,2.357142857142857
광진구,2026-01-12,1,2.357142857142857
광진구,2026-01-13,1,2.357142857142857
광진구,2026-01-14,5,2.2857142857142856
광진구,2026-01-15,2,2.7142857142857144
광진구,2026-01-16,4,2.857142857142857
광진구,2026-01-17,3,2.7857142857142856
광진구,2026-01-19,4,2.7857142857142856
광진구,2026-01-20,1,2.642857142857143
광진구,2026-01-21,1,2.7857142857142856
광진구,2026-01-23,7,2.857142857142857
광진구,2026-01-24,3,2.7142857142857144
광진구,2026-01-25,2,2.857142857142857
광진구,2026-01-26,1,3.0
광진구,2026-01-27,2,3.0
광진구,2026-01-29,3,3.2857142857142856
광진구,2026-01-30,2,3.5
광진구,2026-01-31,3,4.142857142857143
광진구,2026-02-02,4,4.142857142857143
광진구,2026-02-03,6,4.214285714285714
광진구,2026-02-04,3,4.357142857142857
광진구,2026-02-05,8,4.642857142857143
광진구,2026-02-06,4,4.857142857142857
광진구,2026-02-07,10,4.714285714285714
광진구,2026-02-09,7,4.642857142857143
광진구,2026-02-10,4,4.714285714285714
광진구,2026-02-11,4,4.5
광진구,2026-02-12,5,4.214285714285714
광진구,2026-02-13,5,4.214285714285714
광진구,2026-02-14,1,3.857142857142857
광진구,2026-02-19,1,3.7142857142857144
광진구,2026-02-21,4,3.142857142857143
광진구,2026-02-23,1,2.7142857142857144
광진구,2026-02-24,2,2.5
광진구,2026-02-25,3,2.2857142857142856
광진구,2026-02-26,3,2.0
광진구,2026-02-28,2,1.7142857142857142
광진구,2026-03-03,2,1.7142857142857142
광진구,2026-03-04,1,1.8571428571428572
광진구,2026-03-06,1,1.6428571428571428
광진구,2026-03-09,1,1.6428571428571428
광진구,2026-03-11,1,1.7142857142857142
광진구,2026-03-12,1,1.5714285714285714
광진구,2026-03-13,1,1.5714285714285714
광진구,2026-03-14,3,1.5714285714285714
광진구,2026-03-15,1,1.7857142857142858
광진구,2026-03-16,1,2.142857142857143
광진구,2026-03-17,3,2.2857142857142856
광진구,2026-03-18,1,2.5714285714285716
광진구,2026-03-19,3,2.5714285714285716
광진구,2026-03-20,2,2.857142857142857
광진구,2026-03-21,5,3.142857142857143
광진구,2026-03-23,6,3.142857142857143
광진구,2026-03-24,3,3.2142857142857144
광진구,2026-03-25,5,3.4285714285714284
광진구,2026-03-26,1,3.7142857142857144
광진구,2026-03-27,5,3.7142857142857144
광진구,2026-03-28,5,4.0
광진구,2026-03-30,3,4.071428571428571
광진구,2026-03-31,2,4.0
광진구,2026-04-01,4,3.642857142857143
광진구,2026-04-02,7,3.9285714285714284
광진구,2026-04-03,1,3.857142857142857
광진구,2026-04-04,7,4.142857142857143
광진구,2026-04-06,3,3.857142857142857
광진구,2026-04-07,4,3.9285714285714284
광진구,2026-04-08,1,3.857142857142857
광진구,2026-04-09,7,4.0
광진구,2026-04-10,4,4.0
광진구,2026-04-11,5,3.727272727272727
광진구,2026-04-12,1,4.0
광진구,2026-04-13,6,3.6666666666666665
광진구,2026-04-14,2,3.75
구로구,2025-04-15,8,11.285714285714286
구로구,2025-04-16,11,10.75
구로구,2025-04-17,10,10.222222222222221
구로구,2025-04-18,20,9.6
구로구,2025-04-19,19,9.363636363636363
구로구,2025-04-20,5,9.833333333333334
구로구,2025-04-21,6,9.384615384615385
구로구,2025-04-22,7,9.428571428571429
구로구,2025-04-23,6,9.571428571428571
구로구,2025-04-24,4,9.785714285714286
구로구,2025-04-25,7,9.928571428571429
구로구,2025-04-26,15,9.214285714285714
구로구,2025-04-27,4,8.642857142857142
구로구,2025-04-28,10,8.642857142857142
구로구,2025-04-29,10,8.714285714285714
구로구,2025-04-30,14,8.785714285714286
구로구,2025-05-01,12,9.071428571428571
구로구,2025-05-02,10,9.571428571428571
구로구,2025-05-03,11,10.357142857142858
구로구,2025-05-05,5,9.571428571428571
구로구,2025-05-06,7,10.142857142857142
구로구,2025-05-07,8,10.357142857142858
구로구,2025-05-08,10,10.357142857142858
구로구,2025-05-09,11,9.785714285714286
구로구,2025-05-10,18,9.5
구로구,2025-05-11,4,9.5
구로구,2025-05-12,12,9.428571428571429
구로구,2025-05-13,13,9.857142857142858
구로구,2025-05-14,10,10.0
구로구,2025-05-15,6,9.714285714285714
구로구,2025-05-16,8,9.642857142857142
구로구,2025-05-17,10,9.785714285714286
구로구,2025-05-18,10,10.285714285714286
구로구,2025-05-19,11,10.214285714285714
구로구,2025-05-20,9,10.142857142857142
구로구,2025-05-21,4,9.857142857142858
구로구,2025-05-22,9,9.642857142857142
구로구,2025-05-23,13,14.0
구로구,2025-05-24,25,14.285714285714286
구로구,2025-05-25,3,15.0
구로구,2025-05-26,11,14.428571428571429
구로구,2025-05-27,9,14.285714285714286
구로구,2025-05-28,7,14.714285714285714
구로구,2025-05-29,67,15.571428571428571
구로구,2025-05-30,12,15.714285714285714
구로구,2025-05-31,20,15.714285714285714
구로구,2025-06-01,2,14.928571428571429
구로구,2025-06-02,9,14.928571428571429
구로구,2025-06-03,15,15.428571428571429
구로구,2025-06-04,16,15.357142857142858
구로구,2025-06-05,11,15.714285714285714
구로구,2025-06-06,13,12.285714285714286
구로구,2025-06-07,14,12.571428571428571
구로구,2025-06-08,3,13.285714285714286
구로구,2025-06-09,18,13.642857142857142
구로구,2025-06-10,8,14.214285714285714
구로구,2025-06-11,12,14.571428571428571
구로구,2025-06-12,19,14.428571428571429
구로구,2025-06-13,16,15.357142857142858
구로구,2025-06-14,30,15.928571428571429
구로구,2025-06-15,7,17.357142857142858
구로구,2025-06-16,17,17.714285714285715
구로구,2025-06-17,20,17.857142857142858
구로구,2025-06-18,14,18.642857142857142
구로구,2025-06-19,24,18.714285714285715
구로구,2025-06-20,21,18.285714285714285
구로구,2025-06-21,34,18.571428571428573
구로구,2025-06-22,8,17.785714285714285
구로구,2025-06-23,20,17.571428571428573
구로구,2025-06-24,19,16.857142857142858
구로구,2025-06-25,13,15.928571428571429
구로구,2025-06-26,13,15.714285714285714
구로구,2025-06-27,20,14.571428571428571
구로구,2025-06-28,19,13.571428571428571
구로구,2025-06-29,4,12.0
구로구,2025-06-30,7,11.642857142857142
구로구,2025-07-01,7,10.714285714285714
구로구,2025-07-02,11,10.071428571428571
구로구,2025-07-03,8,9.428571428571429
구로구,2025-07-04,7,9.0
구로구,2025-07-05,12,8.357142857142858
구로구,2025-07-06,3,7.785714285714286
구로구,2025-07-07,7,7.714285714285714
구로구,2025-07-08,10,7.642857142857143
구로구,2025-07-09,4,7.642857142857143
구로구,2025-07-10,7,7.071428571428571
구로구,2025-07-11,11,7.0
구로구,2025-07-12,11,7.142857142857143
구로구,2025-07-13,3,7.357142857142857
구로구,2025-07-14,6,7.428571428571429
구로구,2025-07-15,7,7.428571428571429
구로구,2025-07-16,3,7.0
구로구,2025-07-17,7,7.0
구로구,2025-07-18,9,7.142857142857143
구로구,2025-07-19,15,6.571428571428571
구로구,2025-07-20,4,6.214285714285714
구로구,2025-07-21,7,6.071428571428571
구로구,2025-07-22,4,6.142857142857143
구로구,2025-07-23,4,5.928571428571429
구로구,2025-07-24,9,5.785714285714286
구로구,2025-07-25,3,5.5
구로구,2025-07-26,6,4.928571428571429
구로구,2025-07-27,1,4.0
구로구,2025-07-28,7,3.857142857142857
구로구,2025-07-29,4,3.4285714285714284
구로구,2025-07-30,1,3.642857142857143
구로구,2025-07-31,3,3.7857142857142856
구로구,2025-08-01,1,3.7857142857142856
구로구,2025-08-02,2,3.9285714285714284
구로구,2025-08-03,2,4.428571428571429
구로구,2025-08-04,1,4.428571428571429
구로구,2025-08-05,7,4.357142857142857
구로구,2025-08-06,6,4.785714285714286
구로구,2025-08-07,9,5.285714285714286
구로구,2025-08-08,5,5.428571428571429
구로구,2025-08-09,13,5.928571428571429
구로구,2025-08-10,1,6.428571428571429
구로구,2025-08-11,6,6.357142857142857
구로구,2025-08-12,10,6.857142857142857
구로구,2025-08-13,8,6.928571428571429
구로구,2025-08-14,5,6.928571428571429
구로구,2025-08-15,8,6.928571428571429
구로구,2025-08-16,9,6.857142857142857
구로구,2025-08-17,1,7.357142857142857
구로구,2025-08-18,8,7.642857142857143
구로구,2025-08-19,8,7.785714285714286
구로구,2025-08-20,6,7.285714285714286
구로구,2025-08-21,9,7.071428571428571
구로구,2025-08-22,4,7.214285714285714
구로구,2025-08-23,20,7.714285714285714
구로구,2025-08-24,5,8.571428571428571
구로구,2025-08-25,8,8.714285714285714
구로구,2025-08-26,3,8.642857142857142
구로구,2025-08-27,5,8.785714285714286
구로구,2025-08-28,7,9.357142857142858
구로구,2025-08-29,15,8.857142857142858
구로구,2025-08-30,21,9.214285714285714
구로구,2025-08-31,3,8.214285714285714
구로구,2025-09-01,7,8.0
구로구,2025-09-02,10,7.857142857142857
구로구,2025-09-03,14,8.357142857142858
구로구,2025-09-04,2,8.785714285714286
구로구,2025-09-05,9,8.928571428571429
구로구,2025-09-06,6,8.928571428571429
구로구,2025-09-07,2,8.642857142857142
구로구,2025-09-08,6,8.714285714285714
구로구,2025-09-09,10,9.0
구로구,2025-09-10,11,9.071428571428571
구로구,2025-09-11,9,9.0
구로구,2025-09-12,15,9.571428571428571
구로구,2025-09-13,17,10.071428571428571
구로구,2025-09-14,4,10.714285714285714
구로구,2025-09-15,11,11.071428571428571
구로구,2025-09-16,11,11.5
구로구,2025-09-17,13,11.642857142857142
구로구,2025-09-18,10,11.428571428571429
구로구,2025-09-19,16,11.357142857142858
구로구,2025-09-20,15,11.357142857142858
구로구,2025-09-21,7,12.0
구로구,2025-09-22,12,11.928571428571429
구로구,2025-09-23,12,12.642857142857142
구로구,2025-09-24,8,13.285714285714286
구로구,2025-09-25,8,13.142857142857142
구로구,2025-09-26,15,13.785714285714286
구로구,2025-09-27,26,13.428571428571429
구로구,2025-09-28,3,13.0
구로구,2025-09-29,21,12.571428571428571
구로구,2025-09-30,20,11.785714285714286
구로구,2025-10-01,11,11.214285714285714
구로구,2025-10-02,19,11.714285714285714
구로구,2025-10-03,11,13.714285714285714
구로구,2025-10-04,9,13.285714285714286
구로구,2025-10-05,1,13.0
구로구,2025-10-06,1,15.785714285714286
구로구,2025-10-09,4,18.642857142857142
구로구,2025-10-10,15,18.214285714285715
구로구,2025-10-11,36,18.571428571428573
구로구,2025-10-12,9,20.142857142857142
구로구,2025-10-13,22,20.571428571428573
구로구,2025-10-14,42,20.0
구로구,2025-10-15,61,20.0
구로구,2025-10-16,14,20.0
구로구,2025-10-17,16,19.857142857142858
구로구,2025-10-18,41,18.857142857142858
구로구,2025-10-19,17,16.428571428571427
구로구,2025-10-23,1,15.857142857142858
구로구,2025-10-24,1,14.428571428571429
구로구,2025-10-28,1,11.571428571428571
구로구,2025-10-30,2,7.428571428571429
구로구,2025-10-31,1,6.5
구로구,2025-11-01,2,5.5
구로구,2025-11-02,1,2.9285714285714284
구로구,2025-11-03,2,1.7857142857142858
구로구,2025-11-04,2,1.7857142857142858
구로구,2025-11-05,3,1.8571428571428572
구로구,2025-11-06,1,1.8571428571428572
구로구,2025-11-07,2,2.5714285714285716
구로구,2025-11-08,5,2.9285714285714284
구로구,2025-11-09,1,2.857142857142857
구로구,2025-11-10,1,3.5
구로구,2025-11-12,2,4.0
구로구,2025-11-13,1,4.142857142857143
구로구,2025-11-14,12,4.428571428571429
구로구,2025-11-15,6,5.571428571428571
구로구,2025-11-16,1,6.714285714285714
구로구,2025-11-17,10,6.5
구로구,2025-11-18,9,6.857142857142857
구로구,2025-11-19,4,7.428571428571429
구로구,2025-11-20,7,8.142857142857142
구로구,2025-11-21,17,8.428571428571429
구로구,2025-11-22,18,8.0
구로구,2025-11-23,2,8.571428571428571
구로구,2025-11-24,6,8.571428571428571
구로구,2025-11-25,9,8.428571428571429
구로구,2025-11-26,12,8.357142857142858
구로구,2025-11-27,5,9.071428571428571
구로구,2025-11-28,6,9.142857142857142
구로구,2025-11-29,14,8.571428571428571
구로구,2025-11-30,1,8.071428571428571
구로구,2025-12-01,8,8.142857142857142
구로구,2025-12-02,8,8.214285714285714
구로구,2025-12-03,14,8.214285714285714
구로구,2025-12-04,8,7.642857142857143
구로구,2025-12-05,9,7.928571428571429
구로구,2025-12-06,11,8.357142857142858
구로구,2025-12-07,3,8.285714285714286
구로구,2025-12-08,7,8.428571428571429
구로구,2025-12-09,9,8.857142857142858
구로구,2025-12-10,4,8.928571428571429
구로구,2025-12-11,9,8.571428571428571
구로구,2025-12-12,12,8.928571428571429
구로구,2025-12-13,13,9.357142857142858
구로구,2025-12-14,3,10.071428571428571
구로구,2025-12-15,14,10.142857142857142
구로구,2025-12-16,9,10.0
구로구,2025-12-17,9,10.071428571428571
구로구,2025-12-18,13,10.428571428571429
구로구,2025-12-19,15,10.0
구로구,2025-12-20,21,9.785714285714286
구로구,2025-12-21,4,9.214285714285714
구로구,2025-12-22,5,9.214285714285714
구로구,2025-12-23,10,8.928571428571429
구로구,2025-12-24,9,9.071428571428571
구로구,2025-12-25,3,8.928571428571429
구로구,2025-12-26,9,8.285714285714286
구로구,2025-12-27,5,7.785714285714286
구로구,2025-12-28,3,7.142857142857143
구로구,2025-12-29,10,7.5
구로구,2025-12-30,11,7.928571428571429
구로구,2025-12-31,7,7.5
구로구,2026-01-02,4,7.857142857142857
구로구,2026-01-03,8,8.071428571428571
구로구,2026-01-05,12,7.642857142857143
구로구,2026-01-06,9,8.142857142857142
구로구,2026-01-07,11,8.5
구로구,2026-01-08,4,8.571428571428571
구로구,2026-01-09,14,9.0
구로구,2026-01-10,6,9.428571428571429
구로구,2026-01-11,3,10.642857142857142
구로구,2026-01-12,12,10.428571428571429
구로구,2026-01-13,8,10.071428571428571
구로구,2026-01-14,11,10.0
구로구,2026-01-15,17,10.0
구로구,2026-01-16,13,10.428571428571429
구로구,2026-01-17,21,10.714285714285714
구로구,2026-01-18,5,11.357142857142858
구로구,2026-01-19,7,11.571428571428571
구로구,2026-01-20,8,11.428571428571429
구로구,2026-01-21,11,11.857142857142858
구로구,2026-01-22,10,11.714285714285714
구로구,2026-01-23,18,12.071428571428571
구로구,2026-01-24,15,12.285714285714286
구로구,2026-01-26,6,11.071428571428571
구로구,2026-01-27,10,11.785714285714286
구로구,2026-01-28,14,12.714285714285714
구로구,2026-01-29,9,13.071428571428571
구로구,2026-01-30,22,13.142857142857142
구로구,2026-01-31,16,13.357142857142858
구로구,2026-02-01,4,14.071428571428571
구로구,2026-02-02,15,13.714285714285714
구로구,2026-02-03,20,14.571428571428571
구로구,2026-02-04,13,15.214285714285714
구로구,2026-02-05,12,15.857142857142858
구로구,2026-02-06,13,16.571428571428573
구로구,2026-02-07,28,16.5
구로구,2026-02-08,10,17.214285714285715
구로구,2026-02-09,18,17.928571428571427
구로구,2026-02-10,19,17.857142857142858
구로구,2026-02-11,23,17.5
구로구,2026-02-12,19,16.714285714285715
구로구,2026-02-13,21,16.714285714285715
구로구,2026-02-14,26,17.142857142857142
구로구,2026-02-19,14,16.071428571428573
구로구,2026-02-20,14,16.5
구로구,2026-02-21,15,15.928571428571429
구로구,2026-02-22,2,15.428571428571429
구로구,2026-02-23,12,14.142857142857142
구로구,2026-02-24,19,13.357142857142858
구로구,2026-02-25,13,12.571428571428571
구로구,2026-02-26,16,11.285714285714286
구로구,2026-02-27,10,11.357142857142858
구로구,2026-02-28,12,11.5
구로구,2026-03-01,5,11.5
구로구,2026-03-02,8,11.5
구로구,2026-03-03,10,11.928571428571429
구로구,2026-03-04,8,11.357142857142858
구로구,2026-03-05,15,11.285714285714286
구로구,2026-03-06,16,11.071428571428571
구로구,2026-03-07,15,11.214285714285714
구로구,2026-03-08,2,12.0
구로구,2026-03-09,18,11.928571428571429
구로구,2026-03-10,11,11.785714285714286
구로구,2026-03-11,12,11.5
구로구,2026-03-12,13,11.857142857142858
구로구,2026-03-13,12,11.857142857142858
구로구,2026-03-14,23,11.714285714285714
구로구,2026-03-15,4,12.285714285714286
구로구,2026-03-16,6,12.571428571428571
구로구,2026-03-17,6,12.142857142857142
구로구,2026-03-18,13,12.357142857142858
구로구,2026-03-19,15,12.714285714285714
구로구,2026-03-20,14,12.571428571428571
구로구,2026-03-21,23,12.928571428571429
구로구,2026-03-22,6,12.928571428571429
구로구,2026-03-23,12,12.857142857142858
구로구,2026-03-24,14,13.142857142857142
구로구,2026-03-25,17,13.285714285714286
구로구,2026-03-26,11,13.285714285714286
구로구,2026-03-27,17,13.571428571428571
구로구,2026-03-28,23,14.357142857142858
구로구,2026-03-29,3,14.0
구로구,2026-03-30,10,13.785714285714286
구로구,2026-03-31,8,14.142857142857142
구로구,2026-04-01,13,14.071428571428571
구로구,2026-04-02,19,14.357142857142858
구로구,2026-04-03,25,14.5
구로구,2026-04-04,18,14.785714285714286
구로구,2026-04-05,3,14.5
구로구,2026-04-06,17,14.428571428571429
구로구,2026-04-07,13,14.928571428571429
구로구,2026-04-08,21,15.142857142857142
구로구,2026-04-09,13,15.307692307692308
구로구,2026-04-10,21,15.0
구로구,2026-04-11,19,14.090909090909092
구로구,2026-04-12,2,13.7
구로구,2026-04-13,17,14.88888888888889
구로구,2026-04-14,11,14.625
금천구,2025-04-16,1,2.4285714285714284
금천구,2025-04-17,1,2.5
금천구,2025-04-19,5,2.3333333333333335
금천구,2025-04-21,2,2.3
금천구,2025-04-22,5,2.272727272727273
금천구,2025-04-23,2,2.1666666666666665
금천구,2025-04-24,1,2.230769230769231
금천구,2025-04-26,3,2.2142857142857144
금천구,2025-04-27,1,2.5
금천구,2025-04-28,2,2.5714285714285716
금천구,2025-04-29,2,2.4285714285714284
금천구,2025-04-30,1,2.5
금천구,2025-05-01,3,2.357142857142857
금천구,2025-05-02,2,2.4285714285714284
금천구,2025-05-03,5,2.642857142857143
금천구,2025-05-04,2,2.5714285714285716
금천구,2025-05-06,3,2.642857142857143
금천구,2025-05-08,3,2.642857142857143
금천구,2025-05-09,3,2.642857142857143
금천구,2025-05-10,3,2.7142857142857144
금천구,2025-05-12,4,2.5714285714285716
금천구,2025-05-13,2,2.5
금천구,2025-05-14,2,2.4285714285714284
금천구,2025-05-17,2,2.5714285714285716
금천구,2025-05-18,2,2.4285714285714284
금천구,2025-05-19,2,2.2857142857142856
금천구,2025-05-20,1,2.4285714285714284
금천구,2025-05-21,1,2.357142857142857
금천구,2025-05-22,4,2.357142857142857
금천구,2025-05-23,4,2.4285714285714284
금천구,2025-05-24,1,2.5
금천구,2025-05-25,1,2.642857142857143
금천구,2025-05-26,5,2.7857142857142856
금천구,2025-05-27,2,2.857142857142857
금천구,2025-05-28,4,3.0714285714285716
금천구,2025-05-29,3,3.2857142857142856
금천구,2025-05-30,3,3.357142857142857
금천구,2025-05-31,4,3.4285714285714284
금천구,2025-06-01,4,3.4285714285714284
금천구,2025-06-02,3,3.857142857142857
금천구,2025-06-03,4,3.7142857142857144
금천구,2025-06-04,4,4.071428571428571
금천구,2025-06-05,5,4.071428571428571
금천구,2025-06-06,5,4.142857142857143
금천구,2025-06-08,1,4.5
금천구,2025-06-09,7,4.571428571428571
금천구,2025-06-10,3,4.428571428571429
금천구,2025-06-11,7,4.571428571428571
금천구,2025-06-12,4,4.357142857142857
금천구,2025-06-13,4,4.214285714285714
금천구,2025-06-14,8,4.071428571428571
금천구,2025-06-15,5,4.428571428571429
금천구,2025-06-16,2,4.5
금천구,2025-06-17,5,4.285714285714286
금천구,2025-06-18,1,4.428571428571429
금천구,2025-06-19,2,4.5
금천구,2025-06-20,3,4.785714285714286
금천구,2025-06-21,10,4.857142857142857
금천구,2025-06-22,2,4.642857142857143
금천구,2025-06-23,4,4.5
금천구,2025-06-24,5,4.428571428571429
금천구,2025-06-25,8,4.214285714285714
금천구,2025-06-26,8,4.285714285714286
금천구,2025-06-27,5,4.357142857142857
금천구,2025-06-28,5,4.285714285714286
금천구,2025-06-29,3,3.9285714285714284
금천구,2025-06-30,1,4.0
금천구,2025-07-01,2,3.857142857142857
금천구,2025-07-02,2,3.5714285714285716
금천구,2025-07-03,3,3.357142857142857
금천구,2025-07-04,2,3.0714285714285716
금천구,2025-07-05,5,2.7857142857142856
금천구,2025-07-07,3,2.5
금천구,2025-07-08,2,2.357142857142857
금천구,2025-07-09,1,2.5
금천구,2025-07-11,5,2.4285714285714284
금천구,2025-07-12,4,2.5
금천구,2025-07-14,1,2.4285714285714284
금천구,2025-07-15,1,2.5714285714285716
금천구,2025-07-17,1,2.5714285714285716
금천구,2025-07-18,3,2.5714285714285716
금천구,2025-07-21,1,2.5714285714285716
금천구,2025-07-22,3,2.7142857142857144
금천구,2025-07-23,2,2.4285714285714284
금천구,2025-07-25,4,2.357142857142857
금천구,2025-07-26,5,2.357142857142857
금천구,2025-07-28,3,2.5
금천구,2025-07-29,2,2.5
금천구,2025-07-31,3,2.5
금천구,2025-08-01,1,2.642857142857143
금천구,2025-08-02,3,2.5714285714285716
금천구,2025-08-03,1,2.7142857142857144
금천구,2025-08-04,3,2.5714285714285716
금천구,2025-08-07,1,2.5714285714285716
금천구,2025-08-08,3,2.4285714285714284
금천구,2025-08-09,3,2.7142857142857144
금천구,2025-08-11,2,2.5714285714285716
금천구,2025-08-12,4,2.642857142857143
금천구,2025-08-13,2,2.5714285714285716
금천구,2025-08-14,5,2.642857142857143
금천구,2025-08-15,1,2.7142857142857144
금천구,2025-08-16,6,2.7857142857142856
금천구,2025-08-17,1,2.7857142857142856
금천구,2025-08-19,2,2.7142857142857144
금천구,2025-08-20,2,2.642857142857143
금천구,2025-08-21,2,2.642857142857143
금천구,2025-08-23,4,2.5714285714285716
금천구,2025-08-24,2,2.642857142857143
금천구,2025-08-25,3,2.642857142857143
금천구,2025-08-26,2,2.4285714285714284
금천구,2025-08-27,1,2.857142857142857
금천구,2025-08-28,4,2.7857142857142856
금천구,2025-08-29,1,2.7142857142857144
금천구,2025-08-30,6,2.7142857142857144
금천구,2025-08-31,1,2.7142857142857144
금천구,2025-09-01,3,2.7857142857142856
금천구,2025-09-03,7,2.7857142857142856
금천구,2025-09-04,1,2.7857142857142856
금천구,2025-09-05,1,3.0
금천구,2025-09-06,2,2.9285714285714284
금천구,2025-09-07,4,3.0714285714285716
금천구,2025-09-08,3,2.7857142857142856
금천구,2025-09-09,3,2.857142857142857
금천구,2025-09-10,2,2.7857142857142856
금천구,2025-09-12,4,2.4285714285714284
금천구,2025-09-13,3,3.0
금천구,2025-09-14,3,3.0
금천구,2025-09-16,2,3.0714285714285716
금천구,2025-09-17,2,2.857142857142857
금천구,2025-09-18,2,2.9285714285714284
금천구,2025-09-19,2,3.142857142857143
금천구,2025-09-20,9,3.2142857142857144
금천구,2025-09-22,1,3.2857142857142856
금천구,2025-09-23,3,3.2857142857142856
금천구,2025-09-24,1,3.2857142857142856
금천구,2025-09-25,4,3.357142857142857
금천구,2025-09-26,6,3.357142857142857
금천구,2025-09-27,3,3.4285714285714284
금천구,2025-09-28,5,3.357142857142857
금천구,2025-09-29,3,3.0
금천구,2025-09-30,3,3.2857142857142856
금천구,2025-10-01,3,3.9285714285714284
금천구,2025-10-02,2,4.214285714285714
금천구,2025-10-04,3,4.642857142857143
금천구,2025-10-08,1,4.785714285714286
금천구,2025-10-09,4,5.785714285714286
금천구,2025-10-10,5,5.857142857142857
금천구,2025-10-11,12,5.928571428571429
금천구,2025-10-12,5,6.142857142857143
금천구,2025-10-13,10,6.285714285714286
금천구,2025-10-14,8,6.214285714285714
금천구,2025-10-15,17,6.071428571428571
금천구,2025-10-16,6,6.071428571428571
금천구,2025-10-17,4,5.857142857142857
금천구,2025-10-18,6,5.571428571428571
금천구,2025-10-19,5,4.857142857142857
금천구,2025-10-30,1,4.571428571428571
금천구,2025-10-31,1,4.0
금천구,2025-11-02,1,3.5
금천구,2025-11-03,1,2.357142857142857
금천구,2025-11-04,1,2.0714285714285716
금천구,2025-11-05,2,1.9285714285714286
금천구,2025-11-06,1,1.7857142857142858
금천구,2025-11-07,2,1.5714285714285714
금천구,2025-11-09,1,1.5714285714285714
금천구,2025-11-10,1,1.6428571428571428
금천구,2025-11-11,2,1.8571428571428572
금천구,2025-11-13,2,1.9285714285714286
금천구,2025-11-14,4,2.2142857142857144
금천구,2025-11-15,2,2.357142857142857
금천구,2025-11-16,1,2.5
금천구,2025-11-17,2,2.4285714285714284
금천구,2025-11-18,4,2.5714285714285716
금천구,2025-11-19,2,2.5714285714285716
금천구,2025-11-20,5,2.5
금천구,2025-11-21,4,2.4285714285714284
금천구,2025-11-22,3,2.357142857142857
금천구,2025-11-24,1,2.357142857142857
금천구,2025-11-25,3,2.5
금천구,2025-11-26,1,2.5714285714285716
금천구,2025-11-27,1,2.7142857142857144
금천구,2025-11-28,1,2.7142857142857144
금천구,2025-11-29,3,2.4285714285714284
금천구,2025-12-01,2,2.4285714285714284
금천구,2025-12-02,3,2.5714285714285716
금천구,2025-12-03,3,2.7857142857142856
금천구,2025-12-04,6,2.7142857142857144
금천구,2025-12-05,2,2.9285714285714284
금천구,2025-12-07,1,3.0714285714285716
금천구,2025-12-08,4,3.2142857142857144
금천구,2025-12-09,5,3.0714285714285716
금천구,2025-12-10,4,3.0714285714285716
금천구,2025-12-11,2,3.142857142857143
금천구,2025-12-12,4,3.0714285714285716
금천구,2025-12-13,3,3.2142857142857144
금천구,2025-12-15,3,3.357142857142857
금천구,2025-12-16,1,3.4285714285714284
금천구,2025-12-17,2,3.5
금천구,2025-12-18,4,3.2857142857142856
금천구,2025-12-19,2,3.142857142857143
금천구,2025-12-20,8,3.0714285714285716
금천구,2025-12-22,4,2.9285714285714284
금천구,2025-12-23,2,2.9285714285714284
금천구,2025-12-24,5,2.9285714285714284
금천구,2025-12-26,2,3.0714285714285716
금천구,2025-12-27,2,3.0714285714285716
금천구,2025-12-28,1,3.142857142857143
금천구,2025-12-29,2,3.0714285714285716
금천구,2025-12-30,3,2.9285714285714284
금천구,2026-01-02,3,3.7857142857142856
금천구,2026-01-03,3,3.857142857142857
금천구,2026-01-05,2,3.5714285714285716
금천구,2026-01-06,5,3.642857142857143
금천구,2026-01-08,1,3.7142857142857144
금천구,2026-01-09,6,3.7857142857142856
금천구,2026-01-10,16,4.142857142857143
금천구,2026-01-12,3,4.214285714285714
금천구,2026-01-13,1,4.071428571428571
금천구,2026-01-14,3,4.071428571428571
금천구,2026-01-15,3,4.071428571428571
금천구,2026-01-16,2,4.0
금천구,2026-01-17,7,4.714285714285714
금천구,2026-01-19,4,4.5
금천구,2026-01-20,1,3.5
금천구,2026-01-21,3,3.857142857142857
금천구,2026-01-22,2,4.5
금천구,2026-01-23,4,4.571428571428571
금천구,2026-01-24,11,4.642857142857143
금천구,2026-01-25,3,5.0
금천구,2026-01-26,2,4.928571428571429
금천구,2026-01-27,8,4.714285714285714
금천구,2026-01-28,10,5.142857142857143
금천구,2026-01-29,4,5.214285714285714
금천구,2026-01-30,4,5.285714285714286
금천구,2026-01-31,7,5.714285714285714
금천구,2026-02-02,6,5.142857142857143
금천구,2026-02-03,1,5.0
금천구,2026-02-04,7,5.285714285714286
금천구,2026-02-05,4,5.0
금천구,2026-02-06,3,4.428571428571429
금천구,2026-02-07,10,4.5
금천구,2026-02-09,3,4.571428571428571
금천구,2026-02-10,1,4.785714285714286
금천구,2026-02-11,6,4.785714285714286
금천구,2026-02-12,4,4.857142857142857
금천구,2026-02-13,2,4.642857142857143
금천구,2026-02-14,5,4.5
금천구,2026-02-19,5,4.5
금천구,2026-02-20,10,4.0
금천구,2026-02-21,6,4.214285714285714
금천구,2026-02-22,2,4.428571428571429
금천구,2026-02-23,4,4.142857142857143
금천구,2026-02-24,2,3.9285714285714284
금천구,2026-02-25,3,4.142857142857143
금천구,2026-02-26,3,4.0
금천구,2026-02-27,6,3.857142857142857
금천구,2026-02-28,4,3.4285714285714284
금천구,2026-03-01,2,3.2142857142857144
금천구,2026-03-02,1,3.142857142857143
금천구,2026-03-03,5,3.2142857142857144
금천구,2026-03-04,3,3.142857142857143
금천구,2026-03-05,3,3.142857142857143
금천구,2026-03-06,4,3.0
금천구,2026-03-07,3,3.2857142857142856
금천구,2026-03-08,1,3.0714285714285716
금천구,2026-03-09,5,3.142857142857143
금천구,2026-03-10,1,3.142857142857143
금천구,2026-03-12,3,3.0
금천구,2026-03-13,1,3.2142857142857144
금천구,2026-03-14,10,3.642857142857143
금천구,2026-03-15,1,3.857142857142857
금천구,2026-03-16,3,3.7857142857142856
금천구,2026-03-17,1,4.0
금천구,2026-03-18,3,3.857142857142857
금천구,2026-03-19,6,4.285714285714286
금천구,2026-03-20,9,4.357142857142857
금천구,2026-03-21,7,4.571428571428571
금천구,2026-03-22,2,4.428571428571429
금천구,2026-03-23,4,4.428571428571429
금천구,2026-03-24,3,4.714285714285714
금천구,2026-03-25,7,4.857142857142857
금천구,2026-03-26,4,4.928571428571429
금천구,2026-03-27,4,5.142857142857143
금천구,2026-03-28,8,5.357142857142857
금천구,2026-03-29,1,5.357142857142857
금천구,2026-03-30,7,5.428571428571429
금천구,2026-03-31,3,5.428571428571429
금천구,2026-04-01,4,5.285714285714286
금천구,2026-04-02,9,5.0
금천구,2026-04-03,12,5.071428571428571
금천구,2026-04-04,7,5.357142857142857
금천구,2026-04-05,3,5.428571428571429
금천구,2026-04-06,4,5.5
금천구,2026-04-07,1,5.5
금천구,2026-04-08,3,5.642857142857143
금천구,2026-04-09,5,5.769230769230769
금천구,2026-04-10,8,5.5
금천구,2026-04-11,9,4.909090909090909
금천구,2026-04-12,2,4.7
금천구,2026-04-13,7,4.888888888888889
금천구,2026-04-14,5,5.0
노원구,2025-04-15,12,13.0
노원구,2025-04-16,8,13.25
노원구,2025-04-17,12,13.88888888888889
노원구,2025-04-18,9,14.2
노원구,2025-04-19,27,13.909090909090908
노원구,2025-04-20,1,15.083333333333334
노원구,2025-04-21,22,14.23076923076923
노원구,2025-04-22,15,14.0
노원구,2025-04-23,19,14.428571428571429
노원구,2025-04-24,17,14.928571428571429
노원구,2025-04-25,11,15.571428571428571
노원구,2025-04-26,28,16.142857142857142
노원구,2025-04-27,4,15.928571428571429
노원구,2025-04-28,11,16.214285714285715
노원구,2025-04-29,18,15.142857142857142
노원구,2025-04-30,15,14.428571428571429
노원구,2025-05-01,21,14.0
노원구,2025-05-02,17,13.571428571428571
노원구,2025-05-03,24,14.785714285714286
노원구,2025-05-05,5,13.214285714285714
노원구,2025-05-06,7,14.285714285714286
노원구,2025-05-07,5,14.5
노원구,2025-05-08,13,14.571428571428571
노원구,2025-05-09,11,14.714285714285714
노원구,2025-05-10,28,14.428571428571429
노원구,2025-05-11,6,14.928571428571429
노원구,2025-05-12,19,13.571428571428571
노원구,2025-05-13,14,14.071428571428571
노원구,2025-05-14,19,14.785714285714286
노원구,2025-05-15,17,15.571428571428571
노원구,2025-05-16,17,15.5
노원구,2025-05-17,24,16.642857142857142
노원구,2025-05-18,5,18.071428571428573
노원구,2025-05-19,12,17.857142857142858
노원구,2025-05-20,17,17.571428571428573
노원구,2025-05-21,16,17.428571428571427
노원구,2025-05-22,12,17.714285714285715
노원구,2025-05-23,27,17.857142857142858
노원구,2025-05-24,48,18.5
노원구,2025-05-25,3,19.571428571428573
노원구,2025-05-26,15,19.642857142857142
노원구,2025-05-27,12,20.5
노원구,2025-05-28,23,20.857142857142858
노원구,2025-05-29,19,21.214285714285715
노원구,2025-05-30,26,21.642857142857142
노원구,2025-05-31,39,22.428571428571427
노원구,2025-06-01,6,21.071428571428573
노원구,2025-06-02,24,21.142857142857142
노원구,2025-06-03,22,21.071428571428573
노원구,2025-06-04,21,21.714285714285715
노원구,2025-06-05,18,21.642857142857142
노원구,2025-06-06,38,22.285714285714285
노원구,2025-06-07,29,22.857142857142858
노원구,2025-06-08,4,24.285714285714285
노원구,2025-06-09,14,24.214285714285715
노원구,2025-06-10,21,24.357142857142858
노원구,2025-06-11,22,25.071428571428573
노원구,2025-06-12,28,26.0
노원구,2025-06-13,34,27.214285714285715
노원구,2025-06-14,59,27.142857142857142
노원구,2025-06-15,5,29.285714285714285
노원구,2025-06-16,26,29.571428571428573
노원구,2025-06-17,32,31.0
노원구,2025-06-18,34,32.0
노원구,2025-06-19,35,32.214285714285715
노원구,2025-06-20,37,32.0
노원구,2025-06-21,59,33.214285714285715
노원구,2025-06-22,8,31.571428571428573
노원구,2025-06-23,34,31.5
노원구,2025-06-24,35,30.785714285714285
노원구,2025-06-25,25,29.714285714285715
노원구,2025-06-26,25,27.857142857142858
노원구,2025-06-27,51,26.214285714285715
노원구,2025-06-28,36,24.428571428571427
노원구,2025-06-29,4,21.5
노원구,2025-06-30,16,21.142857142857142
노원구,2025-07-01,17,19.5
노원구,2025-07-02,8,17.785714285714285
노원구,2025-07-03,12,16.5
노원구,2025-07-04,12,15.142857142857142
노원구,2025-07-05,18,12.071428571428571
노원구,2025-07-06,3,11.142857142857142
노원구,2025-07-07,11,11.0
노원구,2025-07-08,11,10.571428571428571
노원구,2025-07-09,7,10.285714285714286
노원구,2025-07-10,6,10.142857142857142
노원구,2025-07-11,8,9.785714285714286
노원구,2025-07-12,23,9.785714285714286
노원구,2025-07-13,2,9.571428571428571
노원구,2025-07-14,10,9.571428571428571
노원구,2025-07-15,13,9.5
노원구,2025-07-16,6,9.428571428571429
노원구,2025-07-17,7,9.571428571428571
노원구,2025-07-18,12,9.785714285714286
노원구,2025-07-19,15,9.571428571428571
노원구,2025-07-20,3,9.571428571428571
노원구,2025-07-21,10,9.642857142857142
노원구,2025-07-22,10,9.785714285714286
노원구,2025-07-23,9,9.714285714285714
노원구,2025-07-24,9,9.928571428571429
노원구,2025-07-25,5,10.071428571428571
노원구,2025-07-26,23,9.5
노원구,2025-07-27,3,8.928571428571429
노원구,2025-07-28,12,8.928571428571429
노원구,2025-07-29,12,8.642857142857142
노원구,2025-07-30,9,8.357142857142858
노원구,2025-07-31,9,8.142857142857142
노원구,2025-08-01,4,8.214285714285714
노원구,2025-08-02,7,8.785714285714286
노원구,2025-08-03,3,8.571428571428571
노원구,2025-08-04,6,8.5
노원구,2025-08-05,6,8.285714285714286
노원구,2025-08-06,6,8.071428571428571
노원구,2025-08-07,10,8.285714285714286
노원구,2025-08-08,13,8.714285714285714
노원구,2025-08-09,20,9.428571428571429
노원구,2025-08-10,2,9.928571428571429
노원구,2025-08-11,9,10.571428571428571
노원구,2025-08-12,9,11.428571428571429
노원구,2025-08-13,12,12.142857142857142
노원구,2025-08-14,15,12.642857142857142
노원구,2025-08-15,14,13.071428571428571
노원구,2025-08-16,14,14.428571428571429
노원구,2025-08-18,12,13.357142857142858
노원구,2025-08-19,18,14.357142857142858
노원구,2025-08-20,16,14.642857142857142
노원구,2025-08-21,13,15.142857142857142
노원구,2025-08-22,16,15.142857142857142
노원구,2025-08-23,32,15.0
노원구,2025-08-24,5,16.142857142857142
노원구,2025-08-25,16,15.285714285714286
노원구,2025-08-26,13,14.857142857142858
노원구,2025-08-27,16,14.714285714285714
노원구,2025-08-28,12,14.428571428571429
노원구,2025-08-29,13,14.642857142857142
노원구,2025-08-30,30,15.0
노원구,2025-08-31,2,14.571428571428571
노원구,2025-09-01,6,14.428571428571429
노원구,2025-09-02,16,14.285714285714286
노원구,2025-09-03,12,14.357142857142858
노원구,2025-09-04,16,14.214285714285714
노원구,2025-09-05,21,14.714285714285714
노원구,2025-09-06,26,15.214285714285714
노원구,2025-09-07,3,15.071428571428571
노원구,2025-09-08,14,15.285714285714286
노원구,2025-09-09,14,16.214285714285715
노원구,2025-09-10,14,16.357142857142858
노원구,2025-09-11,19,16.571428571428573
노원구,2025-09-12,20,17.571428571428573
노원구,2025-09-13,28,17.357142857142858
노원구,2025-09-14,5,17.5
노원구,2025-09-15,19,17.785714285714285
노원구,2025-09-16,18,17.928571428571427
노원구,2025-09-17,15,18.642857142857142
노원구,2025-09-18,30,19.142857142857142
노원구,2025-09-19,18,19.428571428571427
노원구,2025-09-20,28,19.785714285714285
노원구,2025-09-21,7,20.714285714285715
노원구,2025-09-22,16,21.285714285714285
노원구,2025-09-23,24,22.357142857142858
노원구,2025-09-24,21,22.571428571428573
노원구,2025-09-25,23,24.714285714285715
노원구,2025-09-26,25,24.428571428571427
노원구,2025-09-27,41,25.357142857142858
노원구,2025-09-28,13,24.285714285714285
노원구,2025-09-29,34,23.857142857142858
노원구,2025-09-30,21,22.857142857142858
노원구,2025-10-01,45,21.357142857142858
노원구,2025-10-02,26,20.357142857142858
노원구,2025-10-03,31,20.714285714285715
노원구,2025-10-04,13,23.357142857142858
노원구,2025-10-05,1,21.214285714285715
노원구,2025-10-06,2,23.214285714285715
노원구,2025-10-07,3,26.0
노원구,2025-10-09,7,32.57142857142857
노원구,2025-10-10,28,31.571428571428573
노원구,2025-10-11,62,33.0
노원구,2025-10-12,11,36.07142857142857
노원구,2025-10-13,41,37.357142857142854
노원구,2025-10-14,73,37.714285714285715
노원구,2025-10-15,113,37.92857142857143
노원구,2025-10-16,31,37.857142857142854
노원구,2025-10-17,46,37.42857142857143
노원구,2025-10-18,74,36.0
노원구,2025-10-19,31,32.07142857142857
노원구,2025-11-07,6,32.142857142857146
노원구,2025-11-08,5,29.785714285714285
노원구,2025-11-10,2,24.642857142857142
노원구,2025-11-11,1,17.071428571428573
노원구,2025-11-12,8,16.0
노원구,2025-11-13,7,14.571428571428571
노원구,2025-11-14,12,10.857142857142858
노원구,2025-11-15,8,9.928571428571429
노원구,2025-11-16,1,10.857142857142858
노원구,2025-11-17,7,11.214285714285714
노원구,2025-11-18,16,11.428571428571429
노원구,2025-11-19,26,12.142857142857142
노원구,2025-11-20,22,12.285714285714286
노원구,2025-11-21,18,13.142857142857142
노원구,2025-11-22,19,13.571428571428571
노원구,2025-11-24,10,13.071428571428571
노원구,2025-11-25,5,14.357142857142858
노원구,2025-11-26,11,14.928571428571429
노원구,2025-11-27,10,14.714285714285714
노원구,2025-11-28,19,13.928571428571429
노원구,2025-11-29,18,13.5
노원구,2025-11-30,1,13.785714285714286
노원구,2025-12-01,19,12.5
노원구,2025-12-02,15,12.428571428571429
노원구,2025-12-03,13,13.285714285714286
노원구,2025-12-04,15,13.285714285714286
노원구,2025-12-05,16,14.142857142857142
노원구,2025-12-06,22,14.142857142857142
노원구,2025-12-07,1,15.071428571428571
노원구,2025-12-08,9,15.214285714285714
노원구,2025-12-09,17,14.857142857142858
노원구,2025-12-10,11,14.928571428571429
노원구,2025-12-11,22,15.5
노원구,2025-12-12,19,16.571428571428573
노원구,2025-12-13,31,16.785714285714285
노원구,2025-12-14,3,16.785714285714285
노원구,2025-12-15,14,16.928571428571427
노원구,2025-12-16,16,17.428571428571427
노원구,2025-12-17,21,17.357142857142858
노원구,2025-12-18,30,17.5
노원구,2025-12-19,19,16.428571428571427
노원구,2025-12-20,22,17.071428571428573
노원구,2025-12-21,3,16.0
노원구,2025-12-22,16,15.928571428571429
노원구,2025-12-23,16,15.714285714285714
노원구,2025-12-24,13,16.214285714285715
노원구,2025-12-25,7,15.928571428571429
노원구,2025-12-26,28,13.928571428571429
노원구,2025-12-27,16,13.357142857142858
노원구,2025-12-28,2,12.642857142857142
노원구,2025-12-29,11,12.642857142857142
노원구,2025-12-30,23,12.357142857142858
노원구,2025-12-31,17,12.285714285714286
노원구,2026-01-01,2,13.142857142857142
노원구,2026-01-02,11,13.5
노원구,2026-01-03,12,13.0
노원구,2026-01-04,3,13.714285714285714
노원구,2026-01-05,12,14.071428571428571
노원구,2026-01-06,15,13.714285714285714
노원구,2026-01-07,25,13.071428571428571
노원구,2026-01-08,12,13.071428571428571
노원구,2026-01-09,21,13.928571428571429
노원구,2026-01-10,26,14.714285714285714
노원구,2026-01-11,7,15.857142857142858
노원구,2026-01-12,6,16.142857142857142
노원구,2026-01-13,14,16.714285714285715
노원구,2026-01-14,17,17.0
노원구,2026-01-15,14,16.857142857142858
노원구,2026-01-16,22,17.714285714285715
노원구,2026-01-17,28,18.0
노원구,2026-01-18,7,18.071428571428573
노원구,2026-01-19,20,17.714285714285715
노원구,2026-01-20,19,18.642857142857142
노원구,2026-01-21,23,18.357142857142858
노원구,2026-01-22,24,18.428571428571427
노원구,2026-01-23,25,19.714285714285715
노원구,2026-01-24,27,19.714285714285715
노원구,2026-01-25,2,19.785714285714285
노원구,2026-01-26,19,19.428571428571427
노원구,2026-01-27,10,19.214285714285715
노원구,2026-01-28,18,22.0
노원구,2026-01-29,32,21.928571428571427
노원구,2026-01-30,22,21.285714285714285
노원구,2026-01-31,29,22.642857142857142
노원구,2026-02-01,2,24.285714285714285
노원구,2026-02-02,17,24.357142857142858
노원구,2026-02-03,58,25.071428571428573
노원구,2026-02-04,22,27.214285714285715
노원구,2026-02-05,15,28.857142857142858
노원구,2026-02-06,44,29.642857142857142
노원구,2026-02-07,50,32.0
노원구,2026-02-08,3,32.785714285714285
노원구,2026-02-09,29,32.714285714285715
노원구,2026-02-10,40,31.571428571428573
노원구,2026-02-11,41,27.5
노원구,2026-02-12,43,28.142857142857142
노원구,2026-02-13,55,29.785714285714285
노원구,2026-02-14,40,29.642857142857142
노원구,2026-02-15,1,26.214285714285715
노원구,2026-02-16,1,27.785714285714285
노원구,2026-02-18,1,27.785714285714285
노원구,2026-02-19,31,28.071428571428573
노원구,2026-02-20,38,27.714285714285715
노원구,2026-02-21,42,27.428571428571427
노원구,2026-02-22,2,26.285714285714285
노원구,2026-02-23,25,23.571428571428573
노원구,2026-02-24,29,24.857142857142858
노원구,2026-02-25,44,26.642857142857142
노원구,2026-02-26,36,28.142857142857142
노원구,2026-02-27,39,27.214285714285715
노원구,2026-02-28,39,26.714285714285715
노원구,2026-03-01,2,26.857142857142858
노원구,2026-03-02,19,27.071428571428573
노원구,2026-03-03,26,27.285714285714285
노원구,2026-03-04,22,27.428571428571427
노원구,2026-03-05,18,27.142857142857142
노원구,2026-03-06,31,26.785714285714285
노원구,2026-03-07,44,25.571428571428573
노원구,2026-03-08,5,24.642857142857142
노원구,2026-03-09,28,24.785714285714285
노원구,2026-03-10,31,24.928571428571427
노원구,2026-03-11,40,24.714285714285715
노원구,2026-03-12,31,24.928571428571427
노원구,2026-03-13,22,25.357142857142858
노원구,2026-03-14,26,25.142857142857142
노원구,2026-03-15,4,23.571428571428573
노원구,2026-03-16,21,23.357142857142858
노원구,2026-03-17,23,22.642857142857142
노원구,2026-03-18,25,22.357142857142858
노원구,2026-03-19,24,20.642857142857142
노원구,2026-03-20,28,19.785714285714285
노원구,2026-03-21,22,21.142857142857142
노원구,2026-03-22,2,23.142857142857142
노원구,2026-03-23,18,23.285714285714285
노원구,2026-03-24,27,23.928571428571427
노원구,2026-03-25,16,24.785714285714285
노원구,2026-03-26,19,24.428571428571427
노원구,2026-03-27,41,24.857142857142858
노원구,2026-03-28,54,24.785714285714285
노원구,2026-03-29,6,26.142857142857142
노원구,2026-03-30,30,26.214285714285715
노원구,2026-03-31,35,26.928571428571427
노원구,2026-04-01,20,27.285714285714285
노원구,2026-04-02,30,27.357142857142858
노원구,2026-04-03,27,29.142857142857142
노원구,2026-04-04,41,29.5
노원구,2026-04-05,3,30.142857142857142
노원구,2026-04-06,28,30.285714285714285
노원구,2026-04-07,32,30.5
노원구,2026-04-08,17,30.857142857142858
노원구,2026-04-09,44,31.692307692307693
노원구,2026-04-10,46,31.833333333333332
노원구,2026-04-11,63,32.27272727272727
노원구,2026-04-12,8,31.4
노원구,2026-04-13,33,34.55555555555556
노원구,2026-04-14,40,35.375
도봉구,2025-04-15,5,5.714285714285714
도봉구,2025-04-16,13,5.375
도봉구,2025-04-17,7,5.555555555555555
도봉구,2025-04-18,4,5.2
도봉구,2025-04-19,6,5.090909090909091
도봉구,2025-04-20,1,4.916666666666667
도봉구,2025-04-21,4,4.6923076923076925
도봉구,2025-04-22,3,4.642857142857143
도봉구,2025-04-23,7,4.642857142857143
도봉구,2025-04-24,2,4.214285714285714
도봉구,2025-04-25,4,4.285714285714286
도봉구,2025-04-26,3,4.285714285714286
도봉구,2025-04-27,2,4.0
도봉구,2025-04-28,4,4.285714285714286
도봉구,2025-04-29,5,4.428571428571429
도봉구,2025-04-30,7,4.857142857142857
도봉구,2025-05-01,8,4.642857142857143
도봉구,2025-05-02,4,4.642857142857143
도봉구,2025-05-03,2,4.428571428571429
도봉구,2025-05-06,5,4.714285714285714
도봉구,2025-05-07,6,4.857142857142857
도봉구,2025-05-08,9,4.928571428571429
도봉구,2025-05-09,4,4.928571428571429
도봉구,2025-05-10,2,4.571428571428571
도봉구,2025-05-11,1,4.428571428571429
도봉구,2025-05-12,7,4.214285714285714
도봉구,2025-05-13,4,4.642857142857143
도봉구,2025-05-14,5,4.928571428571429
도봉구,2025-05-15,5,4.857142857142857
도봉구,2025-05-16,2,4.428571428571429
도봉구,2025-05-17,6,4.714285714285714
도봉구,2025-05-18,1,5.0
도봉구,2025-05-19,8,5.142857142857143
도봉구,2025-05-20,9,5.0
도봉구,2025-05-21,5,5.357142857142857
도봉구,2025-05-22,3,5.428571428571429
도봉구,2025-05-23,8,5.357142857142857
도봉구,2025-05-24,6,5.785714285714286
도봉구,2025-05-25,3,5.642857142857143
도봉구,2025-05-26,5,5.642857142857143
도봉구,2025-05-27,9,5.428571428571429
도봉구,2025-05-28,6,5.214285714285714
도봉구,2025-05-29,4,5.5
도봉구,2025-05-30,8,5.785714285714286
도봉구,2025-05-31,4,5.571428571428571
도봉구,2025-06-01,1,5.571428571428571
도봉구,2025-06-02,5,5.714285714285714
도봉구,2025-06-03,6,6.285714285714286
도봉구,2025-06-04,9,6.214285714285714
도봉구,2025-06-05,7,6.285714285714286
도봉구,2025-06-06,5,6.785714285714286
도봉구,2025-06-07,6,6.928571428571429
도봉구,2025-06-09,5,6.714285714285714
도봉구,2025-06-10,13,7.857142857142857
도봉구,2025-06-11,8,8.357142857142858
도봉구,2025-06-12,7,8.142857142857142
도봉구,2025-06-13,11,8.642857142857142
도봉구,2025-06-14,10,9.428571428571429
도봉구,2025-06-15,1,10.0
도봉구,2025-06-16,17,9.642857142857142
도봉구,2025-06-17,12,10.214285714285714
도봉구,2025-06-18,3,10.071428571428571
도봉구,2025-06-19,16,10.857142857142858
도봉구,2025-06-20,18,10.928571428571429
도봉구,2025-06-21,13,12.785714285714286
도봉구,2025-06-22,1,12.785714285714286
도봉구,2025-06-23,13,12.928571428571429
도봉구,2025-06-24,11,12.071428571428571
도봉구,2025-06-25,19,11.857142857142858
도봉구,2025-06-26,8,11.785714285714286
도봉구,2025-06-27,37,11.357142857142858
도봉구,2025-06-28,10,10.357142857142858
도봉구,2025-06-29,3,9.571428571428571
도봉구,2025-06-30,5,9.642857142857142
도봉구,2025-07-01,9,8.857142857142858
도봉구,2025-07-02,2,8.214285714285714
도봉구,2025-07-03,10,7.428571428571429
도봉구,2025-07-04,4,7.214285714285714
도봉구,2025-07-05,2,5.0
도봉구,2025-07-06,2,4.571428571428571
도봉구,2025-07-07,2,4.571428571428571
도봉구,2025-07-08,2,4.357142857142857
도봉구,2025-07-09,8,4.214285714285714
도봉구,2025-07-10,5,4.285714285714286
도봉구,2025-07-11,6,4.071428571428571
도봉구,2025-07-12,4,4.642857142857143
도봉구,2025-07-13,3,5.0
도봉구,2025-07-14,2,5.071428571428571
도봉구,2025-07-15,7,5.285714285714286
도봉구,2025-07-16,3,5.714285714285714
도봉구,2025-07-17,7,5.357142857142857
도봉구,2025-07-18,12,5.142857142857143
도봉구,2025-07-19,7,4.928571428571429
도봉구,2025-07-21,3,4.714285714285714
도봉구,2025-07-22,5,4.642857142857143
도봉구,2025-07-23,8,4.928571428571429
도봉구,2025-07-24,3,4.571428571428571
도봉구,2025-07-25,2,4.5
도봉구,2025-07-26,3,4.071428571428571
도봉구,2025-07-27,1,3.7857142857142856
도봉구,2025-07-28,2,3.4285714285714284
도봉구,2025-07-29,6,3.642857142857143
도봉구,2025-07-30,2,3.4285714285714284
도봉구,2025-07-31,2,3.357142857142857
도봉구,2025-08-01,1,3.357142857142857
도봉구,2025-08-04,8,3.7857142857142856
도봉구,2025-08-05,2,4.357142857142857
도봉구,2025-08-06,6,4.785714285714286
도봉구,2025-08-07,2,5.142857142857143
도봉구,2025-08-08,7,4.928571428571429
도봉구,2025-08-09,3,5.285714285714286
도봉구,2025-08-11,8,5.571428571428571
도봉구,2025-08-12,11,5.928571428571429
도봉구,2025-08-13,7,6.0
도봉구,2025-08-14,7,6.0
도봉구,2025-08-15,3,5.928571428571429
도봉구,2025-08-16,7,6.142857142857143
도봉구,2025-08-18,6,6.214285714285714
도봉구,2025-08-19,6,6.214285714285714
도봉구,2025-08-20,9,6.0
도봉구,2025-08-21,2,5.785714285714286
도봉구,2025-08-22,5,5.5
도봉구,2025-08-23,5,5.214285714285714
도봉구,2025-08-25,8,5.071428571428571
도봉구,2025-08-26,3,5.285714285714286
도봉구,2025-08-27,5,5.071428571428571
도봉구,2025-08-28,8,5.071428571428571
도봉구,2025-08-29,3,4.642857142857143
도봉구,2025-08-30,3,5.071428571428571
도봉구,2025-08-31,1,5.642857142857143
도봉구,2025-09-01,10,5.357142857142857
도봉구,2025-09-02,3,5.071428571428571
도봉구,2025-09-03,6,5.5
도봉구,2025-09-04,3,5.714285714285714
도봉구,2025-09-05,8,5.571428571428571
도봉구,2025-09-06,13,5.928571428571429
도봉구,2025-09-07,1,6.071428571428571
도봉구,2025-09-08,4,6.142857142857143
도봉구,2025-09-09,9,5.785714285714286
도봉구,2025-09-10,8,6.142857142857143
도봉구,2025-09-11,6,6.142857142857143
도봉구,2025-09-12,8,6.285714285714286
도봉구,2025-09-13,5,6.428571428571429
도봉구,2025-09-14,2,5.928571428571429
도봉구,2025-09-15,5,6.285714285714286
도봉구,2025-09-16,8,6.5
도봉구,2025-09-17,6,6.285714285714286
도봉구,2025-09-18,5,6.142857142857143
도봉구,2025-09-19,10,6.0
도봉구,2025-09-20,6,6.428571428571429
도봉구,2025-09-21,6,6.285714285714286
도봉구,2025-09-22,7,6.214285714285714
도봉구,2025-09-23,6,6.5
도봉구,2025-09-24,6,6.571428571428571
도봉구,2025-09-25,4,7.0
도봉구,2025-09-26,14,7.5
도봉구,2025-09-27,3,7.214285714285714
도봉구,2025-09-28,1,6.857142857142857
도봉구,2025-09-29,9,6.5
도봉구,2025-09-30,9,6.214285714285714
도봉구,2025-10-01,12,6.357142857142857
도봉구,2025-10-02,12,6.285714285714286
도봉구,2025-10-03,6,6.071428571428571
도봉구,2025-10-04,1,6.071428571428571
도봉구,2025-10-05,1,6.642857142857143
도봉구,2025-10-09,3,9.5
도봉구,2025-10-10,8,9.214285714285714
도봉구,2025-10-11,5,9.428571428571429
도봉구,2025-10-12,1,9.571428571428571
도봉구,2025-10-13,14,9.285714285714286
도봉구,2025-10-14,11,9.0
도봉구,2025-10-15,41,9.214285714285714
도봉구,2025-10-16,5,9.357142857142858
도봉구,2025-10-17,12,9.214285714285714
도봉구,2025-10-18,14,8.928571428571429
도봉구,2025-10-19,8,8.714285714285714
도봉구,2025-11-03,2,9.285714285714286
도봉구,2025-11-04,4,8.357142857142858
도봉구,2025-11-05,3,7.714285714285714
도봉구,2025-11-06,1,5.0
도봉구,2025-11-07,4,4.785714285714286
도봉구,2025-11-10,2,4.214285714285714
도봉구,2025-11-11,9,3.7142857142857144
도봉구,2025-11-12,1,4.0
도봉구,2025-11-13,2,4.5
도봉구,2025-11-15,3,4.428571428571429
도봉구,2025-11-17,2,4.642857142857143
도봉구,2025-11-18,4,5.0
도봉구,2025-11-19,7,5.071428571428571
도봉구,2025-11-20,12,5.285714285714286
도봉구,2025-11-21,9,4.928571428571429
도봉구,2025-11-22,3,5.0
도봉구,2025-11-24,6,5.0
도봉구,2025-11-25,6,5.214285714285714
도봉구,2025-11-26,5,5.357142857142857
도봉구,2025-11-27,5,5.285714285714286
도봉구,2025-11-28,4,5.142857142857143
도봉구,2025-11-29,2,4.571428571428571
도봉구,2025-11-30,2,4.142857142857143
도봉구,2025-12-01,6,4.142857142857143
도봉구,2025-12-02,4,4.071428571428571
도봉구,2025-12-03,3,3.9285714285714284
도봉구,2025-12-04,5,3.9285714285714284
도봉구,2025-12-05,4,4.071428571428571
도봉구,2025-12-06,3,4.0
도봉구,2025-12-08,3,4.0
도봉구,2025-12-09,5,4.357142857142857
도봉구,2025-12-10,4,4.142857142857143
도봉구,2025-12-11,5,4.214285714285714
도봉구,2025-12-12,7,4.428571428571429
도봉구,2025-12-13,3,4.357142857142857
도봉구,2025-12-14,2,4.214285714285714
도봉구,2025-12-15,7,4.357142857142857
도봉구,2025-12-16,3,4.642857142857143
도봉구,2025-12-17,5,4.785714285714286
도봉구,2025-12-18,6,4.571428571428571
도봉구,2025-12-19,4,4.642857142857143
도봉구,2025-12-20,2,4.357142857142857
도봉구,2025-12-22,5,4.928571428571429
도봉구,2025-12-23,7,5.357142857142857
도봉구,2025-12-24,7,5.571428571428571
도봉구,2025-12-25,1,5.428571428571429
도봉구,2025-12-26,6,5.428571428571429
도봉구,2025-12-27,3,5.357142857142857
도봉구,2025-12-29,11,5.214285714285714
도봉구,2025-12-30,8,5.571428571428571
도봉구,2025-12-31,10,5.928571428571429
도봉구,2026-01-01,1,5.857142857142857
도봉구,2026-01-02,5,6.357142857142857
도봉구,2026-01-03,5,6.785714285714286
도봉구,2026-01-05,2,6.428571428571429
도봉구,2026-01-06,7,6.714285714285714
도봉구,2026-01-07,10,6.285714285714286
도봉구,2026-01-08,6,6.357142857142857
도봉구,2026-01-09,14,6.071428571428571
도봉구,2026-01-10,7,6.5
도봉구,2026-01-11,1,6.857142857142857
도봉구,2026-01-12,7,6.571428571428571
도봉구,2026-01-13,5,6.857142857142857
도봉구,2026-01-14,9,6.571428571428571
도봉구,2026-01-15,6,6.0
도봉구,2026-01-16,7,5.928571428571429
도봉구,2026-01-17,10,5.357142857142857
도봉구,2026-01-18,1,4.928571428571429
도봉구,2026-01-19,6,5.357142857142857
도봉구,2026-01-20,3,5.214285714285714
도봉구,2026-01-21,2,5.5
도봉구,2026-01-22,5,5.357142857142857
도봉구,2026-01-23,6,5.5
도봉구,2026-01-24,1,5.357142857142857
도봉구,2026-01-26,7,4.785714285714286
도봉구,2026-01-27,5,5.142857142857143
도봉구,2026-01-28,9,5.5
도봉구,2026-01-29,7,5.642857142857143
도봉구,2026-01-30,8,6.142857142857143
도봉구,2026-01-31,5,6.714285714285714
도봉구,2026-02-01,2,7.285714285714286
도봉구,2026-02-02,6,7.285714285714286
도봉구,2026-02-03,11,7.357142857142857
도봉구,2026-02-04,5,7.357142857142857
도봉구,2026-02-05,9,7.571428571428571
도봉구,2026-02-06,13,7.785714285714286
도봉구,2026-02-07,14,7.571428571428571
도봉구,2026-02-08,1,7.642857142857143
도봉구,2026-02-09,8,8.0
도봉구,2026-02-10,5,8.571428571428571
도봉구,2026-02-11,12,8.714285714285714
도봉구,2026-02-12,10,8.5
도봉구,2026-02-13,5,8.214285714285714
도봉구,2026-02-14,6,8.285714285714286
도봉구,2026-02-19,7,7.857142857142857
도봉구,2026-02-20,14,8.071428571428571
도봉구,2026-02-21,13,8.714285714285714
도봉구,2026-02-22,2,8.857142857142858
도봉구,2026-02-23,5,8.071428571428571
도봉구,2026-02-24,14,7.714285714285714
도봉구,2026-02-25,8,8.0
도봉구,2026-02-26,4,8.142857142857142
도봉구,2026-02-27,17,7.857142857142857
도봉구,2026-02-28,7,7.428571428571429
도봉구,2026-03-01,1,7.5
도봉구,2026-03-02,5,7.571428571428571
도봉구,2026-03-03,9,7.571428571428571
도봉구,2026-03-04,8,6.928571428571429
도봉구,2026-03-05,3,6.857142857142857
도봉구,2026-03-06,8,7.428571428571429
도봉구,2026-03-07,14,7.0
도봉구,2026-03-08,3,7.0
도봉구,2026-03-09,5,7.142857142857143
도봉구,2026-03-10,5,7.285714285714286
도봉구,2026-03-11,7,7.214285714285714
도봉구,2026-03-12,12,7.142857142857143
도봉구,2026-03-13,11,7.642857142857143
도봉구,2026-03-14,7,7.642857142857143
도봉구,2026-03-15,3,7.142857142857143
도봉구,2026-03-16,7,7.0
도봉구,2026-03-17,8,7.285714285714286
도봉구,2026-03-18,7,7.285714285714286
도봉구,2026-03-19,10,7.714285714285714
도봉구,2026-03-20,8,7.285714285714286
도봉구,2026-03-21,7,8.0
도봉구,2026-03-22,1,8.142857142857142
도봉구,2026-03-23,9,8.0
도봉구,2026-03-24,5,9.0
도봉구,2026-03-25,13,9.214285714285714
도봉구,2026-03-26,6,9.857142857142858
도봉구,2026-03-27,21,10.0
도봉구,2026-03-28,9,10.571428571428571
도봉구,2026-03-29,1,11.428571428571429
도봉구,2026-03-30,21,11.571428571428571
도봉구,2026-03-31,11,12.214285714285714
도봉구,2026-04-01,16,12.857142857142858
도봉구,2026-04-02,12,13.142857142857142
도봉구,2026-04-03,16,13.428571428571429
도봉구,2026-04-04,19,12.928571428571429
도봉구,2026-04-05,3,12.642857142857142
도봉구,2026-04-06,18,12.642857142857142
도봉구,2026-04-07,14,11.642857142857142
도봉구,2026-04-08,17,11.785714285714286
도봉구,2026-04-09,10,11.461538461538462
도봉구,2026-04-10,14,11.416666666666666
도봉구,2026-04-11,5,11.0
도봉구,2026-04-12,1,10.2
도봉구,2026-04-13,7,11.0
도봉구,2026-04-14,13,10.125
동대문구,2025-04-15,4,7.857142857142857
동대문구,2025-04-16,8,7.625
동대문구,2025-04-17,5,7.777777777777778
동대문구,2025-04-18,8,7.2
동대문구,2025-04-19,21,7.2727272727272725
동대문구,2025-04-20,2,8.25
동대문구,2025-04-21,7,7.923076923076923
동대문구,2025-04-22,6,7.928571428571429
동대문구,2025-04-23,9,8.285714285714286
동대문구,2025-04-24,2,13.071428571428571
동대문구,2025-04-25,8,14.071428571428571
동대문구,2025-04-26,19,14.428571428571429
동대문구,2025-04-27,4,13.571428571428571
동대문구,2025-04-28,8,13.642857142857142
동대문구,2025-04-29,9,13.357142857142858
동대문구,2025-04-30,75,13.142857142857142
동대문구,2025-05-01,19,13.142857142857142
동대문구,2025-05-02,13,13.714285714285714
동대문구,2025-05-03,9,14.071428571428571
동대문구,2025-05-04,3,14.857142857142858
동대문구,2025-05-05,3,15.0
동대문구,2025-05-06,3,15.071428571428571
동대문구,2025-05-07,9,14.857142857142858
동대문구,2025-05-08,10,10.142857142857142
동대문구,2025-05-09,13,9.142857142857142
동대문구,2025-05-10,30,8.928571428571429
동대문구,2025-05-11,6,10.285714285714286
동대문구,2025-05-12,9,10.642857142857142
동대문구,2025-05-13,6,11.0
동대문구,2025-05-14,9,11.571428571428571
동대문구,2025-05-15,5,11.571428571428571
동대문구,2025-05-16,10,11.714285714285714
동대문구,2025-05-17,28,11.285714285714286
동대문구,2025-05-18,8,10.928571428571429
동대문구,2025-05-19,8,11.071428571428571
동대문구,2025-05-20,11,11.285714285714286
동대문구,2025-05-21,9,11.428571428571429
동대문구,2025-05-22,12,11.5
동대문구,2025-05-23,7,11.357142857142858
동대문구,2025-05-24,25,11.071428571428571
동대문구,2025-05-25,8,10.357142857142858
동대문구,2025-05-26,12,10.0
동대문구,2025-05-27,8,10.642857142857142
동대문구,2025-05-28,10,10.928571428571429
동대문구,2025-05-29,3,11.357142857142858
동대문구,2025-05-30,6,11.5
동대문구,2025-05-31,18,11.857142857142858
동대문구,2025-06-01,3,11.214285714285714
동대문구,2025-06-02,17,11.0
동대문구,2025-06-03,15,11.357142857142858
동대문구,2025-06-04,15,11.5
동대문구,2025-06-05,14,12.5
동대문구,2025-06-06,12,13.642857142857142
동대문구,2025-06-07,16,14.571428571428571
동대문구,2025-06-08,5,15.857142857142858
동대문구,2025-06-09,17,16.5
동대문구,2025-06-10,10,16.357142857142858
동대문구,2025-06-11,24,16.785714285714285
동대문구,2025-06-12,19,16.571428571428573
동대문구,2025-06-13,19,16.928571428571427
동대문구,2025-06-14,36,17.714285714285715
동대문구,2025-06-15,12,19.714285714285715
동대문구,2025-06-16,15,19.857142857142858
동대문구,2025-06-17,21,19.928571428571427
동대문구,2025-06-18,12,19.857142857142858
동대문구,2025-06-19,19,19.357142857142858
동대문구,2025-06-20,23,19.285714285714285
동대문구,2025-06-21,44,20.928571428571427
동대문구,2025-06-22,7,19.785714285714285
동대문구,2025-06-23,18,19.071428571428573
동대문구,2025-06-24,9,18.571428571428573
동대문구,2025-06-25,17,17.642857142857142
동대문구,2025-06-26,18,17.357142857142858
동대문구,2025-06-27,42,16.357142857142858
동대문구,2025-06-28,20,15.214285714285714
동대문구,2025-06-29,2,13.0
동대문구,2025-06-30,8,12.714285714285714
동대문구,2025-07-01,8,11.785714285714286
동대문구,2025-07-02,8,11.571428571428571
동대문구,2025-07-03,5,10.714285714285714
동대문구,2025-07-04,7,9.928571428571429
동대문구,2025-07-05,13,7.285714285714286
동대문구,2025-07-06,3,6.571428571428571
동대문구,2025-07-07,5,6.642857142857143
동대문구,2025-07-08,6,6.5
동대문구,2025-07-09,5,6.285714285714286
동대문구,2025-07-10,7,5.857142857142857
동대문구,2025-07-11,5,6.071428571428571
동대문구,2025-07-12,10,5.785714285714286
동대문구,2025-07-13,3,6.0
동대문구,2025-07-14,6,5.928571428571429
동대문구,2025-07-15,5,5.785714285714286
동대문구,2025-07-16,2,5.642857142857143
동대문구,2025-07-17,8,5.642857142857143
동대문구,2025-07-18,3,5.428571428571429
동대문구,2025-07-19,16,5.285714285714286
동대문구,2025-07-20,2,5.571428571428571
동대문구,2025-07-21,3,5.5
동대문구,2025-07-22,4,5.428571428571429
동대문구,2025-07-23,5,5.357142857142857
동대문구,2025-07-24,4,5.5
동대문구,2025-07-25,3,5.5
동대문구,2025-07-26,14,6.0
동대문구,2025-07-27,2,5.142857142857143
동대문구,2025-07-28,5,5.142857142857143
동대문구,2025-07-29,4,5.214285714285714
동대문구,2025-07-30,4,5.642857142857143
동대문구,2025-07-31,8,6.0
동대문구,2025-08-01,10,6.071428571428571
동대문구,2025-08-02,4,6.0
동대문구,2025-08-03,2,5.571428571428571
동대문구,2025-08-04,4,5.785714285714286
동대문구,2025-08-05,10,5.571428571428571
동대문구,2025-08-06,10,5.642857142857143
동대문구,2025-08-07,5,5.571428571428571
동대문구,2025-08-08,2,5.571428571428571
동대문구,2025-08-09,8,5.357142857142857
동대문구,2025-08-10,5,5.785714285714286
동대문구,2025-08-11,2,5.714285714285714
동대문구,2025-08-12,5,6.071428571428571
동대문구,2025-08-13,3,5.642857142857143
동대문구,2025-08-14,8,5.571428571428571
동대문구,2025-08-15,7,5.785714285714286
동대문구,2025-08-16,10,6.571428571428571
동대문구,2025-08-17,1,7.5
동대문구,2025-08-18,9,7.428571428571429
동대문구,2025-08-19,4,7.357142857142857
동대문구,2025-08-20,9,7.785714285714286
동대문구,2025-08-21,8,8.071428571428571
동대문구,2025-08-22,13,7.714285714285714
동대문구,2025-08-23,21,7.642857142857143
동대문구,2025-08-24,4,8.285714285714286
동대문구,2025-08-25,1,8.571428571428571
동대문구,2025-08-26,11,8.714285714285714
동대문구,2025-08-27,7,8.857142857142858
동대문구,2025-08-28,3,8.714285714285714
동대문구,2025-08-29,6,8.571428571428571
동대문구,2025-08-30,19,8.142857142857142
동대문구,2025-08-31,5,8.285714285714286
동대문구,2025-09-01,11,8.428571428571429
동대문구,2025-09-02,6,8.857142857142858
동대문구,2025-09-03,7,8.928571428571429
동대문구,2025-09-04,6,8.928571428571429
동대문구,2025-09-05,7,9.214285714285714
동대문구,2025-09-06,23,9.428571428571429
동대문구,2025-09-07,6,9.928571428571429
동대문구,2025-09-08,7,10.214285714285714
동대문구,2025-09-09,12,10.642857142857142
동대문구,2025-09-10,7,11.214285714285714
동대문구,2025-09-11,7,11.928571428571429
동대문구,2025-09-12,9,12.642857142857142
동대문구,2025-09-13,26,13.142857142857142
동대문구,2025-09-14,9,14.5
동대문구,2025-09-15,17,14.857142857142858
동대문구,2025-09-16,14,15.214285714285714
동대문구,2025-09-17,17,15.428571428571429
동대문구,2025-09-18,16,16.285714285714285
동대문구,2025-09-19,14,16.571428571428573
동대문구,2025-09-20,42,17.142857142857142
동대문구,2025-09-21,11,18.785714285714285
동대문구,2025-09-22,12,20.214285714285715
동대문구,2025-09-23,15,21.0
동대문구,2025-09-24,19,22.142857142857142
동대문구,2025-09-25,11,23.214285714285715
동대문구,2025-09-26,17,24.142857142857142
동대문구,2025-09-27,49,25.214285714285715
동대문구,2025-09-28,29,23.071428571428573
동대문구,2025-09-29,28,22.428571428571427
동대문구,2025-09-30,30,21.714285714285715
동대문구,2025-10-01,32,21.5
동대문구,2025-10-02,29,21.928571428571427
동대문구,2025-10-03,29,23.642857142857142
동대문구,2025-10-04,12,23.785714285714285
동대문구,2025-10-07,2,22.142857142857142
동대문구,2025-10-08,2,24.5
동대문구,2025-10-09,12,29.214285714285715
동대문구,2025-10-10,25,28.214285714285715
동대문구,2025-10-11,35,28.428571428571427
동대문구,2025-10-12,19,29.642857142857142
동대문구,2025-10-13,26,29.928571428571427
동대문구,2025-10-14,62,29.357142857142858
동대문구,2025-10-15,94,29.285714285714285
동대문구,2025-10-16,16,29.214285714285715
동대문구,2025-10-17,35,28.428571428571427
동대문구,2025-10-18,46,26.714285714285715
동대문구,2025-10-19,33,24.285714285714285
동대문구,2025-10-24,4,23.142857142857142
동대문구,2025-10-26,1,21.357142857142858
동대문구,2025-10-27,1,17.0
동대문구,2025-10-29,1,10.428571428571429
동대문구,2025-10-30,1,9.428571428571429
동대문구,2025-10-31,1,7.142857142857143
동대문구,2025-11-03,3,4.0
동대문구,2025-11-04,1,1.8571428571428572
동대문구,2025-11-05,1,1.7142857142857142
동대문구,2025-11-06,2,2.2142857142857144
동대문구,2025-11-07,2,2.357142857142857
동대문구,2025-11-08,3,2.7142857142857144
동대문구,2025-11-09,2,2.857142857142857
동대문구,2025-11-10,3,3.142857142857143
동대문구,2025-11-11,2,3.357142857142857
동대문구,2025-11-12,8,3.7142857142857144
동대문구,2025-11-13,3,3.857142857142857
동대문구,2025-11-14,6,4.142857142857143
동대문구,2025-11-15,3,4.857142857142857
동대문구,2025-11-17,5,4.785714285714286
동대문구,2025-11-18,6,5.071428571428571
동대문구,2025-11-19,6,5.857142857142857
동대문구,2025-11-20,3,5.928571428571429
동대문구,2025-11-21,6,6.071428571428571
동대문구,2025-11-22,12,6.928571428571429
동대문구,2025-11-23,2,7.428571428571429
동대문구,2025-11-24,6,7.357142857142857
동대문구,2025-11-25,14,7.785714285714286
동대문구,2025-11-26,3,7.428571428571429
동대문구,2025-11-27,10,7.714285714285714
동대문구,2025-11-28,15,8.428571428571429
동대문구,2025-11-29,13,8.5
동대문구,2025-11-30,2,8.5
동대문구,2025-12-01,11,8.5
동대문구,2025-12-02,1,8.214285714285714
동대문구,2025-12-03,10,7.357142857142857
동대문구,2025-12-04,13,7.214285714285714
동대문구,2025-12-05,7,6.785714285714286
동대문구,2025-12-06,12,6.214285714285714
동대문구,2025-12-07,2,6.285714285714286
동대문구,2025-12-08,2,6.214285714285714
동대문구,2025-12-09,2,6.0
동대문구,2025-12-10,1,6.0
동대문구,2025-12-11,4,5.642857142857143
동대문구,2025-12-12,7,5.142857142857143
동대문구,2025-12-13,14,5.071428571428571
동대문구,2025-12-14,1,5.285714285714286
동대문구,2025-12-15,8,5.285714285714286
동대문구,2025-12-16,1,9.285714285714286
동대문구,2025-12-17,5,9.571428571428571
동대문구,2025-12-18,6,9.857142857142858
동대문구,2025-12-19,6,9.714285714285714
동대문구,2025-12-20,15,9.928571428571429
동대문구,2025-12-21,2,9.642857142857142
동대문구,2025-12-22,58,9.642857142857142
동대문구,2025-12-23,6,9.785714285714286
동대문구,2025-12-24,5,10.428571428571429
동대문구,2025-12-25,2,10.928571428571429
동대문구,2025-12-26,10,10.714285714285714
동대문구,2025-12-27,10,11.0
동대문구,2025-12-28,1,10.571428571428571
동대문구,2025-12-29,10,10.5
동대문구,2025-12-30,10,6.785714285714286
동대문구,2025-12-31,12,6.928571428571429
동대문구,2026-01-01,3,6.642857142857143
동대문구,2026-01-02,10,6.928571428571429
동대문구,2026-01-03,9,7.0
동대문구,2026-01-04,1,7.928571428571429
동대문구,2026-01-05,6,8.357142857142858
동대문구,2026-01-06,8,8.071428571428571
동대문구,2026-01-07,1,8.071428571428571
동대문구,2026-01-08,6,7.428571428571429
동대문구,2026-01-09,11,7.571428571428571
동대문구,2026-01-10,23,7.428571428571429
동대문구,2026-01-11,7,7.928571428571429
동대문구,2026-01-12,6,7.928571428571429
동대문구,2026-01-13,10,8.428571428571429
동대문구,2026-01-14,3,8.928571428571429
동대문구,2026-01-15,5,9.642857142857142
동대문구,2026-01-16,8,9.928571428571429
동대문구,2026-01-17,16,10.0
동대문구,2026-01-18,1,10.071428571428571
동대문구,2026-01-19,13,9.857142857142858
동대문구,2026-01-20,15,10.071428571428571
동대문구,2026-01-21,11,10.142857142857142
동대문구,2026-01-22,10,10.928571428571429
동대문구,2026-01-23,12,11.5
동대문구,2026-01-24,24,11.928571428571429
동대문구,2026-01-25,4,11.357142857142858
동대문구,2026-01-26,9,11.5
동대문구,2026-01-27,11,11.5
동대문구,2026-01-28,14,11.0
동대문구,2026-01-29,13,11.214285714285714
동대문구,2026-01-30,14,11.357142857142858
동대문구,2026-01-31,8,11.142857142857142
동대문구,2026-02-01,3,10.928571428571429
동대문구,2026-02-02,13,10.785714285714286
동대문구,2026-02-03,8,10.571428571428571
동대문구,2026-02-04,14,10.214285714285714
동대문구,2026-02-05,12,10.142857142857142
동대문구,2026-02-06,9,10.214285714285714
동대문구,2026-02-07,21,9.714285714285714
동대문구,2026-02-08,2,10.0
동대문구,2026-02-09,6,9.857142857142858
동대문구,2026-02-10,6,9.0
동대문구,2026-02-11,13,8.928571428571429
동대문구,2026-02-12,14,8.5
동대문구,2026-02-13,7,8.428571428571429
동대문구,2026-02-14,12,7.857142857142857
동대문구,2026-02-17,1,6.5
동대문구,2026-02-18,1,7.285714285714286
동대문구,2026-02-19,7,7.857142857142857
동대문구,2026-02-20,8,8.285714285714286
동대문구,2026-02-21,11,7.928571428571429
동대문구,2026-02-22,1,7.928571428571429
동대문구,2026-02-23,2,7.5
동대문구,2026-02-24,13,7.0
동대문구,2026-02-25,14,7.142857142857143
동대문구,2026-02-26,12,7.142857142857143
동대문구,2026-02-27,8,6.785714285714286
동대문구,2026-02-28,14,6.571428571428571
동대문구,2026-03-01,1,6.642857142857143
동대문구,2026-03-02,5,6.928571428571429
동대문구,2026-03-03,3,7.357142857142857
동대문구,2026-03-04,1,6.714285714285714
동대문구,2026-03-05,2,6.0
동대문구,2026-03-06,5,5.428571428571429
동대문구,2026-03-07,12,5.714285714285714
동대문구,2026-03-08,5,6.142857142857143
동대문구,2026-03-09,8,6.214285714285714
동대문구,2026-03-10,4,6.214285714285714
동대문구,2026-03-11,4,6.714285714285714
동대문구,2026-03-12,4,7.5
동대문구,2026-03-13,12,7.785714285714286
동대문구,2026-03-14,20,8.071428571428571
동대문구,2026-03-15,2,8.071428571428571
동대문구,2026-03-16,5,7.928571428571429
동대문구,2026-03-17,10,8.785714285714286
동대문구,2026-03-18,12,9.214285714285714
동대문구,2026-03-19,6,9.571428571428571
동대문구,2026-03-20,9,9.571428571428571
동대문구,2026-03-21,12,9.357142857142858
동대문구,2026-03-22,3,8.714285714285714
동대문구,2026-03-23,20,9.0
동대문구,2026-03-24,10,8.928571428571429
동대문구,2026-03-25,9,8.785714285714286
동대문구,2026-03-26,4,8.285714285714286
동대문구,2026-03-27,9,8.714285714285714
동대문구,2026-03-28,11,8.928571428571429
동대문구,2026-03-29,6,10.071428571428571
동대문구,2026-03-30,4,10.142857142857142
동대문구,2026-03-31,8,9.071428571428571
동대문구,2026-04-01,5,8.785714285714286
동대문구,2026-04-02,12,8.428571428571429
동대문구,2026-04-03,12,8.785714285714286
동대문구,2026-04-04,28,9.214285714285714
동대문구,2026-04-05,4,10.142857142857142
동대문구,2026-04-06,5,9.928571428571429
동대문구,2026-04-07,6,10.357142857142858
동대문구,2026-04-08,4,10.785714285714286
동대문구,2026-04-09,9,11.23076923076923
동대문구,2026-04-10,15,11.166666666666666
동대문구,2026-04-11,24,11.090909090909092
동대문구,2026-04-12,3,9.4
동대문구,2026-04-13,10,10.0
동대문구,2026-04-14,14,10.625
동작구,2025-04-15,11,11.285714285714286
동작구,2025-04-16,7,11.375
동작구,2025-04-17,10,10.88888888888889
동작구,2025-04-18,8,10.4
동작구,2025-04-19,30,10.545454545454545
동작구,2025-04-20,9,12.333333333333334
동작구,2025-04-21,4,12.076923076923077
동작구,2025-04-22,12,11.714285714285714
동작구,2025-04-23,7,11.5
동작구,2025-04-24,6,11.642857142857142
동작구,2025-04-25,12,12.785714285714286
동작구,2025-04-26,32,12.857142857142858
동작구,2025-04-27,9,12.214285714285714
동작구,2025-04-28,7,11.714285714285714
동작구,2025-04-29,8,11.714285714285714
동작구,2025-04-30,9,11.5
동작구,2025-05-01,26,11.928571428571429
동작구,2025-05-02,9,12.071428571428571
동작구,2025-05-03,21,12.428571428571429
동작구,2025-05-04,2,13.428571428571429
동작구,2025-05-05,4,13.357142857142858
동작구,2025-05-06,9,13.357142857142858
동작구,2025-05-07,13,13.714285714285714
동작구,2025-05-08,8,13.571428571428571
동작구,2025-05-09,17,12.928571428571429
동작구,2025-05-10,46,13.428571428571429
동작구,2025-05-11,8,14.285714285714286
동작구,2025-05-12,7,14.928571428571429
동작구,2025-05-13,13,15.714285714285714
동작구,2025-05-14,7,15.714285714285714
동작구,2025-05-15,17,15.428571428571429
동작구,2025-05-16,16,15.642857142857142
동작구,2025-05-17,33,15.642857142857142
동작구,2025-05-18,11,15.0
동작구,2025-05-19,15,14.785714285714286
동작구,2025-05-20,9,15.285714285714286
동작구,2025-05-21,9,15.5
동작구,2025-05-22,11,16.071428571428573
동작구,2025-05-23,17,15.428571428571429
동작구,2025-05-24,37,15.571428571428571
동작구,2025-05-25,5,16.357142857142858
동작구,2025-05-26,14,16.214285714285715
동작구,2025-05-27,16,15.785714285714286
동작구,2025-05-28,15,16.642857142857142
동작구,2025-05-29,8,17.142857142857142
동작구,2025-05-30,18,17.357142857142858
동작구,2025-05-31,44,18.5
동작구,2025-06-01,9,17.214285714285715
동작구,2025-06-02,9,17.714285714285715
동작구,2025-06-03,21,17.214285714285715
동작구,2025-06-04,16,17.428571428571427
동작구,2025-06-05,14,17.857142857142858
동작구,2025-06-06,33,18.642857142857142
동작구,2025-06-07,19,19.428571428571427
동작구,2025-06-08,12,19.142857142857142
동작구,2025-06-09,7,19.714285714285715
동작구,2025-06-10,19,20.428571428571427
동작구,2025-06-11,21,20.857142857142858
동작구,2025-06-12,19,21.214285714285715
동작구,2025-06-13,29,21.857142857142858
동작구,2025-06-14,40,21.285714285714285
동작구,2025-06-15,17,23.428571428571427
동작구,2025-06-16,19,23.5
동작구,2025-06-17,27,24.571428571428573
동작구,2025-06-18,21,24.428571428571427
동작구,2025-06-19,23,24.285714285714285
동작구,2025-06-20,25,24.285714285714285
동작구,2025-06-21,49,25.642857142857142
동작구,2025-06-22,13,23.785714285714285
동작구,2025-06-23,22,22.642857142857142
동작구,2025-06-24,17,21.714285714285715
동작구,2025-06-25,19,20.142857142857142
동작구,2025-06-26,19,18.928571428571427
동작구,2025-06-27,48,17.714285714285715
동작구,2025-06-28,14,16.428571428571427
동작구,2025-06-29,1,13.5
동작구,2025-06-30,6,12.928571428571429
동작구,2025-07-01,5,11.928571428571429
동작구,2025-07-02,4,11.071428571428571
동작구,2025-07-03,6,10.0
동작구,2025-07-04,7,8.857142857142858
동작구,2025-07-05,8,6.142857142857143
동작구,2025-07-07,5,5.285714285714286
동작구,2025-07-08,8,5.428571428571429
동작구,2025-07-09,5,5.214285714285714
동작구,2025-07-10,4,5.0
동작구,2025-07-11,3,5.071428571428571
동작구,2025-07-12,10,4.857142857142857
동작구,2025-07-13,2,5.071428571428571
동작구,2025-07-14,3,4.785714285714286
동작구,2025-07-15,3,4.571428571428571
동작구,2025-07-16,2,4.285714285714286
동작구,2025-07-17,5,4.0
동작구,2025-07-18,3,4.0
동작구,2025-07-19,10,3.9285714285714284
동작구,2025-07-20,4,3.5
동작구,2025-07-21,2,3.642857142857143
동작구,2025-07-22,4,3.7142857142857144
동작구,2025-07-23,1,4.0
동작구,2025-07-24,4,4.428571428571429
동작구,2025-07-25,2,4.285714285714286
동작구,2025-07-26,4,4.214285714285714
동작구,2025-07-27,4,3.7857142857142856
동작구,2025-07-28,4,3.642857142857143
동작구,2025-07-29,7,4.142857142857143
동작구,2025-07-30,8,4.142857142857143
동작구,2025-07-31,3,4.428571428571429
동작구,2025-08-01,2,4.357142857142857
동작구,2025-08-02,4,4.785714285714286
동작구,2025-08-03,2,4.785714285714286
동작구,2025-08-04,9,4.857142857142857
동작구,2025-08-05,4,5.0
동작구,2025-08-06,5,4.785714285714286
동작구,2025-08-07,3,4.714285714285714
동작구,2025-08-08,8,4.642857142857143
동작구,2025-08-09,4,5.071428571428571
동작구,2025-08-10,5,5.285714285714286
동작구,2025-08-11,6,5.285714285714286
동작구,2025-08-12,4,4.928571428571429
동작구,2025-08-13,7,4.785714285714286
동작구,2025-08-14,2,5.142857142857143
동작구,2025-08-15,8,5.285714285714286
동작구,2025-08-16,7,5.285714285714286
동작구,2025-08-17,2,6.714285714285714
동작구,2025-08-18,4,6.642857142857143
동작구,2025-08-19,2,6.571428571428571
동작구,2025-08-20,10,6.5
동작구,2025-08-21,5,6.5
동작구,2025-08-22,8,6.642857142857143
동작구,2025-08-23,24,6.785714285714286
동작구,2025-08-24,4,7.857142857142857
동작구,2025-08-25,5,8.357142857142858
동작구,2025-08-26,3,8.428571428571429
동작구,2025-08-27,7,8.928571428571429
동작구,2025-08-28,4,8.785714285714286
동작구,2025-08-29,10,8.714285714285714
동작구,2025-08-30,22,9.071428571428571
동작구,2025-08-31,9,9.0
동작구,2025-09-01,5,9.0
동작구,2025-09-02,9,9.214285714285714
동작구,2025-09-03,8,9.928571428571429
동작구,2025-09-04,4,10.071428571428571
동작구,2025-09-05,13,10.5
동작구,2025-09-06,23,10.571428571428571
동작구,2025-09-07,4,10.928571428571429
동작구,2025-09-08,8,10.785714285714286
동작구,2025-09-09,13,11.714285714285714
동작구,2025-09-10,9,11.5
동작구,2025-09-11,10,12.0
동작구,2025-09-12,11,13.071428571428571
동작구,2025-09-13,27,12.928571428571429
동작구,2025-09-14,7,13.714285714285714
동작구,2025-09-15,18,14.0
동작구,2025-09-16,6,14.357142857142858
동작구,2025-09-17,15,14.928571428571429
동작구,2025-09-18,19,15.714285714285714
동작구,2025-09-19,11,16.428571428571427
동작구,2025-09-20,34,17.357142857142858
동작구,2025-09-21,8,19.571428571428573
동작구,2025-09-22,13,19.714285714285715
동작구,2025-09-23,21,20.142857142857142
동작구,2025-09-24,20,22.071428571428573
동작구,2025-09-25,20,23.071428571428573
동작구,2025-09-26,24,22.928571428571427
동작구,2025-09-27,58,23.785714285714285
동작구,2025-09-28,9,22.071428571428573
동작구,2025-09-29,24,21.571428571428573
동작구,2025-09-30,33,20.714285714285715
동작구,2025-10-01,29,19.714285714285715
동작구,2025-10-02,17,19.642857142857142
동작구,2025-10-03,23,20.428571428571427
동작구,2025-10-04,10,19.642857142857142
동작구,2025-10-05,1,17.142857142857142
동작구,2025-10-07,1,20.071428571428573
동작구,2025-10-09,7,22.785714285714285
동작구,2025-10-10,19,21.642857142857142
동작구,2025-10-11,31,21.142857142857142
동작구,2025-10-12,13,23.714285714285715
동작구,2025-10-13,23,23.857142857142858
동작구,2025-10-14,50,23.214285714285715
동작구,2025-10-15,62,23.214285714285715
동작구,2025-10-16,17,23.214285714285715
동작구,2025-10-17,22,22.785714285714285
동작구,2025-10-18,53,21.5
동작구,2025-10-19,25,19.357142857142858
동작구,2025-10-21,1,18.714285714285715
동작구,2025-10-23,1,17.142857142857142
동작구,2025-10-24,1,13.785714285714286
동작구,2025-10-27,1,9.5
동작구,2025-10-31,1,8.428571428571429
동작구,2025-11-03,1,6.928571428571429
동작구,2025-11-07,4,3.2857142857142856
동작구,2025-11-08,1,1.6428571428571428
동작구,2025-11-10,3,1.7142857142857142
동작구,2025-11-11,2,1.8571428571428572
동작구,2025-11-13,2,2.142857142857143
동작구,2025-11-14,1,2.357142857142857
동작구,2025-11-15,2,2.7857142857142856
동작구,2025-11-16,2,3.0714285714285716
동작구,2025-11-17,2,2.857142857142857
동작구,2025-11-18,3,3.142857142857143
동작구,2025-11-19,5,3.142857142857143
동작구,2025-11-20,4,3.357142857142857
동작구,2025-11-21,7,3.5
동작구,2025-11-22,5,3.9285714285714284
동작구,2025-11-23,1,4.214285714285714
동작구,2025-11-24,5,4.214285714285714
동작구,2025-11-25,3,4.285714285714286
동작구,2025-11-26,5,4.357142857142857
동작구,2025-11-27,4,4.214285714285714
동작구,2025-11-28,7,4.285714285714286
동작구,2025-11-29,6,4.285714285714286
동작구,2025-11-30,2,4.571428571428571
동작구,2025-12-01,3,4.642857142857143
동작구,2025-12-02,4,4.5
동작구,2025-12-03,3,4.5
동작구,2025-12-04,5,4.571428571428571
동작구,2025-12-05,7,4.428571428571429
동작구,2025-12-06,9,4.285714285714286
동작구,2025-12-07,2,4.357142857142857
동작구,2025-12-08,3,4.285714285714286
동작구,2025-12-09,3,4.214285714285714
동작구,2025-12-10,6,4.571428571428571
동작구,2025-12-11,2,4.5
동작구,2025-12-12,5,4.5
동작구,2025-12-13,7,4.571428571428571
동작구,2025-12-14,1,4.428571428571429
동작구,2025-12-15,2,4.357142857142857
동작구,2025-12-16,9,4.285714285714286
동작구,2025-12-17,2,4.5
동작구,2025-12-18,5,4.428571428571429
동작구,2025-12-19,8,4.571428571428571
동작구,2025-12-20,7,5.0
동작구,2025-12-21,1,4.785714285714286
동작구,2025-12-22,2,5.142857142857143
동작구,2025-12-23,6,5.357142857142857
동작구,2025-12-24,5,5.285714285714286
동작구,2025-12-26,4,5.214285714285714
동작구,2025-12-27,11,5.214285714285714
동작구,2025-12-28,4,5.357142857142857
동작구,2025-12-29,6,4.928571428571429
동작구,2025-12-30,5,5.214285714285714
동작구,2025-12-31,8,5.571428571428571
동작구,2026-01-01,1,5.428571428571429
동작구,2026-01-02,5,5.285714285714286
동작구,2026-01-03,10,5.714285714285714
동작구,2026-01-04,1,5.571428571428571
동작구,2026-01-05,5,5.428571428571429
동작구,2026-01-06,7,5.714285714285714
동작구,2026-01-07,4,5.571428571428571
동작구,2026-01-08,3,5.571428571428571
동작구,2026-01-09,10,5.857142857142857
동작구,2026-01-10,9,6.071428571428571
동작구,2026-01-11,2,6.0
동작구,2026-01-12,10,6.0
동작구,2026-01-13,3,6.285714285714286
동작구,2026-01-14,8,6.142857142857143
동작구,2026-01-15,5,6.5
동작구,2026-01-16,8,6.5
동작구,2026-01-17,9,6.214285714285714
동작구,2026-01-18,1,6.0
동작구,2026-01-19,9,5.928571428571429
동작구,2026-01-20,5,5.785714285714286
동작구,2026-01-21,9,6.142857142857143
동작구,2026-01-22,3,6.0
동작구,2026-01-23,6,6.857142857142857
동작구,2026-01-24,6,6.714285714285714
동작구,2026-01-25,1,7.142857142857143
동작구,2026-01-26,8,7.357142857142857
동작구,2026-01-27,8,7.071428571428571
동작구,2026-01-28,6,7.428571428571429
동작구,2026-01-29,17,7.785714285714286
동작구,2026-01-30,6,8.214285714285714
동작구,2026-01-31,15,9.571428571428571
동작구,2026-02-02,4,9.214285714285714
동작구,2026-02-03,5,9.571428571428571
동작구,2026-02-04,10,9.428571428571429
동작구,2026-02-05,14,9.428571428571429
동작구,2026-02-06,9,9.571428571428571
동작구,2026-02-07,25,9.285714285714286
동작구,2026-02-08,1,9.5
동작구,2026-02-09,6,8.5
동작구,2026-02-10,6,8.714285714285714
동작구,2026-02-11,8,9.071428571428571
동작구,2026-02-12,8,9.285714285714286
동작구,2026-02-13,13,9.0
동작구,2026-02-14,9,8.714285714285714
동작구,2026-02-16,1,7.0
동작구,2026-02-19,7,7.285714285714286
동작구,2026-02-20,10,7.285714285714286
동작구,2026-02-21,13,7.642857142857143
동작구,2026-02-23,10,7.214285714285714
동작구,2026-02-24,5,7.071428571428571
동작구,2026-02-25,1,6.642857142857143
동작구,2026-02-26,5,6.785714285714286
동작구,2026-02-27,6,7.214285714285714
동작구,2026-02-28,11,7.285714285714286
동작구,2026-03-02,2,6.857142857142857
동작구,2026-03-03,6,6.357142857142857
동작구,2026-03-04,7,6.0
동작구,2026-03-05,11,6.071428571428571
동작구,2026-03-06,7,6.428571428571429
동작구,2026-03-07,8,6.285714285714286
동작구,2026-03-09,4,6.071428571428571
동작구,2026-03-11,6,5.428571428571429
동작구,2026-03-12,5,5.714285714285714
동작구,2026-03-13,6,5.785714285714286
동작구,2026-03-14,6,5.785714285714286
동작구,2026-03-15,3,5.928571428571429
동작구,2026-03-16,3,5.857142857142857
동작구,2026-03-17,2,5.714285714285714
동작구,2026-03-18,6,5.857142857142857
동작구,2026-03-19,7,5.785714285714286
동작구,2026-03-20,7,6.071428571428571
동작구,2026-03-21,13,6.071428571428571
동작구,2026-03-22,6,6.285714285714286
동작구,2026-03-23,6,6.142857142857143
동작구,2026-03-24,6,6.5
동작구,2026-03-25,5,6.857142857142857
동작구,2026-03-26,9,6.785714285714286
동작구,2026-03-27,6,7.357142857142857
동작구,2026-03-28,9,7.428571428571429
동작구,2026-03-29,1,8.285714285714286
동작구,2026-03-30,8,7.928571428571429
동작구,2026-03-31,7,7.928571428571429
동작구,2026-04-01,5,7.857142857142857
동작구,2026-04-02,15,7.928571428571429
동작구,2026-04-03,8,7.857142857142857
동작구,2026-04-04,25,8.5
동작구,2026-04-05,1,9.357142857142858
동작구,2026-04-06,6,9.428571428571429
동작구,2026-04-07,5,9.428571428571429
동작구,2026-04-08,6,9.142857142857142
동작구,2026-04-09,8,9.461538461538462
동작구,2026-04-10,15,9.0
동작구,2026-04-11,21,9.090909090909092
동작구,2026-04-12,2,7.5
동작구,2026-04-13,8,8.222222222222221
동작구,2026-04-14,3,8.5
마포구,2025-04-15,10,10.142857142857142
마포구,2025-04-16,6,10.25
마포구,2025-04-17,9,10.11111111111111
마포구,2025-04-18,16,9.5
마포구,2025-04-19,18,9.0
마포구,2025-04-20,2,10.0
마포구,2025-04-21,10,9.76923076923077
마포구,2025-04-22,11,9.857142857142858
마포구,2025-04-23,9,9.714285714285714
마포구,2025-04-24,4,9.857142857142858
마포구,2025-04-25,4,10.714285714285714
마포구,2025-04-26,21,10.071428571428571
마포구,2025-04-27,7,9.785714285714286
마포구,2025-04-28,11,9.857142857142858
마포구,2025-04-29,8,9.5
마포구,2025-04-30,8,9.5
마포구,2025-05-01,21,9.714285714285714
마포구,2025-05-02,7,10.642857142857142
마포구,2025-05-03,14,11.214285714285714
마포구,2025-05-04,3,11.928571428571429
마포구,2025-05-05,5,11.928571428571429
마포구,2025-05-06,11,12.214285714285714
마포구,2025-05-07,12,12.214285714285714
마포구,2025-05-08,17,12.5
마포구,2025-05-09,12,11.857142857142858
마포구,2025-05-10,31,12.5
마포구,2025-05-11,7,13.642857142857142
마포구,2025-05-12,15,13.571428571428571
마포구,2025-05-13,8,13.714285714285714
마포구,2025-05-14,12,14.0
마포구,2025-05-15,12,13.857142857142858
마포구,2025-05-16,16,14.0
마포구,2025-05-17,30,14.214285714285714
마포구,2025-05-18,2,14.214285714285714
마포구,2025-05-19,7,14.0
마포구,2025-05-20,15,13.642857142857142
마포구,2025-05-21,10,14.071428571428571
마포구,2025-05-22,19,14.142857142857142
마포구,2025-05-23,15,14.714285714285714
마포구,2025-05-24,31,14.785714285714286
마포구,2025-05-25,4,14.214285714285714
마포구,2025-05-26,10,14.785714285714286
마포구,2025-05-27,14,15.357142857142858
마포구,2025-05-28,13,16.142857142857142
마포구,2025-05-29,20,17.0
마포구,2025-05-30,17,16.5
마포구,2025-05-31,22,17.5
마포구,2025-06-01,10,17.142857142857142
마포구,2025-06-02,15,17.214285714285715
마포구,2025-06-03,26,17.571428571428573
마포구,2025-06-04,22,18.0
마포구,2025-06-05,12,18.0
마포구,2025-06-06,29,18.571428571428573
마포구,2025-06-07,26,19.285714285714285
마포구,2025-06-08,5,21.5
마포구,2025-06-09,15,22.0
마포구,2025-06-10,20,23.0
마포구,2025-06-11,13,22.785714285714285
마포구,2025-06-12,28,22.857142857142858
마포구,2025-06-13,27,23.428571428571427
마포구,2025-06-14,53,23.928571428571427
마포구,2025-06-15,17,26.071428571428573
마포구,2025-06-16,29,26.857142857142858
마포구,2025-06-17,23,27.0
마포구,2025-06-18,23,26.714285714285715
마포구,2025-06-19,20,26.571428571428573
마포구,2025-06-20,36,25.642857142857142
마포구,2025-06-21,56,27.928571428571427
마포구,2025-06-22,16,24.928571428571427
마포구,2025-06-23,17,23.785714285714285
마포구,2025-06-24,16,22.142857142857142
마포구,2025-06-25,11,20.857142857142858
마포구,2025-06-26,15,19.285714285714285
마포구,2025-06-27,59,18.285714285714285
마포구,2025-06-28,11,15.928571428571429
마포구,2025-06-29,1,12.571428571428571
마포구,2025-06-30,6,11.571428571428571
마포구,2025-07-01,5,10.642857142857142
마포구,2025-07-02,1,9.785714285714286
마포구,2025-07-03,6,9.285714285714286
마포구,2025-07-04,3,8.5
마포구,2025-07-05,9,4.714285714285714
마포구,2025-07-06,2,4.642857142857143
마포구,2025-07-07,4,4.642857142857143
마포구,2025-07-08,4,4.285714285714286
마포구,2025-07-09,4,4.142857142857143
마포구,2025-07-10,4,4.142857142857143
마포구,2025-07-11,6,4.285714285714286
마포구,2025-07-12,10,4.428571428571429
마포구,2025-07-13,1,3.9285714285714284
마포구,2025-07-14,1,3.857142857142857
마포구,2025-07-15,3,3.7142857142857144
마포구,2025-07-16,1,3.7857142857142856
마포구,2025-07-17,8,3.9285714285714284
마포구,2025-07-18,5,3.857142857142857
마포구,2025-07-19,2,3.857142857142857
마포구,2025-07-20,1,3.642857142857143
마포구,2025-07-21,2,3.642857142857143
마포구,2025-07-22,5,3.7857142857142856
마포구,2025-07-23,6,4.0
마포구,2025-07-24,3,4.142857142857143
마포구,2025-07-25,6,3.857142857142857
마포구,2025-07-26,7,3.5714285714285716
마포구,2025-07-27,1,3.9285714285714284
마포구,2025-07-28,3,3.9285714285714284
마포구,2025-07-29,6,4.071428571428571
마포구,2025-07-30,3,3.9285714285714284
마포구,2025-07-31,4,3.7857142857142856
마포구,2025-08-01,1,3.7142857142857144
마포구,2025-08-02,7,3.7142857142857144
마포구,2025-08-03,1,3.9285714285714284
마포구,2025-08-04,4,3.9285714285714284
마포구,2025-08-05,3,3.9285714285714284
마포구,2025-08-06,4,4.0
마포구,2025-08-07,2,4.285714285714286
마포구,2025-08-08,6,4.214285714285714
마포구,2025-08-09,10,4.642857142857143
마포구,2025-08-10,1,4.785714285714286
마포구,2025-08-11,3,4.785714285714286
마포구,2025-08-12,7,5.0
마포구,2025-08-13,7,5.357142857142857
마포구,2025-08-14,3,5.214285714285714
마포구,2025-08-15,7,5.571428571428571
마포구,2025-08-16,9,5.714285714285714
마포구,2025-08-17,1,6.214285714285714
마포구,2025-08-18,7,6.428571428571429
마포구,2025-08-19,8,6.785714285714286
마포구,2025-08-20,2,6.642857142857143
마포구,2025-08-21,7,6.642857142857143
마포구,2025-08-22,8,6.714285714285714
마포구,2025-08-23,17,6.714285714285714
마포구,2025-08-24,4,7.357142857142857
마포구,2025-08-25,8,7.5
마포구,2025-08-26,5,7.428571428571429
마포구,2025-08-27,7,7.714285714285714
마포구,2025-08-28,4,8.142857142857142
마포구,2025-08-29,7,8.428571428571429
마포구,2025-08-30,18,8.571428571428571
마포구,2025-08-31,3,8.214285714285714
마포구,2025-09-01,6,8.5
마포구,2025-09-02,12,8.214285714285714
마포구,2025-09-03,8,8.357142857142858
마포구,2025-09-04,11,9.142857142857142
마포구,2025-09-05,10,9.785714285714286
마포구,2025-09-06,12,10.0
마포구,2025-09-07,8,11.0
마포구,2025-09-08,4,11.5
마포구,2025-09-09,7,11.5
마포구,2025-09-10,18,11.714285714285714
마포구,2025-09-11,13,12.428571428571429
마포구,2025-09-12,10,13.142857142857142
마포구,2025-09-13,32,14.357142857142858
마포구,2025-09-14,10,16.714285714285715
마포구,2025-09-15,6,17.142857142857142
마포구,2025-09-16,15,18.285714285714285
마포구,2025-09-17,18,19.0
마포구,2025-09-18,21,19.428571428571427
마포구,2025-09-19,27,20.357142857142858
마포구,2025-09-20,45,21.785714285714285
마포구,2025-09-21,14,23.0
마포구,2025-09-22,20,23.214285714285715
마포구,2025-09-23,17,24.5
마포구,2025-09-24,24,24.571428571428573
마포구,2025-09-25,26,25.642857142857142
마포구,2025-09-26,30,25.5
마포구,2025-09-27,49,25.142857142857142
마포구,2025-09-28,13,22.857142857142858
마포구,2025-09-29,24,22.142857142857142
마포구,2025-09-30,16,20.785714285714285
마포구,2025-10-01,33,19.857142857142858
마포구,2025-10-02,19,18.642857142857142
마포구,2025-10-03,22,17.642857142857142
마포구,2025-10-04,13,16.857142857142858
마포구,2025-10-05,4,15.571428571428571
마포구,2025-10-06,1,15.428571428571429
마포구,2025-10-07,4,15.642857142857142
마포구,2025-10-08,7,17.071428571428573
마포구,2025-10-09,12,18.428571428571427
마포구,2025-10-10,19,17.714285714285715
마포구,2025-10-11,31,18.857142857142858
마포구,2025-10-12,11,20.857142857142858
마포구,2025-10-13,27,22.714285714285715
마포구,2025-10-14,36,22.714285714285715
마포구,2025-10-15,52,22.5
마포구,2025-10-16,9,22.071428571428573
마포구,2025-10-17,38,21.285714285714285
마포구,2025-10-18,41,20.0
마포구,2025-10-19,30,17.928571428571427
마포구,2025-10-23,1,17.285714285714285
마포구,2025-10-28,1,15.5
마포구,2025-10-29,1,13.214285714285714
마포구,2025-10-30,1,9.714285714285714
마포구,2025-11-05,1,9.142857142857142
마포구,2025-11-06,2,6.642857142857143
마포구,2025-11-07,2,3.7857142857142856
마포구,2025-11-08,2,1.8571428571428572
마포구,2025-11-10,4,2.0
마포구,2025-11-12,3,2.2857142857142856
마포구,2025-11-13,1,2.2857142857142856
마포구,2025-11-15,3,2.642857142857143
마포구,2025-11-16,1,3.0
마포구,2025-11-17,3,3.2142857142857144
마포구,2025-11-18,3,3.5
마포구,2025-11-19,5,3.7857142857142856
마포구,2025-11-20,1,4.0
마포구,2025-11-21,6,4.285714285714286
마포구,2025-11-22,6,4.928571428571429
마포구,2025-11-24,5,5.0
마포구,2025-11-25,6,5.071428571428571
마포구,2025-11-26,6,5.071428571428571
마포구,2025-11-27,7,5.285714285714286
마포구,2025-11-28,7,5.214285714285714
마포구,2025-11-29,10,5.5
마포구,2025-11-30,4,5.5
마포구,2025-12-01,2,5.214285714285714
마포구,2025-12-02,3,5.214285714285714
마포구,2025-12-03,6,5.071428571428571
마포구,2025-12-04,4,5.142857142857143
마포구,2025-12-05,5,5.0
마포구,2025-12-06,6,4.857142857142857
마포구,2025-12-07,2,4.571428571428571
마포구,2025-12-08,5,4.571428571428571
마포구,2025-12-09,4,4.5
마포구,2025-12-10,7,4.785714285714286
마포구,2025-12-11,5,4.571428571428571
마포구,2025-12-12,5,4.857142857142857
마포구,2025-12-13,6,4.928571428571429
마포구,2025-12-15,4,4.714285714285714
마포구,2025-12-16,1,5.0
마포구,2025-12-17,7,5.071428571428571
마포구,2025-12-18,3,5.071428571428571
마포구,2025-12-19,8,5.214285714285714
마포구,2025-12-20,6,5.0
마포구,2025-12-22,3,5.142857142857143
마포구,2025-12-23,6,5.071428571428571
마포구,2025-12-24,6,5.0
마포구,2025-12-25,4,5.214285714285714
마포구,2025-12-26,9,5.0
마포구,2025-12-27,2,4.857142857142857
마포구,2025-12-29,7,4.571428571428571
마포구,2025-12-30,5,4.571428571428571
마포구,2025-12-31,3,4.714285714285714
마포구,2026-01-02,4,4.642857142857143
마포구,2026-01-03,4,4.642857142857143
마포구,2026-01-04,1,5.142857142857143
마포구,2026-01-05,4,4.642857142857143
마포구,2026-01-06,6,4.785714285714286
마포구,2026-01-07,5,4.571428571428571
마포구,2026-01-08,5,4.5
마포구,2026-01-09,6,4.714285714285714
마포구,2026-01-10,11,4.857142857142857
마포구,2026-01-11,2,5.142857142857143
마포구,2026-01-12,4,5.214285714285714
마포구,2026-01-13,4,5.214285714285714
마포구,2026-01-14,4,5.285714285714286
마포구,2026-01-15,6,5.428571428571429
마포구,2026-01-16,6,5.642857142857143
마포구,2026-01-17,8,6.357142857142857
마포구,2026-01-19,2,5.928571428571429
마포구,2026-01-20,4,6.0
마포구,2026-01-21,7,6.071428571428571
마포구,2026-01-22,7,6.142857142857143
마포구,2026-01-23,8,6.142857142857143
마포구,2026-01-24,16,6.357142857142857
마포구,2026-01-25,5,6.142857142857143
마포구,2026-01-26,3,5.785714285714286
마포구,2026-01-27,5,5.785714285714286
마포구,2026-01-28,5,5.571428571428571
마포구,2026-01-29,4,5.5
마포구,2026-01-30,9,5.428571428571429
마포구,2026-01-31,3,5.5
마포구,2026-02-01,3,5.214285714285714
마포구,2026-02-02,2,4.928571428571429
마포구,2026-02-03,1,5.357142857142857
마포구,2026-02-04,6,5.642857142857143
마포구,2026-02-05,6,5.928571428571429
마포구,2026-02-06,9,6.142857142857143
마포구,2026-02-07,12,6.142857142857143
마포구,2026-02-08,1,6.285714285714286
마포구,2026-02-09,9,6.214285714285714
마포구,2026-02-10,9,6.428571428571429
마포구,2026-02-11,9,7.142857142857143
마포구,2026-02-12,7,6.928571428571429
마포구,2026-02-13,9,6.642857142857143
마포구,2026-02-14,5,6.428571428571429
마포구,2026-02-15,2,6.0
마포구,2026-02-19,5,6.142857142857143
마포구,2026-02-20,11,6.142857142857143
마포구,2026-02-21,3,6.142857142857143
마포구,2026-02-22,2,5.714285714285714
마포구,2026-02-23,6,5.428571428571429
마포구,2026-02-24,6,5.357142857142857
마포구,2026-02-25,3,5.214285714285714
마포구,2026-02-26,9,5.5
마포구,2026-02-27,9,5.285714285714286
마포구,2026-02-28,3,4.928571428571429
마포구,2026-03-01,3,5.285714285714286
마포구,2026-03-02,8,5.5
마포구,2026-03-03,3,5.285714285714286
마포구,2026-03-04,6,5.428571428571429
마포구,2026-03-05,2,5.428571428571429
마포구,2026-03-06,6,5.214285714285714
마포구,2026-03-07,8,5.071428571428571
마포구,2026-03-09,5,5.0
마포구,2026-03-10,3,4.928571428571429
마포구,2026-03-11,8,4.571428571428571
마포구,2026-03-12,3,4.785714285714286
마포구,2026-03-13,6,5.071428571428571
마포구,2026-03-14,7,5.214285714285714
마포구,2026-03-16,2,4.928571428571429
마포구,2026-03-17,2,4.428571428571429
마포구,2026-03-18,3,4.571428571428571
마포구,2026-03-19,6,4.857142857142857
마포구,2026-03-20,10,4.642857142857143
마포구,2026-03-21,4,4.642857142857143
마포구,2026-03-22,2,5.214285714285714
마포구,2026-03-23,1,4.857142857142857
마포구,2026-03-24,7,5.071428571428571
마포구,2026-03-25,7,5.357142857142857
마포구,2026-03-26,5,5.714285714285714
마포구,2026-03-27,3,6.0
마포구,2026-03-28,14,5.642857142857143
마포구,2026-03-29,2,5.571428571428571
마포구,2026-03-30,5,5.5
마포구,2026-03-31,6,5.571428571428571
마포구,2026-04-01,8,5.428571428571429
마포구,2026-04-02,10,5.142857142857143
마포구,2026-04-03,5,5.142857142857143
마포구,2026-04-04,3,5.642857142857143
마포구,2026-04-05,1,5.428571428571429
마포구,2026-04-06,2,5.357142857142857
마포구,2026-04-07,5,5.357142857142857
마포구,2026-04-08,3,5.5
마포구,2026-04-09,5,5.3076923076923075
마포구,2026-04-10,10,4.916666666666667
마포구,2026-04-11,11,4.909090909090909
마포구,2026-04-12,1,5.1
마포구,2026-04-13,5,5.555555555555555
마포구,2026-04-14,8,6.0
서대문구,2025-04-15,7,8.714285714285714
서대문구,2025-04-16,8,8.625
서대문구,2025-04-17,8,8.777777777777779
서대문구,2025-04-18,8,8.2
서대문구,2025-04-19,16,8.090909090909092
서대문구,2025-04-20,4,9.166666666666666
서대문구,2025-04-21,10,8.76923076923077
서대문구,2025-04-22,8,8.857142857142858
서대문구,2025-04-23,10,8.857142857142858
서대문구,2025-04-24,3,8.5
서대문구,2025-04-25,7,8.642857142857142
서대문구,2025-04-26,21,8.642857142857142
서대문구,2025-04-27,4,8.285714285714286
서대문구,2025-04-28,10,8.357142857142858
서대문구,2025-04-29,7,7.928571428571429
서대문구,2025-04-30,3,7.785714285714286
서대문구,2025-05-01,10,7.428571428571429
서대문구,2025-05-02,8,7.714285714285714
서대문구,2025-05-03,11,9.071428571428571
서대문구,2025-05-05,5,8.0
서대문구,2025-05-06,4,8.5
서대문구,2025-05-07,6,8.571428571428571
서대문구,2025-05-08,5,8.357142857142858
서대문구,2025-05-09,7,8.714285714285714
서대문구,2025-05-10,26,8.714285714285714
서대문구,2025-05-11,6,9.5
서대문구,2025-05-12,11,8.857142857142858
서대문구,2025-05-13,11,9.285714285714286
서대문구,2025-05-14,4,9.428571428571429
서대문구,2025-05-15,8,9.571428571428571
서대문구,2025-05-16,10,9.928571428571429
서대문구,2025-05-17,19,10.428571428571429
서대문구,2025-05-18,2,10.0
서대문구,2025-05-19,11,10.0
서대문구,2025-05-20,6,10.0
서대문구,2025-05-21,8,9.857142857142858
서대문구,2025-05-22,10,10.357142857142858
서대문구,2025-05-23,14,10.571428571428571
서대문구,2025-05-24,20,11.142857142857142
서대문구,2025-05-25,6,12.214285714285714
서대문구,2025-05-26,11,12.428571428571429
서대문구,2025-05-27,9,12.714285714285714
서대문구,2025-05-28,11,14.5
서대문구,2025-05-29,11,14.357142857142858
서대문구,2025-05-30,18,14.642857142857142
서대문구,2025-05-31,34,15.5
서대문구,2025-06-01,5,15.357142857142858
서대문구,2025-06-02,15,15.5
서대문구,2025-06-03,31,16.357142857142858
서대문구,2025-06-04,6,16.5
서대문구,2025-06-05,14,16.714285714285715
서대문구,2025-06-06,26,17.357142857142858
서대문구,2025-06-07,18,17.571428571428573
서대문구,2025-06-08,8,18.142857142857142
서대문구,2025-06-09,23,18.357142857142858
서대문구,2025-06-10,11,18.0
서대문구,2025-06-11,14,16.857142857142858
서대문구,2025-06-12,20,17.571428571428573
서대문구,2025-06-13,21,17.714285714285715
서대문구,2025-06-14,42,17.0
서대문구,2025-06-15,8,17.642857142857142
서대문구,2025-06-16,10,18.071428571428573
서대문구,2025-06-17,15,18.0
서대문구,2025-06-18,16,18.0
서대문구,2025-06-19,16,18.071428571428573
서대문구,2025-06-20,16,18.0
서대문구,2025-06-21,27,18.928571428571427
서대문구,2025-06-22,14,16.857142857142858
서대문구,2025-06-23,22,16.571428571428573
서대문구,2025-06-24,11,16.357142857142858
서대문구,2025-06-25,15,15.714285714285714
서대문구,2025-06-26,19,14.928571428571429
서대문구,2025-06-27,34,14.0
서대문구,2025-06-28,13,13.285714285714286
서대문구,2025-06-29,4,12.071428571428571
서대문구,2025-06-30,7,11.214285714285714
서대문구,2025-07-01,6,10.0
서대문구,2025-07-02,5,9.357142857142858
서대문구,2025-07-03,3,8.571428571428571
서대문구,2025-07-04,6,7.785714285714286
서대문구,2025-07-05,10,6.142857142857143
서대문구,2025-07-06,2,5.357142857142857
서대문구,2025-07-07,5,5.285714285714286
서대문구,2025-07-08,2,5.071428571428571
서대문구,2025-07-10,4,4.857142857142857
서대문구,2025-07-11,8,4.714285714285714
서대문구,2025-07-12,11,4.571428571428571
서대문구,2025-07-13,2,4.5
서대문구,2025-07-14,3,3.9285714285714284
서대문구,2025-07-15,4,4.0
서대문구,2025-07-16,3,3.9285714285714284
서대문구,2025-07-17,3,4.071428571428571
서대문구,2025-07-18,1,3.857142857142857
서대문구,2025-07-19,5,3.4285714285714284
서대문구,2025-07-20,2,3.2857142857142856
서대문구,2025-07-21,3,3.4285714285714284
서대문구,2025-07-22,4,3.357142857142857
서대문구,2025-07-23,4,3.4285714285714284
서대문구,2025-07-24,1,3.357142857142857
서대문구,2025-07-25,2,3.4285714285714284
서대문구,2025-07-26,9,3.642857142857143
서대문구,2025-07-28,4,3.357142857142857
서대문구,2025-07-29,2,3.357142857142857
서대문구,2025-07-30,5,3.2857142857142856
서대문구,2025-07-31,2,3.2142857142857144
서대문구,2025-08-01,4,3.2142857142857144
서대문구,2025-08-02,4,3.5
서대문구,2025-08-03,1,3.9285714285714284
서대문구,2025-08-04,2,3.357142857142857
서대문구,2025-08-05,2,3.142857142857143
서대문구,2025-08-06,3,3.357142857142857
서대문구,2025-08-07,4,3.4285714285714284
서대문구,2025-08-08,5,3.5714285714285716
서대문구,2025-08-09,8,3.642857142857143
서대문구,2025-08-10,1,3.642857142857143
서대문구,2025-08-11,1,3.7857142857142856
서대문구,2025-08-12,5,3.9285714285714284
서대문구,2025-08-13,6,4.0
서대문구,2025-08-14,4,4.071428571428571
서대문구,2025-08-15,5,3.857142857142857
서대문구,2025-08-16,4,3.857142857142857
서대문구,2025-08-17,3,3.9285714285714284
서대문구,2025-08-18,4,4.071428571428571
서대문구,2025-08-19,3,4.714285714285714
서대문구,2025-08-20,4,4.642857142857143
서대문구,2025-08-21,1,4.5
서대문구,2025-08-22,5,4.928571428571429
서대문구,2025-08-23,9,4.785714285714286
서대문구,2025-08-24,3,5.714285714285714
서대문구,2025-08-25,10,5.714285714285714
서대문구,2025-08-26,4,6.142857142857143
서대문구,2025-08-27,4,6.571428571428571
서대문구,2025-08-28,10,6.642857142857143
서대문구,2025-08-29,3,7.071428571428571
서대문구,2025-08-30,17,7.142857142857143
서대문구,2025-08-31,3,7.785714285714286
서대문구,2025-09-01,10,7.857142857142857
서대문구,2025-09-02,9,7.714285714285714
서대문구,2025-09-03,5,8.357142857142858
서대문구,2025-09-04,7,8.357142857142858
서대문구,2025-09-05,6,8.357142857142858
서대문구,2025-09-06,18,8.785714285714286
서대문구,2025-09-07,4,8.785714285714286
서대문구,2025-09-08,8,9.0
서대문구,2025-09-09,13,9.285714285714286
서대문구,2025-09-10,4,9.428571428571429
서대문구,2025-09-11,10,9.714285714285714
서대문구,2025-09-12,9,10.142857142857142
서대문구,2025-09-13,17,10.428571428571429
서대문구,2025-09-14,6,10.571428571428571
서대문구,2025-09-15,14,10.642857142857142
서대문구,2025-09-16,11,10.928571428571429
서대문구,2025-09-17,9,11.142857142857142
서대문구,2025-09-18,13,11.857142857142858
서대문구,2025-09-19,10,12.142857142857142
서대문구,2025-09-20,20,12.285714285714286
서대문구,2025-09-21,5,13.142857142857142
서대문구,2025-09-22,12,13.428571428571429
서대문구,2025-09-23,16,13.428571428571429
서대문구,2025-09-24,14,14.142857142857142
서대문구,2025-09-25,14,15.0
서대문구,2025-09-26,11,16.285714285714285
서대문구,2025-09-27,29,16.785714285714285
서대문구,2025-09-28,10,15.714285714285714
서대문구,2025-09-29,14,15.428571428571429
서대문구,2025-09-30,21,14.857142857142858
서대문구,2025-10-01,21,14.142857142857142
서대문구,2025-10-02,31,13.714285714285714
서대문구,2025-10-03,17,13.642857142857142
서대문구,2025-10-04,5,14.857142857142858
서대문구,2025-10-05,1,13.5
서대문구,2025-10-07,4,14.357142857142858
서대문구,2025-10-08,6,16.285714285714285
서대문구,2025-10-09,8,19.571428571428573
서대문구,2025-10-10,13,19.142857142857142
서대문구,2025-10-11,28,19.0
서대문구,2025-10-12,10,20.428571428571427
서대문구,2025-10-13,22,22.857142857142858
서대문구,2025-10-14,41,22.857142857142858
서대문구,2025-10-15,67,22.714285714285715
서대문구,2025-10-16,15,22.357142857142858
서대문구,2025-10-17,29,21.857142857142858
서대문구,2025-10-18,37,21.0
서대문구,2025-10-19,39,19.071428571428573
서대문구,2025-10-27,1,18.5
서대문구,2025-10-28,2,17.071428571428573
서대문구,2025-10-29,1,14.357142857142858
서대문구,2025-11-01,1,9.785714285714286
서대문구,2025-11-04,1,9.0
서대문구,2025-11-05,1,7.214285714285714
서대문구,2025-11-06,2,5.0
서대문구,2025-11-07,2,2.5714285714285716
서대문구,2025-11-08,3,2.857142857142857
서대문구,2025-11-10,3,2.857142857142857
서대문구,2025-11-11,4,3.7142857142857144
서대문구,2025-11-12,4,4.214285714285714
서대문구,2025-11-13,6,4.5
서대문구,2025-11-14,5,5.0
서대문구,2025-11-15,5,5.285714285714286
서대문구,2025-11-16,2,5.642857142857143
서대문구,2025-11-17,13,5.5
서대문구,2025-11-18,8,5.928571428571429
서대문구,2025-11-19,5,6.285714285714286
서대문구,2025-11-20,8,6.785714285714286
서대문구,2025-11-21,6,6.857142857142857
서대문구,2025-11-22,7,6.785714285714286
서대문구,2025-11-23,1,7.071428571428571
서대문구,2025-11-24,9,7.071428571428571
서대문구,2025-11-25,9,6.857142857142857
서대문구,2025-11-26,11,6.785714285714286
서대문구,2025-11-27,7,6.928571428571429
서대문구,2025-11-28,4,6.714285714285714
서대문구,2025-11-29,9,7.142857142857143
서대문구,2025-11-30,2,7.285714285714286
서대문구,2025-12-01,10,7.285714285714286
서대문구,2025-12-02,7,7.428571428571429
서대문구,2025-12-03,7,7.357142857142857
서대문구,2025-12-04,5,7.428571428571429
서대문구,2025-12-05,12,7.785714285714286
서대문구,2025-12-06,9,8.357142857142858
서대문구,2025-12-07,1,8.785714285714286
서대문구,2025-12-08,11,8.785714285714286
서대문구,2025-12-09,8,8.571428571428571
서대문구,2025-12-10,12,8.571428571428571
서대문구,2025-12-11,12,8.357142857142858
서대문구,2025-12-12,12,8.785714285714286
서대문구,2025-12-13,15,8.285714285714286
서대문구,2025-12-14,2,8.571428571428571
서대문구,2025-12-15,7,8.571428571428571
서대문구,2025-12-16,7,8.428571428571429
서대문구,2025-12-17,4,8.285714285714286
서대문구,2025-12-18,11,7.714285714285714
서대문구,2025-12-19,5,7.142857142857143
서대문구,2025-12-20,13,6.642857142857143
서대문구,2025-12-21,1,6.285714285714286
서대문구,2025-12-22,9,6.285714285714286
서대문구,2025-12-23,6,6.357142857142857
서대문구,2025-12-24,4,6.571428571428571
서대문구,2025-12-25,4,6.714285714285714
서대문구,2025-12-26,5,6.0
서대문구,2025-12-27,10,6.071428571428571
서대문구,2025-12-28,2,5.571428571428571
서대문구,2025-12-29,8,5.571428571428571
서대문구,2025-12-30,10,5.357142857142857
서대문구,2025-12-31,6,5.785714285714286
서대문구,2026-01-01,1,6.0
서대문구,2026-01-02,6,6.0
서대문구,2026-01-03,6,5.857142857142857
서대문구,2026-01-04,1,6.357142857142857
서대문구,2026-01-05,6,6.428571428571429
서대문구,2026-01-06,12,6.428571428571429
서대문구,2026-01-07,7,6.142857142857143
서대문구,2026-01-08,4,6.5
서대문구,2026-01-09,3,7.071428571428571
서대문구,2026-01-10,17,7.714285714285714
서대문구,2026-01-11,3,9.357142857142858
서대문구,2026-01-12,8,9.5
서대문구,2026-01-13,6,9.5
서대문구,2026-01-14,11,9.5
서대문구,2026-01-15,9,9.357142857142858
서대문구,2026-01-16,15,9.642857142857142
서대문구,2026-01-17,29,9.714285714285714
서대문구,2026-01-18,3,9.285714285714286
서대문구,2026-01-19,6,9.142857142857142
서대문구,2026-01-20,12,9.285714285714286
서대문구,2026-01-21,5,9.285714285714286
서대문구,2026-01-22,8,9.0
서대문구,2026-01-23,4,8.928571428571429
서대문구,2026-01-24,11,8.857142857142858
서대문구,2026-01-25,1,8.0
서대문구,2026-01-26,10,8.0
서대문구,2026-01-27,6,8.214285714285714
서대문구,2026-01-28,7,7.785714285714286
서대문구,2026-01-29,8,8.071428571428571
서대문구,2026-01-30,14,8.214285714285714
서대문구,2026-01-31,17,8.714285714285714
서대문구,2026-02-01,3,9.214285714285714
서대문구,2026-02-02,9,9.357142857142858
서대문구,2026-02-03,6,9.714285714285714
서대문구,2026-02-04,9,9.928571428571429
서대문구,2026-02-05,10,10.142857142857142
서대문구,2026-02-06,11,10.285714285714286
서대문구,2026-02-07,18,10.142857142857142
서대문구,2026-02-08,3,9.428571428571429
서대문구,2026-02-09,15,9.285714285714286
서대문구,2026-02-10,9,8.857142857142858
서대문구,2026-02-11,10,8.928571428571429
서대문구,2026-02-12,10,9.571428571428571
서대문구,2026-02-13,12,9.0
서대문구,2026-02-14,7,8.714285714285714
서대문구,2026-02-18,1,7.785714285714286
서대문구,2026-02-19,3,8.357142857142858
서대문구,2026-02-20,7,7.785714285714286
서대문구,2026-02-21,18,7.928571428571429
서대문구,2026-02-22,2,8.357142857142858
서대문구,2026-02-23,7,7.928571428571429
서대문구,2026-02-24,5,7.928571428571429
서대문구,2026-02-25,11,7.857142857142857
서대문구,2026-02-26,7,8.214285714285714
서대문구,2026-02-27,11,8.714285714285714
서대문구,2026-02-28,16,8.928571428571429
서대문구,2026-03-01,4,8.214285714285714
서대문구,2026-03-02,12,8.428571428571429
서대문구,2026-03-03,6,8.071428571428571
서대문구,2026-03-04,6,8.285714285714286
서대문구,2026-03-05,10,7.928571428571429
서대문구,2026-03-06,10,8.428571428571429
서대문구,2026-03-07,8,9.142857142857142
서대문구,2026-03-09,5,8.785714285714286
서대문구,2026-03-10,2,9.214285714285714
서대문구,2026-03-11,8,8.571428571428571
서대문구,2026-03-12,6,8.357142857142858
서대문구,2026-03-13,14,8.428571428571429
서대문구,2026-03-14,21,8.357142857142858
서대문구,2026-03-16,11,7.785714285714286
서대문구,2026-03-17,10,7.857142857142857
서대문구,2026-03-18,3,8.142857142857142
서대문구,2026-03-19,3,8.571428571428571
서대문구,2026-03-20,7,8.357142857142858
서대문구,2026-03-21,9,8.785714285714286
서대문구,2026-03-22,2,8.857142857142858
서대문구,2026-03-23,9,7.5
서대문구,2026-03-24,9,7.428571428571429
서대문구,2026-03-25,8,7.285714285714286
서대문구,2026-03-26,5,7.714285714285714
서대문구,2026-03-27,12,7.857142857142857
서대문구,2026-03-28,15,8.142857142857142
서대문구,2026-03-29,2,8.714285714285714
서대문구,2026-03-30,10,8.714285714285714
서대문구,2026-03-31,8,8.428571428571429
서대문구,2026-04-01,9,8.357142857142858
서대문구,2026-04-02,5,8.214285714285714
서대문구,2026-04-03,11,8.285714285714286
서대문구,2026-04-04,17,8.857142857142858
서대문구,2026-04-05,2,9.214285714285714
서대문구,2026-04-06,5,9.285714285714286
서대문구,2026-04-07,8,9.285714285714286
서대문구,2026-04-08,6,9.571428571428571
서대문구,2026-04-09,6,9.615384615384615
서대문구,2026-04-10,20,10.0
서대문구,2026-04-11,20,9.909090909090908
서대문구,2026-04-12,3,9.2
서대문구,2026-04-13,10,10.0
서대문구,2026-04-14,12,10.625
성동구,2025-04-15,8,12.428571428571429
성동구,2025-04-16,5,12.125
성동구,2025-04-17,14,11.555555555555555
성동구,2025-04-18,7,11.1
성동구,2025-04-19,37,10.818181818181818
성동구,2025-04-20,2,12.583333333333334
성동구,2025-04-21,14,12.0
성동구,2025-04-22,10,11.928571428571429
성동구,2025-04-23,7,12.071428571428571
성동구,2025-04-24,7,12.857142857142858
성동구,2025-04-25,8,13.428571428571429
성동구,2025-04-26,32,13.428571428571429
성동구,2025-04-27,5,11.785714285714286
성동구,2025-04-28,11,11.928571428571429
성동구,2025-04-29,10,11.071428571428571
성동구,2025-04-30,16,11.142857142857142
성동구,2025-05-01,22,11.5
성동구,2025-05-02,7,11.785714285714286
성동구,2025-05-03,14,12.571428571428571
성동구,2025-05-04,4,12.428571428571429
성동구,2025-05-05,2,12.571428571428571
성동구,2025-05-06,11,12.642857142857142
성동구,2025-05-07,12,13.285714285714286
성동구,2025-05-08,11,13.0
성동구,2025-05-09,19,12.214285714285714
성동구,2025-05-10,30,12.785714285714286
성동구,2025-05-11,7,14.357142857142858
성동구,2025-05-12,12,14.428571428571429
성동구,2025-05-13,19,15.214285714285714
성동구,2025-05-14,12,15.0
성동구,2025-05-15,11,15.0
성동구,2025-05-16,15,15.214285714285714
성동구,2025-05-17,36,14.928571428571429
성동구,2025-05-18,5,16.071428571428573
성동구,2025-05-19,13,15.928571428571429
성동구,2025-05-20,8,16.571428571428573
성동구,2025-05-21,12,16.357142857142858
성동구,2025-05-22,14,17.214285714285715
성동구,2025-05-23,15,18.285714285714285
성동구,2025-05-24,46,18.714285714285715
성동구,2025-05-25,5,18.5
성동구,2025-05-26,21,18.714285714285715
성동구,2025-05-27,16,18.642857142857142
성동구,2025-05-28,24,20.0
성동구,2025-05-29,26,19.928571428571427
성동구,2025-05-30,21,19.5
성동구,2025-05-31,33,20.0
성동구,2025-06-01,8,19.571428571428573
성동구,2025-06-02,12,20.142857142857142
성동구,2025-06-03,27,20.285714285714285
성동구,2025-06-04,11,20.571428571428573
성동구,2025-06-05,8,20.285714285714285
성동구,2025-06-06,22,19.5
성동구,2025-06-07,40,20.857142857142858
성동구,2025-06-08,13,23.785714285714285
성동구,2025-06-09,23,25.0
성동구,2025-06-10,20,26.214285714285715
성동구,2025-06-11,20,25.785714285714285
성동구,2025-06-12,15,27.285714285714285
성동구,2025-06-13,40,28.5
성동구,2025-06-14,74,28.642857142857142
성동구,2025-06-15,25,28.857142857142858
성동구,2025-06-16,29,29.0
성동구,2025-06-17,21,29.428571428571427
성동구,2025-06-18,32,29.642857142857142
성동구,2025-06-19,25,29.714285714285715
성동구,2025-06-20,24,30.714285714285715
성동구,2025-06-21,43,34.357142857142854
성동구,2025-06-22,15,30.0
성동구,2025-06-23,29,28.642857142857142
성동구,2025-06-24,23,26.928571428571427
성동구,2025-06-25,21,25.928571428571427
성동구,2025-06-26,29,24.0
성동구,2025-06-27,91,22.285714285714285
성동구,2025-06-28,13,20.642857142857142
성동구,2025-06-29,6,17.928571428571427
성동구,2025-06-30,5,17.0
성동구,2025-07-01,7,15.071428571428571
성동구,2025-07-02,5,13.5
성동구,2025-07-03,1,12.142857142857142
성동구,2025-07-04,1,10.214285714285714
성동구,2025-07-05,5,4.0
성동구,2025-07-06,2,3.357142857142857
성동구,2025-07-07,2,3.0714285714285716
성동구,2025-07-08,1,3.0
성동구,2025-07-09,2,2.857142857142857
성동구,2025-07-10,2,2.857142857142857
성동구,2025-07-11,4,2.9285714285714284
성동구,2025-07-12,4,3.142857142857143
성동구,2025-07-13,2,3.2857142857142856
성동구,2025-07-14,4,3.357142857142857
성동구,2025-07-15,5,3.4285714285714284
성동구,2025-07-16,5,3.7857142857142856
성동구,2025-07-17,2,3.7857142857142856
성동구,2025-07-18,4,4.0
성동구,2025-07-19,7,4.0
성동구,2025-07-20,3,4.071428571428571
성동구,2025-07-21,3,4.071428571428571
성동구,2025-07-22,6,4.0
성동구,2025-07-23,2,3.9285714285714284
성동구,2025-07-24,5,3.7142857142857144
성동구,2025-07-25,4,3.9285714285714284
성동구,2025-07-26,5,4.0
성동구,2025-07-27,2,3.5714285714285716
성동구,2025-07-28,3,3.5
성동구,2025-07-30,4,3.4285714285714284
성동구,2025-07-31,2,3.2857142857142856
성동구,2025-08-01,5,3.357142857142857
성동구,2025-08-02,5,3.2142857142857144
성동구,2025-08-03,1,4.071428571428571
성동구,2025-08-04,2,3.7857142857142856
성동구,2025-08-05,2,3.857142857142857
성동구,2025-08-06,4,3.7857142857142856
성동구,2025-08-07,3,4.0
성동구,2025-08-08,3,4.142857142857143
성동구,2025-08-09,16,4.142857142857143
성동구,2025-08-10,1,4.357142857142857
성동구,2025-08-11,3,4.357142857142857
성동구,2025-08-12,2,4.571428571428571
성동구,2025-08-13,7,4.785714285714286
성동구,2025-08-14,4,5.142857142857143
성동구,2025-08-15,5,5.857142857142857
성동구,2025-08-16,8,6.285714285714286
성동구,2025-08-17,1,6.785714285714286
성동구,2025-08-18,5,6.857142857142857
성동구,2025-08-19,5,7.0
성동구,2025-08-20,9,7.214285714285714
성동구,2025-08-21,13,7.0
성동구,2025-08-22,9,7.5
성동구,2025-08-23,23,8.142857142857142
성동구,2025-08-24,2,9.642857142857142
성동구,2025-08-25,5,9.857142857142858
성동구,2025-08-26,5,10.571428571428571
성동구,2025-08-27,4,10.714285714285714
성동구,2025-08-28,11,10.5
성동구,2025-08-29,14,10.642857142857142
성동구,2025-08-30,29,10.714285714285714
성동구,2025-08-31,4,10.714285714285714
성동구,2025-09-01,15,11.357142857142858
성동구,2025-09-02,7,11.357142857142858
성동구,2025-09-03,6,11.785714285714286
성동구,2025-09-04,15,12.857142857142858
성동구,2025-09-05,10,12.642857142857142
성동구,2025-09-06,23,12.285714285714286
성동구,2025-09-07,11,12.0
성동구,2025-09-08,5,12.285714285714286
성동구,2025-09-09,11,12.642857142857142
성동구,2025-09-10,19,13.5
성동구,2025-09-11,8,14.214285714285714
성동구,2025-09-12,9,14.857142857142858
성동구,2025-09-13,25,15.785714285714286
성동구,2025-09-14,8,17.214285714285715
성동구,2025-09-15,20,17.071428571428573
성동구,2025-09-16,19,17.714285714285715
성동구,2025-09-17,16,18.642857142857142
성동구,2025-09-18,24,18.642857142857142
성동구,2025-09-19,23,19.785714285714285
성동구,2025-09-20,43,21.0
성동구,2025-09-21,9,23.357142857142858
성동구,2025-09-22,14,23.642857142857142
성동구,2025-09-23,24,24.214285714285715
성동구,2025-09-24,19,24.928571428571427
성동구,2025-09-25,24,26.428571428571427
성동구,2025-09-26,26,26.428571428571427
성동구,2025-09-27,58,25.928571428571427
성동구,2025-09-28,12,23.857142857142858
성동구,2025-09-29,28,23.428571428571427
성동구,2025-09-30,29,22.5
성동구,2025-10-01,37,21.071428571428573
성동구,2025-10-02,24,19.857142857142858
성동구,2025-10-03,16,19.214285714285715
성동구,2025-10-04,14,18.5
성동구,2025-10-05,3,15.285714285714286
성동구,2025-10-07,1,16.285714285714285
성동구,2025-10-08,4,18.0
성동구,2025-10-09,2,20.428571428571427
성동구,2025-10-10,15,18.071428571428573
성동구,2025-10-11,16,18.071428571428573
성동구,2025-10-12,13,18.857142857142858
성동구,2025-10-13,26,19.714285714285715
성동구,2025-10-14,52,19.571428571428573
성동구,2025-10-15,63,19.571428571428573
성동구,2025-10-16,4,19.357142857142858
성동구,2025-10-17,24,19.285714285714285
성동구,2025-10-18,27,18.5
성동구,2025-10-19,26,17.5
성동구,2025-10-25,1,16.642857142857142
성동구,2025-10-27,1,14.857142857142858
성동구,2025-10-29,1,11.214285714285714
성동구,2025-11-02,1,6.857142857142857
성동구,2025-11-05,4,6.714285714285714
성동구,2025-11-07,2,5.142857142857143
성동구,2025-11-08,1,3.4285714285714284
성동구,2025-11-09,1,1.8571428571428572
성동구,2025-11-10,1,2.0
성동구,2025-11-11,2,2.2142857142857144
성동구,2025-11-12,2,2.357142857142857
성동구,2025-11-13,2,2.7857142857142856
성동구,2025-11-14,3,2.7857142857142856
성동구,2025-11-15,4,3.0
성동구,2025-11-17,3,3.0714285714285716
성동구,2025-11-19,4,3.357142857142857
성동구,2025-11-20,3,3.4285714285714284
성동구,2025-11-21,7,3.4285714285714284
성동구,2025-11-22,4,3.642857142857143
성동구,2025-11-24,5,3.5714285714285716
성동구,2025-11-25,2,3.4285714285714284
성동구,2025-11-26,5,5.428571428571429
성동구,2025-11-27,2,5.428571428571429
성동구,2025-11-28,2,5.357142857142857
성동구,2025-11-29,5,5.714285714285714
성동구,2025-12-01,1,5.357142857142857
성동구,2025-12-02,1,5.714285714285714
성동구,2025-12-03,32,5.428571428571429
성동구,2025-12-04,3,5.428571428571429
성동구,2025-12-05,3,5.142857142857143
성동구,2025-12-06,8,5.285714285714286
성동구,2025-12-07,2,5.214285714285714
성동구,2025-12-09,9,5.071428571428571
성동구,2025-12-10,1,5.071428571428571
성동구,2025-12-11,2,5.357142857142857
성동구,2025-12-13,1,3.4285714285714284
성동구,2025-12-15,4,3.2857142857142856
성동구,2025-12-16,1,3.142857142857143
성동구,2025-12-17,3,2.9285714285714284
성동구,2025-12-18,1,3.142857142857143
성동구,2025-12-19,5,2.642857142857143
성동구,2025-12-20,5,3.642857142857143
성동구,2025-12-21,1,4.0
성동구,2025-12-22,1,4.571428571428571
성동구,2025-12-23,5,4.642857142857143
성동구,2025-12-24,5,5.071428571428571
성동구,2025-12-25,2,5.214285714285714
성동구,2025-12-26,15,5.285714285714286
성동구,2025-12-27,7,5.0
성동구,2025-12-29,9,4.785714285714286
성동구,2025-12-30,5,4.928571428571429
성동구,2025-12-31,7,5.214285714285714
성동구,2026-01-02,5,5.071428571428571
성동구,2026-01-03,2,5.642857142857143
성동구,2026-01-04,1,5.642857142857143
성동구,2026-01-05,2,4.785714285714286
성동구,2026-01-07,3,4.714285714285714
성동구,2026-01-08,5,4.5
성동구,2026-01-09,3,4.285714285714286
성동구,2026-01-10,13,4.142857142857143
성동구,2026-01-11,2,4.142857142857143
성동구,2026-01-12,3,4.428571428571429
성동구,2026-01-13,6,4.642857142857143
성동구,2026-01-14,6,5.0
성동구,2026-01-15,2,4.928571428571429
성동구,2026-01-16,5,4.857142857142857
성동구,2026-01-17,5,5.142857142857143
성동구,2026-01-18,6,4.5
성동구,2026-01-19,4,4.642857142857143
성동구,2026-01-20,7,4.785714285714286
성동구,2026-01-21,2,4.714285714285714
성동구,2026-01-22,4,4.571428571428571
성동구,2026-01-23,7,4.642857142857143
성동구,2026-01-24,4,4.928571428571429
성동구,2026-01-26,4,4.714285714285714
성동구,2026-01-27,5,4.571428571428571
성동구,2026-01-28,5,4.428571428571429
성동구,2026-01-29,4,4.214285714285714
성동구,2026-01-30,3,4.642857142857143
성동구,2026-01-31,9,4.857142857142857
성동구,2026-02-01,2,4.928571428571429
성동구,2026-02-02,4,4.714285714285714
성동구,2026-02-03,2,4.785714285714286
성동구,2026-02-04,4,5.071428571428571
성동구,2026-02-05,8,5.142857142857143
성동구,2026-02-06,7,5.285714285714286
성동구,2026-02-07,8,5.714285714285714
성동구,2026-02-08,1,5.357142857142857
성동구,2026-02-09,5,5.285714285714286
성동구,2026-02-10,9,5.5
성동구,2026-02-11,6,5.571428571428571
성동구,2026-02-12,6,5.785714285714286
성동구,2026-02-13,9,5.642857142857143
성동구,2026-02-14,4,5.5
성동구,2026-02-16,1,5.214285714285714
성동구,2026-02-19,7,5.5
성동구,2026-02-20,3,5.214285714285714
성동구,2026-02-21,7,4.785714285714286
성동구,2026-02-23,6,4.571428571428571
성동구,2026-02-24,5,4.214285714285714
성동구,2026-02-25,4,3.642857142857143
성동구,2026-02-26,5,3.5714285714285716
성동구,2026-02-27,1,3.642857142857143
성동구,2026-02-28,3,3.4285714285714284
성동구,2026-03-02,3,3.2857142857142856
성동구,2026-03-03,1,2.857142857142857
성동구,2026-03-04,1,2.5
성동구,2026-03-05,3,2.357142857142857
성동구,2026-03-06,2,2.357142857142857
성동구,2026-03-07,4,2.7142857142857144
성동구,2026-03-09,1,2.7142857142857144
성동구,2026-03-10,1,2.642857142857143
성동구,2026-03-11,1,2.7142857142857144
성동구,2026-03-12,3,2.857142857142857
성동구,2026-03-13,4,3.0
성동구,2026-03-14,10,3.0714285714285716
성동구,2026-03-15,1,3.7857142857142856
성동구,2026-03-16,2,3.5714285714285716
성동구,2026-03-17,4,3.857142857142857
성동구,2026-03-18,3,4.357142857142857
성동구,2026-03-19,3,4.928571428571429
성동구,2026-03-20,4,5.0
성동구,2026-03-21,12,5.5
성동구,2026-03-22,1,5.0
성동구,2026-03-24,5,5.214285714285714
성동구,2026-03-25,8,5.428571428571429
성동구,2026-03-26,9,5.357142857142857
성동구,2026-03-27,4,5.785714285714286
성동구,2026-03-28,11,6.214285714285714
성동구,2026-03-30,3,6.071428571428571
성동구,2026-03-31,4,5.5
성동구,2026-04-01,5,5.642857142857143
성동구,2026-04-02,3,5.714285714285714
성동구,2026-04-03,9,5.714285714285714
성동구,2026-04-04,9,5.357142857142857
성동구,2026-04-05,2,6.0
성동구,2026-04-06,4,5.357142857142857
성동구,2026-04-07,3,5.714285714285714
성동구,2026-04-08,6,5.857142857142857
성동구,2026-04-09,8,5.923076923076923
성동구,2026-04-10,4,6.166666666666667
성동구,2026-04-11,13,5.909090909090909
성동구,2026-04-12,2,5.6
성동구,2026-04-13,8,6.0
성동구,2026-04-14,6,6.25
성북구,2025-04-15,9,8.714285714285714
성북구,2025-04-16,6,8.5
성북구,2025-04-17,4,8.777777777777779
성북구,2025-04-18,9,9.3
성북구,2025-04-19,25,10.0
성북구,2025-04-20,3,11.166666666666666
성북구,2025-04-21,5,10.692307692307692
성북구,2025-04-22,7,10.428571428571429
성북구,2025-04-23,11,10.785714285714286
성북구,2025-04-24,14,11.142857142857142
성북구,2025-04-25,17,12.285714285714286
성북구,2025-04-26,24,11.928571428571429
성북구,2025-04-27,5,11.428571428571429
성북구,2025-04-28,7,11.714285714285714
성북구,2025-04-29,14,12.142857142857142
성북구,2025-04-30,11,13.142857142857142
성북구,2025-05-01,20,12.928571428571429
성북구,2025-05-02,4,13.5
성북구,2025-05-03,18,13.428571428571429
성북구,2025-05-05,7,12.214285714285714
성북구,2025-05-06,11,12.571428571428571
성북구,2025-05-07,21,12.857142857142858
성북구,2025-05-08,8,12.428571428571429
성북구,2025-05-09,22,12.357142857142858
성북구,2025-05-10,16,12.142857142857142
성북구,2025-05-11,7,13.642857142857142
성북구,2025-05-12,10,12.5
성북구,2025-05-13,11,13.071428571428571
성북구,2025-05-14,8,13.071428571428571
성북구,2025-05-15,10,12.714285714285714
성북구,2025-05-16,17,13.0
성북구,2025-05-17,25,12.357142857142858
성북구,2025-05-18,2,13.285714285714286
성북구,2025-05-19,15,13.428571428571429
성북구,2025-05-20,11,13.428571428571429
성북구,2025-05-21,16,13.642857142857142
성북구,2025-05-22,12,14.0
성북구,2025-05-23,13,14.571428571428571
성북구,2025-05-24,29,14.857142857142858
성북구,2025-05-25,9,14.857142857142858
성북구,2025-05-26,10,15.071428571428571
성북구,2025-05-27,14,15.071428571428571
성북구,2025-05-28,13,15.857142857142858
성북구,2025-05-29,18,15.428571428571429
성북구,2025-05-30,21,15.642857142857142
성북구,2025-05-31,25,16.642857142857142
성북구,2025-06-01,5,16.214285714285715
성북구,2025-06-02,15,16.5
성북구,2025-06-03,22,16.642857142857142
성북구,2025-06-04,10,16.428571428571427
성북구,2025-06-05,15,16.357142857142858
성북구,2025-06-06,27,17.214285714285715
성북구,2025-06-07,23,17.214285714285715
성북구,2025-06-08,13,18.071428571428573
성북구,2025-06-09,12,18.428571428571427
성북구,2025-06-10,11,19.071428571428573
성북구,2025-06-11,12,19.214285714285715
성북구,2025-06-12,30,20.071428571428573
성북구,2025-06-13,21,20.142857142857142
성북구,2025-06-14,37,20.285714285714285
성북구,2025-06-15,10,22.0
성북구,2025-06-16,24,22.071428571428573
성북구,2025-06-17,24,22.285714285714285
성북구,2025-06-18,22,22.785714285714285
성북구,2025-06-19,16,22.928571428571427
성북구,2025-06-20,29,22.0
성북구,2025-06-21,47,23.857142857142858
성북구,2025-06-22,14,22.857142857142858
성북구,2025-06-23,15,22.785714285714285
성북구,2025-06-24,18,22.214285714285715
성북구,2025-06-25,14,20.785714285714285
성북구,2025-06-26,17,19.428571428571427
성북구,2025-06-27,47,18.642857142857142
성북구,2025-06-28,23,17.071428571428573
성북구,2025-06-29,9,14.857142857142858
성북구,2025-06-30,16,14.071428571428571
성북구,2025-07-01,4,13.357142857142858
성북구,2025-07-02,3,12.642857142857142
성북구,2025-07-03,5,12.285714285714286
성북구,2025-07-04,7,11.357142857142858
성북구,2025-07-05,16,8.285714285714286
성북구,2025-07-06,3,7.785714285714286
성북구,2025-07-07,5,7.428571428571429
성북구,2025-07-08,8,6.571428571428571
성북구,2025-07-09,9,6.571428571428571
성북구,2025-07-10,4,6.571428571428571
성북구,2025-07-11,4,6.928571428571429
성북구,2025-07-12,16,7.214285714285714
성북구,2025-07-13,4,6.857142857142857
성북구,2025-07-14,4,6.785714285714286
성북구,2025-07-15,4,6.642857142857143
성북구,2025-07-16,3,6.571428571428571
성북구,2025-07-17,10,6.214285714285714
성북구,2025-07-18,11,6.5
성북구,2025-07-19,11,6.857142857142857
성북구,2025-07-20,2,6.642857142857143
성북구,2025-07-21,3,6.571428571428571
성북구,2025-07-22,7,6.714285714285714
성북구,2025-07-23,4,6.714285714285714
성북구,2025-07-24,8,7.0
성북구,2025-07-25,9,6.857142857142857
성북구,2025-07-26,13,9.5
성북구,2025-07-27,3,9.285714285714286
성북구,2025-07-28,6,9.357142857142858
성북구,2025-07-29,4,9.5
성북구,2025-07-30,7,9.214285714285714
성북구,2025-07-31,8,10.214285714285714
성북구,2025-08-01,48,9.928571428571429
성북구,2025-08-02,8,9.714285714285714
성북구,2025-08-03,3,9.571428571428571
성북구,2025-08-04,5,9.5
성북구,2025-08-05,3,9.357142857142858
성북구,2025-08-06,18,9.571428571428571
성북구,2025-08-07,4,9.642857142857142
성북구,2025-08-08,6,9.428571428571429
성북구,2025-08-09,11,7.0
성북구,2025-08-10,2,7.571428571428571
성북구,2025-08-11,4,7.5
성북구,2025-08-12,7,7.714285714285714
성북구,2025-08-13,8,8.142857142857142
성북구,2025-08-14,5,7.571428571428571
성북구,2025-08-15,14,7.928571428571429
성북구,2025-08-16,16,8.5
성북구,2025-08-17,2,9.928571428571429
성북구,2025-08-18,8,10.0
성북구,2025-08-19,9,10.285714285714286
성북구,2025-08-20,10,10.285714285714286
성북구,2025-08-21,9,10.142857142857142
성북구,2025-08-22,14,10.214285714285714
성북구,2025-08-23,31,9.857142857142858
성북구,2025-08-24,3,10.214285714285714
성북구,2025-08-25,8,10.428571428571429
성북구,2025-08-26,7,10.357142857142858
성북구,2025-08-27,6,10.071428571428571
성북구,2025-08-28,6,10.571428571428571
성북구,2025-08-29,9,10.5
성북구,2025-08-30,21,10.714285714285714
성북구,2025-08-31,5,10.714285714285714
성북구,2025-09-01,7,11.142857142857142
성북구,2025-09-02,5,10.857142857142858
성북구,2025-09-03,17,11.142857142857142
성북구,2025-09-04,8,11.785714285714286
성북구,2025-09-05,17,12.285714285714286
성북구,2025-09-06,31,13.071428571428571
성북구,2025-09-07,9,13.928571428571429
성북구,2025-09-08,4,14.0
성북구,2025-09-09,11,14.071428571428571
성북구,2025-09-10,15,14.928571428571429
성북구,2025-09-11,13,14.642857142857142
성북구,2025-09-12,20,14.857142857142858
성북구,2025-09-13,33,14.928571428571429
성북구,2025-09-14,6,15.857142857142858
성북구,2025-09-15,8,15.357142857142858
성북구,2025-09-16,17,15.785714285714286
성북구,2025-09-17,13,16.142857142857142
성북구,2025-09-18,11,16.428571428571427
성북구,2025-09-19,18,16.571428571428573
성북구,2025-09-20,44,16.857142857142858
성북구,2025-09-21,2,18.0
성북구,2025-09-22,10,19.214285714285715
성북구,2025-09-23,16,19.928571428571427
성북구,2025-09-24,19,20.785714285714285
성북구,2025-09-25,15,21.642857142857142
성북구,2025-09-26,24,22.857142857142858
성북구,2025-09-27,49,24.571428571428573
성북구,2025-09-28,23,22.714285714285715
성북구,2025-09-29,18,22.642857142857142
성북구,2025-09-30,29,22.0
성북구,2025-10-01,25,21.0
성북구,2025-10-02,28,19.785714285714285
성북구,2025-10-03,42,19.071428571428573
성북구,2025-10-04,18,18.428571428571427
성북구,2025-10-05,1,17.285714285714285
성북구,2025-10-06,1,16.142857142857142
성북구,2025-10-07,2,15.785714285714286
성북구,2025-10-08,2,17.714285714285715
성북구,2025-10-09,5,22.714285714285715
성북구,2025-10-10,15,22.285714285714285
성북구,2025-10-11,33,21.428571428571427
성북구,2025-10-12,7,24.5
성북구,2025-10-13,13,26.785714285714285
성북구,2025-10-14,56,26.785714285714285
성북구,2025-10-15,95,26.714285714285715
성북구,2025-10-16,22,26.642857142857142
성북구,2025-10-17,30,26.428571428571427
성북구,2025-10-18,61,25.428571428571427
성북구,2025-10-19,33,23.214285714285715
성북구,2025-10-20,1,22.928571428571427
성북구,2025-10-23,1,22.428571428571427
성북구,2025-10-24,1,19.071428571428573
성북구,2025-11-01,2,12.357142857142858
성북구,2025-11-04,1,11.0
성북구,2025-11-05,2,9.0
성북구,2025-11-06,3,5.071428571428571
성북구,2025-11-07,6,2.7857142857142856
성북구,2025-11-08,9,3.357142857142857
성북구,2025-11-09,1,3.5
성북구,2025-11-10,3,3.642857142857143
성북구,2025-11-11,2,4.142857142857143
성북구,2025-11-12,6,4.571428571428571
성북구,2025-11-13,1,4.928571428571429
성북구,2025-11-14,9,5.428571428571429
성북구,2025-11-15,3,5.714285714285714
성북구,2025-11-16,3,6.214285714285714
성북구,2025-11-17,9,6.785714285714286
성북구,2025-11-18,7,7.357142857142857
성북구,2025-11-19,7,8.142857142857142
성북구,2025-11-20,10,8.5
성북구,2025-11-21,10,9.5
성북구,2025-11-22,16,10.5
성북구,2025-11-24,9,10.5
성북구,2025-11-25,11,10.714285714285714
성북구,2025-11-26,13,10.5
성북구,2025-11-27,11,10.714285714285714
성북구,2025-11-28,15,11.214285714285714
성북구,2025-11-29,23,11.857142857142858
성북구,2025-11-30,3,12.928571428571429
성북구,2025-12-01,6,12.071428571428571
성북구,2025-12-02,6,11.857142857142858
성북구,2025-12-03,10,11.5
성북구,2025-12-04,14,11.142857142857142
성북구,2025-12-05,19,11.214285714285714
성북구,2025-12-06,25,10.785714285714286
성북구,2025-12-07,4,10.928571428571429
성북구,2025-12-08,6,10.857142857142858
성북구,2025-12-09,6,10.857142857142858
성북구,2025-12-10,8,11.0
성북구,2025-12-11,12,10.857142857142858
성북구,2025-12-12,9,10.642857142857142
성북구,2025-12-13,25,10.071428571428571
성북구,2025-12-14,2,9.785714285714286
성북구,2025-12-15,6,9.642857142857142
성북구,2025-12-16,8,9.714285714285714
성북구,2025-12-17,8,10.5
성북구,2025-12-18,11,11.0
성북구,2025-12-19,11,10.5
성북구,2025-12-20,21,10.642857142857142
성북구,2025-12-21,2,9.785714285714286
성북구,2025-12-22,7,10.0
성북구,2025-12-23,17,9.928571428571429
성북구,2025-12-24,15,10.142857142857142
성북구,2025-12-25,5,9.928571428571429
성북구,2025-12-26,11,9.214285714285714
성북구,2025-12-27,13,9.071428571428571
성북구,2025-12-28,5,8.357142857142858
성북구,2025-12-29,5,8.5
성북구,2025-12-30,11,8.428571428571429
성북구,2025-12-31,5,7.642857142857143
성북구,2026-01-01,1,6.857142857142857
성북구,2026-01-02,9,7.571428571428571
성북구,2026-01-03,11,7.5
성북구,2026-01-04,4,7.857142857142857
성북구,2026-01-05,6,7.785714285714286
성북구,2026-01-06,6,7.928571428571429
성북구,2026-01-07,4,8.142857142857142
성북구,2026-01-08,15,9.0
성북구,2026-01-09,10,10.357142857142858
성북구,2026-01-10,18,10.642857142857142
성북구,2026-01-11,4,12.214285714285714
성북구,2026-01-12,7,12.142857142857142
성북구,2026-01-13,14,12.142857142857142
성북구,2026-01-14,17,12.071428571428571
성북구,2026-01-15,20,12.571428571428571
성북구,2026-01-16,13,12.357142857142858
성북구,2026-01-17,33,12.428571428571429
성북구,2026-01-18,3,13.071428571428571
성북구,2026-01-19,6,12.928571428571429
성북구,2026-01-20,5,13.357142857142858
성북구,2026-01-21,11,13.142857142857142
성북구,2026-01-22,12,13.0
성북구,2026-01-23,11,12.5
성북구,2026-01-24,27,12.642857142857142
성북구,2026-01-25,2,11.785714285714286
성북구,2026-01-26,13,11.785714285714286
성북구,2026-01-27,11,12.214285714285714
성북구,2026-01-28,15,14.357142857142858
성북구,2026-01-29,13,14.785714285714286
성북구,2026-01-30,15,15.214285714285714
성북구,2026-01-31,21,15.785714285714286
성북구,2026-02-01,3,15.5
성북구,2026-02-02,12,15.785714285714286
성북구,2026-02-03,35,15.714285714285714
성북구,2026-02-04,17,15.642857142857142
성북구,2026-02-05,18,16.0
성북구,2026-02-06,19,16.357142857142858
성북구,2026-02-07,23,17.285714285714285
성북구,2026-02-08,6,17.857142857142858
성북구,2026-02-09,12,17.857142857142858
성북구,2026-02-10,10,17.071428571428573
성북구,2026-02-11,20,14.714285714285714
성북구,2026-02-12,18,14.714285714285714
성북구,2026-02-13,28,14.714285714285714
성북구,2026-02-14,29,15.5
성북구,2026-02-15,3,14.142857142857142
성북구,2026-02-16,1,15.142857142857142
성북구,2026-02-18,2,15.0
성북구,2026-02-19,17,14.714285714285714
성북구,2026-02-20,18,13.785714285714286
성북구,2026-02-21,30,13.428571428571429
성북구,2026-02-22,4,12.928571428571429
성북구,2026-02-23,20,11.142857142857142
성북구,2026-02-24,10,11.5
성북구,2026-02-25,6,12.5
성북구,2026-02-26,7,12.928571428571429
성북구,2026-02-27,13,12.142857142857142
성북구,2026-02-28,21,11.571428571428571
성북구,2026-03-01,4,11.142857142857142
성북구,2026-03-02,8,11.071428571428571
성북구,2026-03-03,15,10.571428571428571
성북구,2026-03-04,8,10.142857142857142
성북구,2026-03-05,6,10.571428571428571
성북구,2026-03-06,10,10.5
성북구,2026-03-07,24,10.428571428571429
성북구,2026-03-08,3,10.285714285714286
성북구,2026-03-09,13,10.285714285714286
성북구,2026-03-10,4,10.0
성북구,2026-03-11,12,9.714285714285714
성북구,2026-03-12,6,9.857142857142858
성북구,2026-03-13,12,10.285714285714286
성북구,2026-03-14,19,10.857142857142858
성북구,2026-03-15,4,10.714285714285714
성북구,2026-03-16,4,10.785714285714286
성북구,2026-03-17,11,10.5
성북구,2026-03-18,10,10.571428571428571
성북구,2026-03-19,12,10.428571428571429
성북구,2026-03-20,18,11.142857142857142
성북구,2026-03-21,22,11.071428571428571
성북구,2026-03-22,4,11.5
성북구,2026-03-23,9,12.0
성북구,2026-03-24,5,12.428571428571429
성북구,2026-03-25,10,12.642857142857142
성북구,2026-03-26,16,12.642857142857142
성북구,2026-03-27,11,12.714285714285714
성북구,2026-03-28,25,12.857142857142858
성북구,2026-03-29,11,13.0
성북구,2026-03-30,10,13.142857142857142
성북구,2026-03-31,14,12.928571428571429
성북구,2026-04-01,10,13.857142857142858
성북구,2026-04-02,13,13.642857142857142
성북구,2026-04-03,20,14.071428571428571
성북구,2026-04-04,24,14.785714285714286
성북구,2026-04-05,6,15.214285714285714
성북구,2026-04-06,6,14.714285714285714
성북구,2026-04-07,18,14.785714285714286
성북구,2026-04-08,7,14.857142857142858
성북구,2026-04-09,22,15.23076923076923
성북구,2026-04-10,21,15.416666666666666
성북구,2026-04-11,31,15.0
성북구,2026-04-12,4,14.1
성북구,2026-04-13,11,15.0
성북구,2026-04-14,15,16.125
양천구,2025-04-15,9,9.285714285714286
양천구,2025-04-16,12,8.75
양천구,2025-04-17,6,8.777777777777779
양천구,2025-04-18,15,8.3
양천구,2025-04-19,13,8.454545454545455
양천구,2025-04-20,3,8.5
양천구,2025-04-21,7,8.23076923076923
양천구,2025-04-22,5,8.642857142857142
양천구,2025-04-23,9,8.714285714285714
양천구,2025-04-24,4,8.571428571428571
양천구,2025-04-25,10,9.214285714285714
양천구,2025-04-26,9,8.857142857142858
양천구,2025-04-27,5,8.428571428571429
양천구,2025-04-28,14,8.5
양천구,2025-04-29,10,8.214285714285714
양천구,2025-04-30,10,8.285714285714286
양천구,2025-05-01,15,8.642857142857142
양천구,2025-05-02,10,9.214285714285714
양천구,2025-05-03,7,9.714285714285714
양천구,2025-05-04,4,10.571428571428571
양천구,2025-05-05,3,10.571428571428571
양천구,2025-05-06,6,10.428571428571429
양천구,2025-05-07,14,10.285714285714286
양천구,2025-05-08,12,10.0
양천구,2025-05-09,17,9.642857142857142
양천구,2025-05-10,21,9.714285714285714
양천구,2025-05-11,5,11.071428571428571
양천구,2025-05-12,12,11.285714285714286
양천구,2025-05-13,8,11.714285714285714
양천구,2025-05-14,6,12.5
양천구,2025-05-15,10,12.428571428571429
양천구,2025-05-16,11,12.285714285714286
양천구,2025-05-17,26,12.142857142857142
양천구,2025-05-18,7,12.571428571428571
양천구,2025-05-19,9,12.571428571428571
양천구,2025-05-20,17,12.714285714285714
양천구,2025-05-21,13,12.928571428571429
양천구,2025-05-22,10,13.357142857142858
양천구,2025-05-23,15,13.642857142857142
양천구,2025-05-24,27,13.357142857142858
양천구,2025-05-25,5,12.928571428571429
양천구,2025-05-26,14,13.071428571428571
양천구,2025-05-27,11,13.714285714285714
양천구,2025-05-28,12,13.357142857142858
양천구,2025-05-29,14,13.357142857142858
양천구,2025-05-30,7,13.214285714285714
양천구,2025-05-31,20,13.214285714285714
양천구,2025-06-01,9,12.928571428571429
양천구,2025-06-02,18,13.0
양천구,2025-06-03,12,12.857142857142858
양천구,2025-06-04,13,13.214285714285714
양천구,2025-06-05,8,13.214285714285714
양천구,2025-06-06,15,13.285714285714286
양천구,2025-06-07,23,14.571428571428571
양천구,2025-06-08,6,14.785714285714286
양천구,2025-06-09,12,14.571428571428571
양천구,2025-06-10,16,14.428571428571429
양천구,2025-06-11,12,15.0
양천구,2025-06-12,15,15.785714285714286
양천구,2025-06-13,25,16.0
양천구,2025-06-14,23,16.714285714285715
양천구,2025-06-15,6,17.071428571428573
양천구,2025-06-16,16,17.571428571428573
양천구,2025-06-17,20,17.714285714285715
양천구,2025-06-18,24,18.0
양천구,2025-06-19,11,18.5
양천구,2025-06-20,25,19.928571428571427
양천구,2025-06-21,28,22.142857142857142
양천구,2025-06-22,13,21.785714285714285
양천구,2025-06-23,14,21.5
양천구,2025-06-24,20,21.071428571428573
양천구,2025-06-25,19,20.214285714285715
양천구,2025-06-26,35,19.071428571428573
양천구,2025-06-27,56,18.857142857142858
양천구,2025-06-28,18,17.5
양천구,2025-06-29,2,16.0
양천구,2025-06-30,10,15.214285714285714
양천구,2025-07-01,8,14.571428571428571
양천구,2025-07-02,8,13.5
양천구,2025-07-03,8,12.642857142857142
양천구,2025-07-04,6,10.571428571428571
양천구,2025-07-05,7,7.0
양천구,2025-07-06,2,6.5
양천구,2025-07-07,5,6.642857142857143
양천구,2025-07-08,5,7.285714285714286
양천구,2025-07-09,7,7.142857142857143
양천구,2025-07-10,6,7.0
양천구,2025-07-11,6,6.5
양천구,2025-07-12,11,6.428571428571429
양천구,2025-07-13,4,6.428571428571429
양천구,2025-07-14,19,6.357142857142857
양천구,2025-07-15,6,6.214285714285714
양천구,2025-07-16,6,6.142857142857143
양천구,2025-07-17,1,5.785714285714286
양천구,2025-07-18,5,5.857142857142857
양천구,2025-07-19,7,5.642857142857143
양천구,2025-07-20,1,5.142857142857143
양천구,2025-07-21,3,5.142857142857143
양천구,2025-07-22,4,4.071428571428571
양천구,2025-07-23,2,4.285714285714286
양천구,2025-07-24,7,4.357142857142857
양천구,2025-07-25,3,4.357142857142857
양천구,2025-07-26,4,4.071428571428571
양천구,2025-07-28,4,3.642857142857143
양천구,2025-07-29,4,3.857142857142857
양천구,2025-07-30,9,3.7142857142857144
양천구,2025-07-31,7,3.642857142857143
양천구,2025-08-01,1,3.7142857142857144
양천구,2025-08-02,1,3.2857142857142856
양천구,2025-08-03,1,3.4285714285714284
양천구,2025-08-04,4,3.357142857142857
양천구,2025-08-05,1,3.4285714285714284
양천구,2025-08-06,3,3.5
양천구,2025-08-07,3,3.142857142857143
양천구,2025-08-08,1,3.0
양천구,2025-08-09,5,3.2857142857142856
양천구,2025-08-10,3,3.5714285714285716
양천구,2025-08-11,5,3.7857142857142856
양천구,2025-08-12,5,3.642857142857143
양천구,2025-08-13,4,3.9285714285714284
양천구,2025-08-14,5,4.0
양천구,2025-08-15,5,4.0
양천구,2025-08-16,5,4.428571428571429
양천구,2025-08-18,4,4.285714285714286
양천구,2025-08-19,2,4.142857142857143
양천구,2025-08-20,5,4.285714285714286
양천구,2025-08-21,4,4.142857142857143
양천구,2025-08-22,3,4.285714285714286
양천구,2025-08-23,7,4.285714285714286
양천구,2025-08-24,3,5.142857142857143
양천구,2025-08-25,1,4.928571428571429
양천구,2025-08-26,7,5.142857142857143
양천구,2025-08-27,3,5.214285714285714
양천구,2025-08-28,6,5.214285714285714
양천구,2025-08-29,5,5.285714285714286
양천구,2025-08-30,17,5.857142857142857
양천구,2025-08-31,2,6.0
양천구,2025-09-01,7,6.142857142857143
양천구,2025-09-02,3,6.5
양천구,2025-09-03,5,6.428571428571429
양천구,2025-09-04,5,6.785714285714286
양천구,2025-09-05,11,7.0
양천구,2025-09-06,9,7.142857142857143
양천구,2025-09-07,5,7.071428571428571
양천구,2025-09-08,6,7.214285714285714
양천구,2025-09-09,6,7.357142857142857
양천구,2025-09-10,8,7.928571428571429
양천구,2025-09-11,9,8.142857142857142
양천구,2025-09-12,7,9.0
양천구,2025-09-13,16,9.571428571428571
양천구,2025-09-14,4,10.428571428571429
양천구,2025-09-15,9,10.5
양천구,2025-09-16,11,10.857142857142858
양천구,2025-09-17,8,11.785714285714286
양천구,2025-09-18,17,12.142857142857142
양천구,2025-09-19,19,12.857142857142858
양천구,2025-09-20,21,13.5
양천구,2025-09-21,6,14.428571428571429
양천구,2025-09-22,11,14.571428571428571
양천구,2025-09-23,19,15.785714285714286
양천구,2025-09-24,13,16.5
양천구,2025-09-25,19,17.928571428571427
양천구,2025-09-26,16,19.071428571428573
양천구,2025-09-27,29,18.642857142857142
양천구,2025-09-28,6,18.357142857142858
양천구,2025-09-29,26,18.071428571428573
양천구,2025-09-30,21,17.428571428571427
양천구,2025-10-01,28,16.714285714285715
양천구,2025-10-02,33,16.714285714285715
양천구,2025-10-03,13,16.928571428571427
양천구,2025-10-04,17,16.714285714285715
양천구,2025-10-05,2,16.285714285714285
양천구,2025-10-08,2,19.357142857142858
양천구,2025-10-09,9,21.642857142857142
양천구,2025-10-10,13,20.857142857142858
양천구,2025-10-11,22,20.928571428571427
양천구,2025-10-12,13,21.214285714285715
양천구,2025-10-13,23,21.928571428571427
양천구,2025-10-14,49,20.785714285714285
양천구,2025-10-15,58,21.142857142857142
양천구,2025-10-16,10,21.142857142857142
양천구,2025-10-17,29,20.642857142857142
양천구,2025-10-18,37,19.857142857142858
양천구,2025-10-19,23,18.642857142857142
양천구,2025-10-20,1,17.785714285714285
양천구,2025-10-21,7,16.5
양천구,2025-10-22,2,13.285714285714286
양천구,2025-10-23,2,9.214285714285714
양천구,2025-10-24,2,9.0
양천구,2025-10-25,5,7.0
양천구,2025-10-26,1,4.5
양천구,2025-10-27,5,3.0
양천구,2025-10-28,4,3.357142857142857
양천구,2025-10-29,1,3.0714285714285716
양천구,2025-10-31,7,3.4285714285714284
양천구,2025-11-01,1,3.7142857142857144
양천구,2025-11-03,2,3.642857142857143
양천구,2025-11-04,2,3.5714285714285716
양천구,2025-11-05,6,3.7142857142857144
양천구,2025-11-06,3,3.642857142857143
양천구,2025-11-07,7,3.7142857142857144
양천구,2025-11-08,6,4.357142857142857
양천구,2025-11-09,1,4.071428571428571
양천구,2025-11-10,4,4.214285714285714
양천구,2025-11-11,3,4.571428571428571
양천구,2025-11-12,4,5.0
양천구,2025-11-13,5,5.214285714285714
양천구,2025-11-14,10,5.428571428571429
양천구,2025-11-15,3,6.071428571428571
양천구,2025-11-16,3,6.428571428571429
양천구,2025-11-17,7,6.428571428571429
양천구,2025-11-18,8,6.714285714285714
양천구,2025-11-19,9,7.142857142857143
양천구,2025-11-20,6,7.142857142857143
양천구,2025-11-21,16,7.142857142857143
양천구,2025-11-22,11,6.785714285714286
양천구,2025-11-23,1,7.642857142857143
양천구,2025-11-24,8,7.785714285714286
양천구,2025-11-25,9,7.928571428571429
양천구,2025-11-26,4,7.642857142857143
양천구,2025-11-27,5,7.642857142857143
양천구,2025-11-28,5,7.571428571428571
양천구,2025-11-29,15,7.071428571428571
양천구,2025-12-01,5,6.428571428571429
양천구,2025-12-02,9,6.642857142857143
양천구,2025-12-03,4,6.571428571428571
양천구,2025-12-04,9,6.5
양천구,2025-12-05,5,6.571428571428571
양천구,2025-12-06,9,6.785714285714286
양천구,2025-12-07,2,6.642857142857143
양천구,2025-12-08,4,5.857142857142857
양천구,2025-12-09,7,5.928571428571429
양천구,2025-12-10,8,6.0
양천구,2025-12-11,5,6.857142857142857
양천구,2025-12-12,8,7.285714285714286
양천구,2025-12-13,3,7.214285714285714
양천구,2025-12-14,4,7.142857142857143
양천구,2025-12-15,6,7.214285714285714
양천구,2025-12-16,10,7.571428571428571
양천구,2025-12-17,16,7.928571428571429
양천구,2025-12-18,15,8.285714285714286
양천구,2025-12-19,4,8.142857142857142
양천구,2025-12-20,8,8.142857142857142
양천구,2025-12-21,3,8.214285714285714
양천구,2025-12-22,9,8.0
양천구,2025-12-23,12,8.285714285714286
양천구,2025-12-24,13,8.142857142857142
양천구,2025-12-25,3,7.357142857142857
양천구,2025-12-26,8,6.428571428571429
양천구,2025-12-27,4,6.714285714285714
양천구,2025-12-28,1,6.571428571428571
양천구,2025-12-29,10,7.071428571428571
양천구,2025-12-30,8,6.928571428571429
양천구,2025-12-31,5,6.714285714285714
양천구,2026-01-01,2,6.785714285714286
양천구,2026-01-02,8,7.5
양천구,2026-01-03,6,7.5
양천구,2026-01-05,10,7.5
양천구,2026-01-06,7,8.0
양천구,2026-01-07,9,7.714285714285714
양천구,2026-01-08,14,7.642857142857143
양천구,2026-01-09,13,7.571428571428571
양천구,2026-01-10,8,8.285714285714286
양천구,2026-01-11,4,8.428571428571429
양천구,2026-01-12,8,8.214285714285714
양천구,2026-01-13,6,7.785714285714286
양천구,2026-01-14,7,8.071428571428571
양천구,2026-01-15,4,7.857142857142857
양천구,2026-01-16,12,7.428571428571429
양천구,2026-01-17,10,7.142857142857143
양천구,2026-01-18,3,6.928571428571429
양천구,2026-01-19,4,6.785714285714286
양천구,2026-01-20,11,7.071428571428571
양천구,2026-01-21,6,7.142857142857143
양천구,2026-01-22,8,7.071428571428571
양천구,2026-01-23,9,7.571428571428571
양천구,2026-01-24,5,7.428571428571429
양천구,2026-01-25,2,7.428571428571429
양천구,2026-01-26,12,7.428571428571429
양천구,2026-01-27,7,7.285714285714286
양천구,2026-01-28,6,6.928571428571429
양천구,2026-01-29,11,6.928571428571429
양천구,2026-01-30,10,6.928571428571429
양천구,2026-01-31,10,7.357142857142857
양천구,2026-02-01,3,7.928571428571429
양천구,2026-02-02,2,8.142857142857142
양천구,2026-02-03,6,7.714285714285714
양천구,2026-02-04,6,8.0
양천구,2026-02-05,8,8.714285714285714
양천구,2026-02-06,15,9.357142857142858
양천구,2026-02-07,13,9.785714285714286
양천구,2026-02-08,5,10.142857142857142
양천구,2026-02-09,6,10.071428571428571
양천구,2026-02-10,11,10.5
양천구,2026-02-11,16,11.214285714285714
양천구,2026-02-12,20,12.142857142857142
양천구,2026-02-13,16,11.714285714285714
양천구,2026-02-14,15,11.5
양천구,2026-02-15,2,10.857142857142858
양천구,2026-02-19,8,11.0
양천구,2026-02-20,16,11.714285714285714
양천구,2026-02-21,19,11.714285714285714
양천구,2026-02-22,2,11.214285714285714
양천구,2026-02-23,12,9.857142857142858
양천구,2026-02-24,4,8.928571428571429
양천구,2026-02-25,7,8.5
양천구,2026-02-26,16,8.571428571428571
양천구,2026-02-27,11,8.357142857142858
양천구,2026-02-28,9,7.714285714285714
양천구,2026-03-01,1,6.857142857142857
양천구,2026-03-02,3,7.0
양천구,2026-03-03,9,6.857142857142857
양천구,2026-03-04,3,7.214285714285714
양천구,2026-03-05,5,7.571428571428571
양천구,2026-03-06,7,6.714285714285714
양천구,2026-03-07,7,6.571428571428571
양천구,2026-03-08,4,6.428571428571429
양천구,2026-03-09,10,6.5
양천구,2026-03-10,9,6.428571428571429
양천구,2026-03-11,12,6.428571428571429
양천구,2026-03-12,4,6.714285714285714
양천구,2026-03-13,9,6.928571428571429
양천구,2026-03-14,7,6.571428571428571
양천구,2026-03-16,2,6.714285714285714
양천구,2026-03-17,2,6.928571428571429
양천구,2026-03-18,9,7.071428571428571
양천구,2026-03-20,7,7.357142857142857
양천구,2026-03-21,8,7.285714285714286
양천구,2026-03-22,2,7.785714285714286
양천구,2026-03-23,9,7.285714285714286
양천구,2026-03-24,7,7.428571428571429
양천구,2026-03-25,12,7.714285714285714
양천구,2026-03-26,13,7.928571428571429
양천구,2026-03-27,11,7.714285714285714
양천구,2026-03-28,11,7.714285714285714
양천구,2026-03-29,2,7.642857142857143
양천구,2026-03-30,9,7.857142857142857
양천구,2026-03-31,6,7.714285714285714
양천구,2026-04-01,5,7.857142857142857
양천구,2026-04-02,6,8.071428571428571
양천구,2026-04-03,7,7.571428571428571
양천구,2026-04-04,7,7.785714285714286
양천구,2026-04-05,5,7.857142857142857
양천구,2026-04-06,7,8.0
양천구,2026-04-07,9,8.357142857142858
양천구,2026-04-08,15,8.5
양천구,2026-04-09,6,8.76923076923077
양천구,2026-04-10,14,9.0
양천구,2026-04-11,12,9.181818181818182
양천구,2026-04-12,4,9.4
양천구,2026-04-13,14,9.88888888888889
양천구,2026-04-14,8,10.25
영등포구,2025-04-15,12,10.714285714285714
영등포구,2025-04-16,9,10.5
영등포구,2025-04-17,6,10.222222222222221
영등포구,2025-04-18,10,10.3
영등포구,2025-04-19,23,10.181818181818182
영등포구,2025-04-20,9,12.0
영등포구,2025-04-21,6,11.615384615384615
영등포구,2025-04-22,9,11.714285714285714
영등포구,2025-04-23,8,11.857142857142858
영등포구,2025-04-24,11,12.428571428571429
영등포구,2025-04-25,9,13.642857142857142
영등포구,2025-04-26,32,14.0
영등포구,2025-04-27,7,13.071428571428571
영등포구,2025-04-28,13,12.5
영등포구,2025-04-29,14,12.5
영등포구,2025-04-30,17,12.785714285714286
영등포구,2025-05-01,23,13.142857142857142
영등포구,2025-05-02,15,13.142857142857142
영등포구,2025-05-03,10,13.285714285714286
영등포구,2025-05-04,1,12.857142857142858
영등포구,2025-05-05,6,13.357142857142858
영등포구,2025-05-06,13,13.214285714285714
영등포구,2025-05-07,13,13.071428571428571
영등포구,2025-05-08,11,13.142857142857142
영등포구,2025-05-09,11,12.285714285714286
영등포구,2025-05-10,26,12.214285714285714
영등포구,2025-05-11,14,13.642857142857142
영등포구,2025-05-12,11,14.214285714285714
영등포구,2025-05-13,12,15.071428571428571
영등포구,2025-05-14,18,15.357142857142858
영등포구,2025-05-15,11,15.357142857142858
영등포구,2025-05-16,14,15.714285714285714
영등포구,2025-05-17,30,16.5
영등포구,2025-05-18,9,16.928571428571427
영등포구,2025-05-19,18,16.5
영등포구,2025-05-20,17,16.928571428571427
영등포구,2025-05-21,13,17.428571428571427
영등포구,2025-05-22,16,17.357142857142858
영등포구,2025-05-23,22,17.714285714285715
영등포구,2025-05-24,32,17.5
영등포구,2025-05-25,8,17.428571428571427
영등포구,2025-05-26,17,17.5
영등포구,2025-05-27,19,17.071428571428573
영등포구,2025-05-28,17,17.357142857142858
영등포구,2025-05-29,16,17.642857142857142
영등포구,2025-05-30,11,17.642857142857142
영등포구,2025-05-31,29,17.785714285714285
영등포구,2025-06-01,10,17.285714285714285
영등포구,2025-06-02,12,16.857142857142858
영등포구,2025-06-03,21,16.857142857142858
영등포구,2025-06-04,17,17.071428571428573
영등포구,2025-06-05,16,17.285714285714285
영등포구,2025-06-06,24,17.857142857142858
영등포구,2025-06-07,25,18.714285714285715
영등포구,2025-06-08,2,20.285714285714285
영등포구,2025-06-09,17,20.285714285714285
영등포구,2025-06-10,22,21.142857142857142
영등포구,2025-06-11,20,21.214285714285715
영등포구,2025-06-12,24,21.857142857142858
영등포구,2025-06-13,23,22.714285714285715
영등포구,2025-06-14,51,22.642857142857142
영등포구,2025-06-15,10,24.571428571428573
영등포구,2025-06-16,24,25.071428571428573
영등포구,2025-06-17,22,26.214285714285715
영등포구,2025-06-18,26,26.5
영등포구,2025-06-19,28,26.714285714285715
영등포구,2025-06-20,23,26.571428571428573
영등포구,2025-06-21,52,30.285714285714285
영등포구,2025-06-22,9,27.571428571428573
영등포구,2025-06-23,33,27.0
영등포구,2025-06-24,26,25.642857142857142
영등포구,2025-06-25,23,24.714285714285715
영등포구,2025-06-26,22,23.714285714285715
영등포구,2025-06-27,75,22.071428571428573
영등포구,2025-06-28,13,20.928571428571427
영등포구,2025-06-29,2,18.428571428571427
영등포구,2025-06-30,5,18.0
영등포구,2025-07-01,9,16.214285714285715
영등포구,2025-07-02,12,14.714285714285714
영등포구,2025-07-03,5,13.5
영등포구,2025-07-04,7,12.5
영등포구,2025-07-05,17,8.0
영등포구,2025-07-06,3,7.928571428571429
영등포구,2025-07-07,8,8.071428571428571
영등포구,2025-07-08,5,8.357142857142858
영등포구,2025-07-09,6,8.428571428571429
영등포구,2025-07-10,8,7.928571428571429
영등포구,2025-07-11,12,8.071428571428571
영등포구,2025-07-12,12,8.214285714285714
영등포구,2025-07-13,4,7.928571428571429
영등포구,2025-07-14,9,8.0
영등포구,2025-07-15,10,7.785714285714286
영등포구,2025-07-16,5,7.928571428571429
영등포구,2025-07-17,7,7.857142857142857
영등포구,2025-07-18,9,7.5
영등포구,2025-07-19,13,7.0
영등포구,2025-07-20,4,6.928571428571429
영등포구,2025-07-21,5,6.928571428571429
영등포구,2025-07-22,7,6.714285714285714
영등포구,2025-07-23,5,6.285714285714286
영등포구,2025-07-24,3,6.285714285714286
영등포구,2025-07-25,5,6.071428571428571
영등포구,2025-07-26,11,5.5
영등포구,2025-07-27,4,5.214285714285714
영등포구,2025-07-28,6,5.071428571428571
영등포구,2025-07-29,4,5.0
영등포구,2025-07-30,5,4.642857142857143
영등포구,2025-07-31,4,4.857142857142857
영등포구,2025-08-01,1,5.142857142857143
영등포구,2025-08-02,9,5.428571428571429
영등포구,2025-08-03,2,5.428571428571429
영등포구,2025-08-04,4,5.285714285714286
영등포구,2025-08-05,2,5.214285714285714
영등포구,2025-08-06,8,5.428571428571429
영등포구,2025-08-07,7,5.857142857142857
영등포구,2025-08-08,9,6.357142857142857
영등포구,2025-08-09,11,7.357142857142857
영등포구,2025-08-10,2,7.428571428571429
영등포구,2025-08-11,5,7.5
영등포구,2025-08-12,7,7.571428571428571
영등포구,2025-08-13,11,7.857142857142857
영등포구,2025-08-14,11,7.642857142857143
영등포구,2025-08-15,15,7.785714285714286
영등포구,2025-08-16,10,7.642857142857143
영등포구,2025-08-17,3,8.071428571428571
영등포구,2025-08-18,5,8.285714285714286
영등포구,2025-08-19,6,8.5
영등포구,2025-08-20,5,8.357142857142858
영등포구,2025-08-21,9,8.285714285714286
영등포구,2025-08-22,7,8.0
영등포구,2025-08-23,17,7.571428571428571
영등포구,2025-08-24,5,7.928571428571429
영등포구,2025-08-25,8,8.214285714285714
영등포구,2025-08-26,5,8.357142857142858
영등포구,2025-08-27,10,8.285714285714286
영등포구,2025-08-28,7,8.642857142857142
영등포구,2025-08-29,9,8.928571428571429
영등포구,2025-08-30,15,9.071428571428571
영등포구,2025-08-31,7,8.714285714285714
영등포구,2025-09-01,7,8.642857142857142
영등포구,2025-09-02,5,8.857142857142858
영등포구,2025-09-03,10,9.5
영등포구,2025-09-04,13,9.928571428571429
영등포구,2025-09-05,9,9.928571428571429
영등포구,2025-09-06,12,9.857142857142858
영등포구,2025-09-07,4,10.714285714285714
영등포구,2025-09-08,11,10.5
영등포구,2025-09-09,14,10.714285714285714
영등포구,2025-09-10,16,11.285714285714286
영등포구,2025-09-11,7,11.571428571428571
영등포구,2025-09-12,8,11.428571428571429
영등포구,2025-09-13,27,12.5
영등포구,2025-09-14,4,13.785714285714286
영등포구,2025-09-15,10,14.142857142857142
영등포구,2025-09-16,13,15.214285714285714
영등포구,2025-09-17,14,15.142857142857142
영등포구,2025-09-18,11,16.357142857142858
영등포구,2025-09-19,24,17.142857142857142
영등포구,2025-09-20,30,17.857142857142858
영등포구,2025-09-21,9,19.285714285714285
영등포구,2025-09-22,26,19.857142857142858
영등포구,2025-09-23,13,21.428571428571427
영등포구,2025-09-24,33,22.571428571428573
영등포구,2025-09-25,18,23.428571428571427
영등포구,2025-09-26,18,24.642857142857142
영등포구,2025-09-27,47,24.357142857142858
영등포구,2025-09-28,12,22.714285714285715
영등포구,2025-09-29,32,22.214285714285715
영등포구,2025-09-30,29,20.5
영등포구,2025-10-01,26,20.357142857142858
영등포구,2025-10-02,28,19.714285714285715
영등포구,2025-10-03,20,20.785714285714285
영등포구,2025-10-04,7,20.357142857142858
영등포구,2025-10-05,2,18.5
영등포구,2025-10-07,2,21.714285714285715
영등포구,2025-10-09,11,25.285714285714285
영등포구,2025-10-10,24,23.571428571428573
영등포구,2025-10-11,33,23.571428571428573
영등포구,2025-10-12,12,24.714285714285715
영등포구,2025-10-13,21,25.285714285714285
영등포구,2025-10-14,57,24.857142857142858
영등포구,2025-10-15,82,25.142857142857142
영등포구,2025-10-16,5,25.071428571428573
영등포구,2025-10-17,26,24.571428571428573
영등포구,2025-10-18,44,22.928571428571427
영등포구,2025-10-19,28,20.714285714285715
영등포구,2025-10-21,1,20.071428571428573
영등포구,2025-10-23,6,18.642857142857142
영등포구,2025-10-25,1,14.642857142857142
영등포구,2025-10-27,4,9.071428571428571
영등포구,2025-10-28,1,8.785714285714286
영등포구,2025-10-30,2,7.214285714285714
영등포구,2025-10-31,3,4.142857142857143
영등포구,2025-11-03,1,2.4285714285714284
영등포구,2025-11-04,1,2.642857142857143
영등포구,2025-11-06,4,2.357142857142857
영등포구,2025-11-07,1,2.357142857142857
영등포구,2025-11-10,4,2.2857142857142856
영등포구,2025-11-11,1,2.5714285714285716
영등포구,2025-11-12,4,2.5
영등포구,2025-11-13,4,3.0714285714285716
영등포구,2025-11-14,2,3.2857142857142856
영등포구,2025-11-15,1,3.7857142857142856
영등포구,2025-11-16,3,4.428571428571429
영등포구,2025-11-17,5,4.785714285714286
영등포구,2025-11-18,1,5.285714285714286
영등포구,2025-11-19,11,5.357142857142857
영등포구,2025-11-20,4,5.285714285714286
영등포구,2025-11-21,8,5.571428571428571
영등포구,2025-11-22,13,5.928571428571429
영등포구,2025-11-24,6,6.142857142857143
영등포구,2025-11-25,11,6.214285714285714
영등포구,2025-11-26,2,6.357142857142857
영등포구,2025-11-27,3,6.714285714285714
영등포구,2025-11-28,8,6.571428571428571
영등포구,2025-11-29,7,6.571428571428571
영등포구,2025-11-30,4,6.357142857142857
영등포구,2025-12-01,4,5.642857142857143
영등포구,2025-12-02,7,5.785714285714286
영등포구,2025-12-03,6,5.642857142857143
영등포구,2025-12-04,9,5.571428571428571
영등포구,2025-12-05,4,5.571428571428571
영등포구,2025-12-06,5,5.857142857142857
영등포구,2025-12-07,3,6.214285714285714
영등포구,2025-12-08,8,6.285714285714286
영등포구,2025-12-09,9,6.285714285714286
영등포구,2025-12-10,1,6.142857142857143
영등포구,2025-12-11,3,6.428571428571429
영등포구,2025-12-12,12,6.357142857142857
영등포구,2025-12-13,12,7.214285714285714
영등포구,2025-12-14,5,7.571428571428571
영등포구,2025-12-15,4,7.5
영등포구,2025-12-16,5,7.428571428571429
영등포구,2025-12-17,10,8.214285714285714
영등포구,2025-12-18,8,9.142857142857142
영등포구,2025-12-19,16,9.5
영등포구,2025-12-20,10,9.142857142857142
영등포구,2025-12-21,2,8.571428571428571
영등포구,2025-12-22,7,8.285714285714286
영등포구,2025-12-23,20,8.928571428571429
영등포구,2025-12-24,14,9.357142857142858
영등포구,2025-12-25,8,9.142857142857142
영등포구,2025-12-26,7,8.642857142857142
영등포구,2025-12-27,4,8.071428571428571
영등포구,2025-12-28,1,8.071428571428571
영등포구,2025-12-29,13,8.071428571428571
영등포구,2025-12-30,11,8.0
영등포구,2025-12-31,7,6.928571428571429
영등포구,2026-01-01,1,6.642857142857143
영등포구,2026-01-02,8,6.714285714285714
영등포구,2026-01-03,10,6.571428571428571
영등포구,2026-01-04,2,7.928571428571429
영등포구,2026-01-05,6,8.071428571428571
영등포구,2026-01-06,5,7.857142857142857
영등포구,2026-01-07,10,7.714285714285714
영등포구,2026-01-08,9,7.785714285714286
영등포구,2026-01-09,5,8.285714285714286
영등포구,2026-01-10,23,8.714285714285714
영등포구,2026-01-11,3,8.642857142857142
영등포구,2026-01-12,10,8.714285714285714
영등포구,2026-01-13,9,9.142857142857142
영등포구,2026-01-14,8,9.142857142857142
영등포구,2026-01-15,8,9.071428571428571
영등포구,2026-01-16,14,8.928571428571429
영등포구,2026-01-17,9,9.0
영등포구,2026-01-18,3,8.5
영등포구,2026-01-19,12,8.714285714285714
영등포구,2026-01-20,5,8.357142857142858
영등포구,2026-01-21,9,8.5
영등포구,2026-01-22,7,8.642857142857142
영등포구,2026-01-23,6,9.142857142857142
영등포구,2026-01-24,16,9.5
영등포구,2026-01-26,6,9.214285714285714
영등포구,2026-01-27,5,9.285714285714286
영등포구,2026-01-28,11,8.928571428571429
영등포구,2026-01-29,10,10.071428571428571
영등포구,2026-01-30,15,10.5
영등포구,2026-01-31,19,11.357142857142858
영등포구,2026-02-01,5,12.928571428571429
영등포구,2026-02-02,4,12.0
영등포구,2026-02-03,7,12.285714285714286
영등포구,2026-02-04,21,13.0
영등포구,2026-02-05,15,13.5
영등포구,2026-02-06,19,13.642857142857142
영등포구,2026-02-07,28,14.285714285714286
영등포구,2026-02-08,3,14.5
영등포구,2026-02-09,10,14.357142857142858
영등포구,2026-02-10,15,15.0
영등포구,2026-02-11,18,15.857142857142858
영등포구,2026-02-12,12,15.0
영등포구,2026-02-13,24,14.214285714285714
영등포구,2026-02-14,22,13.571428571428571
영등포구,2026-02-15,3,12.285714285714286
영등포구,2026-02-19,13,12.857142857142858
영등포구,2026-02-20,19,12.5
영등포구,2026-02-21,9,12.071428571428571
영등포구,2026-02-22,4,12.0
영등포구,2026-02-23,10,11.357142857142858
영등포구,2026-02-24,10,9.928571428571429
영등포구,2026-02-25,11,8.857142857142858
영등포구,2026-02-26,5,9.285714285714286
영등포구,2026-02-27,9,8.714285714285714
영등포구,2026-02-28,17,7.785714285714286
영등포구,2026-03-01,3,7.857142857142857
영등포구,2026-03-02,4,7.642857142857143
영등포구,2026-03-03,7,7.428571428571429
영등포구,2026-03-04,9,7.142857142857143
영등포구,2026-03-05,5,6.785714285714286
영등포구,2026-03-06,6,6.857142857142857
영등포구,2026-03-07,10,6.928571428571429
영등포구,2026-03-08,1,6.571428571428571
영등포구,2026-03-09,7,6.5
영등포구,2026-03-10,6,6.642857142857143
영등포구,2026-03-11,6,6.857142857142857
영등포구,2026-03-12,6,6.785714285714286
영등포구,2026-03-13,10,7.357142857142857
영등포구,2026-03-14,12,8.142857142857142
영등포구,2026-03-15,2,8.857142857142858
영등포구,2026-03-16,6,8.928571428571429
영등포구,2026-03-17,10,8.928571428571429
영등포구,2026-03-18,8,9.0
영등포구,2026-03-19,13,9.285714285714286
영등포구,2026-03-20,17,9.714285714285714
영등포구,2026-03-21,20,9.642857142857142
영등포구,2026-03-22,2,10.142857142857142
영등포구,2026-03-23,7,10.214285714285714
영등포구,2026-03-24,7,10.571428571428571
영등포구,2026-03-25,10,10.785714285714286
영등포구,2026-03-26,12,11.214285714285714
영등포구,2026-03-27,9,11.357142857142858
영등포구,2026-03-28,19,11.285714285714286
영등포구,2026-03-29,3,11.214285714285714
영등포구,2026-03-30,11,11.142857142857142
영등포구,2026-03-31,13,11.142857142857142
영등포구,2026-04-01,14,11.357142857142858
영등포구,2026-04-02,15,11.357142857142858
영등포구,2026-04-03,16,11.714285714285714
영등포구,2026-04-04,19,12.0
영등포구,2026-04-05,1,11.857142857142858
영등포구,2026-04-06,7,11.785714285714286
영등포구,2026-04-07,10,11.642857142857142
영등포구,2026-04-08,10,11.285714285714286
영등포구,2026-04-09,17,11.076923076923077
영등포구,2026-04-10,13,10.75
영등포구,2026-04-11,17,10.272727272727273
영등포구,2026-04-12,2,9.4
영등포구,2026-04-13,9,10.333333333333334
영등포구,2026-04-14,8,10.75
은평구,2025-04-15,5,7.285714285714286
은평구,2025-04-16,12,6.625
은평구,2025-04-17,6,6.111111111111111
은평구,2025-04-18,9,5.8
은평구,2025-04-19,10,5.636363636363637
은평구,2025-04-20,5,6.333333333333333
은평구,2025-04-21,4,6.153846153846154
은평구,2025-04-22,2,6.214285714285714
은평구,2025-04-23,2,6.071428571428571
은평구,2025-04-24,3,5.571428571428571
은평구,2025-04-25,4,5.5
은평구,2025-04-26,14,5.214285714285714
은평구,2025-04-27,4,5.142857142857143
은평구,2025-04-28,7,4.928571428571429
은평구,2025-04-29,3,4.857142857142857
은평구,2025-04-30,5,4.928571428571429
은평구,2025-05-01,5,5.357142857142857
은평구,2025-05-02,5,5.285714285714286
은평구,2025-05-03,9,5.428571428571429
은평구,2025-05-04,2,5.714285714285714
은평구,2025-05-05,3,5.714285714285714
은평구,2025-05-06,3,5.5
은평구,2025-05-07,8,5.571428571428571
은평구,2025-05-08,2,5.857142857142857
은평구,2025-05-09,6,5.928571428571429
은평구,2025-05-10,18,6.071428571428571
은평구,2025-05-11,4,7.0
은평구,2025-05-12,4,7.285714285714286
은평구,2025-05-13,4,7.428571428571429
은평구,2025-05-14,9,7.857142857142857
은평구,2025-05-15,6,7.785714285714286
은평구,2025-05-16,7,8.5
은평구,2025-05-17,22,9.142857142857142
은평구,2025-05-19,6,8.285714285714286
은평구,2025-05-20,5,8.357142857142858
은평구,2025-05-21,9,8.714285714285714
은평구,2025-05-22,7,8.785714285714286
은평구,2025-05-23,12,8.571428571428571
은평구,2025-05-24,15,8.928571428571429
은평구,2025-05-25,6,10.0
은평구,2025-05-26,5,8.714285714285714
은평구,2025-05-27,9,8.857142857142858
은평구,2025-05-28,5,10.0
은평구,2025-05-29,6,10.071428571428571
은평구,2025-05-30,11,9.857142857142858
은평구,2025-05-31,22,10.142857142857142
은평구,2025-06-01,4,10.142857142857142
은평구,2025-06-02,8,10.0
은평구,2025-06-03,21,10.214285714285714
은평구,2025-06-04,10,10.428571428571429
은평구,2025-06-05,4,10.571428571428571
은평구,2025-06-06,16,11.285714285714286
은평구,2025-06-07,15,11.214285714285714
은평구,2025-06-08,4,10.571428571428571
은평구,2025-06-09,8,10.571428571428571
은평구,2025-06-10,12,10.571428571428571
은평구,2025-06-11,7,10.214285714285714
은평구,2025-06-12,16,10.357142857142858
은평구,2025-06-13,10,11.142857142857142
은평구,2025-06-14,13,10.714285714285714
은평구,2025-06-15,4,12.0
은평구,2025-06-16,8,11.928571428571429
은평구,2025-06-17,16,14.285714285714286
은평구,2025-06-18,12,14.571428571428571
은평구,2025-06-19,15,14.857142857142858
은평구,2025-06-20,10,14.214285714285714
은평구,2025-06-21,33,15.214285714285714
은평구,2025-06-22,3,15.5
은평구,2025-06-23,41,15.785714285714286
은평구,2025-06-24,16,15.928571428571429
은평구,2025-06-25,11,15.142857142857142
은평구,2025-06-26,7,14.785714285714286
은평구,2025-06-27,24,14.071428571428571
은평구,2025-06-28,17,14.357142857142858
은평구,2025-06-29,8,13.642857142857142
은평구,2025-06-30,10,13.857142857142858
은평구,2025-07-01,5,11.428571428571429
은평구,2025-07-02,7,10.714285714285714
은평구,2025-07-03,5,10.357142857142858
은평구,2025-07-04,14,10.214285714285714
은평구,2025-07-05,23,8.642857142857142
은평구,2025-07-06,6,8.357142857142858
은평구,2025-07-07,7,8.142857142857142
은평구,2025-07-08,6,8.0
은평구,2025-07-09,6,7.928571428571429
은평구,2025-07-10,5,7.857142857142857
은평구,2025-07-11,2,7.571428571428571
은평구,2025-07-12,13,7.142857142857143
은평구,2025-07-13,5,6.285714285714286
은평구,2025-07-14,8,5.928571428571429
은평구,2025-07-15,4,5.785714285714286
은평구,2025-07-16,6,5.857142857142857
은평구,2025-07-17,1,5.571428571428571
은평구,2025-07-18,8,5.5
은평구,2025-07-19,11,5.428571428571429
은평구,2025-07-20,1,5.214285714285714
은평구,2025-07-21,5,5.214285714285714
은평구,2025-07-22,7,5.071428571428571
은평구,2025-07-23,2,5.071428571428571
은평구,2025-07-24,4,4.785714285714286
은평구,2025-07-25,1,4.785714285714286
은평구,2025-07-26,10,4.5
은평구,2025-07-27,5,4.214285714285714
은평구,2025-07-28,6,4.285714285714286
은평구,2025-07-29,4,4.5
은평구,2025-07-30,2,4.285714285714286
은평구,2025-07-31,1,4.357142857142857
은평구,2025-08-01,4,4.571428571428571
은평구,2025-08-02,7,4.785714285714286
은평구,2025-08-03,2,4.714285714285714
은평구,2025-08-04,8,4.571428571428571
은평구,2025-08-05,4,4.5
은평구,2025-08-06,3,4.642857142857143
은평구,2025-08-07,7,4.857142857142857
은평구,2025-08-08,4,4.928571428571429
은평구,2025-08-09,9,5.285714285714286
은평구,2025-08-10,3,5.214285714285714
은평구,2025-08-11,5,5.142857142857143
은평구,2025-08-12,6,4.928571428571429
은평구,2025-08-13,5,4.928571428571429
은평구,2025-08-14,2,5.142857142857143
은평구,2025-08-15,9,5.071428571428571
은평구,2025-08-16,6,5.428571428571429
은평구,2025-08-17,1,6.214285714285714
은평구,2025-08-18,5,6.214285714285714
은평구,2025-08-19,4,6.285714285714286
은평구,2025-08-20,6,6.285714285714286
은평구,2025-08-21,6,6.142857142857143
은평구,2025-08-22,9,6.857142857142857
은평구,2025-08-23,20,6.642857142857143
은평구,2025-08-24,3,7.785714285714286
은평구,2025-08-25,6,7.928571428571429
은평구,2025-08-26,6,7.785714285714286
은평구,2025-08-27,3,7.714285714285714
은평구,2025-08-28,12,7.928571428571429
은평구,2025-08-29,6,7.928571428571429
은평구,2025-08-30,22,7.571428571428571
은평구,2025-08-31,3,7.5
은평구,2025-09-01,3,7.642857142857143
은평구,2025-09-02,3,7.428571428571429
은평구,2025-09-03,9,7.571428571428571
은평구,2025-09-04,6,7.857142857142857
은평구,2025-09-05,4,7.428571428571429
은평구,2025-09-06,19,7.357142857142857
은평구,2025-09-07,5,7.5
은평구,2025-09-08,3,7.642857142857143
은평구,2025-09-09,8,8.0
은평구,2025-09-10,7,8.5
은평구,2025-09-11,6,8.5
은평구,2025-09-12,5,8.357142857142858
은평구,2025-09-13,24,8.857142857142858
은평구,2025-09-14,5,8.642857142857142
은평구,2025-09-15,8,8.857142857142858
은평구,2025-09-16,10,9.857142857142858
은평구,2025-09-17,9,10.0
은평구,2025-09-18,4,10.0
은평구,2025-09-19,11,10.428571428571429
은평구,2025-09-20,16,10.857142857142858
은평구,2025-09-21,8,11.428571428571429
은평구,2025-09-22,17,11.428571428571429
은평구,2025-09-23,10,11.714285714285714
은평구,2025-09-24,7,12.285714285714286
은평구,2025-09-25,12,12.571428571428571
은평구,2025-09-26,11,13.642857142857142
은평구,2025-09-27,32,14.214285714285714
은평구,2025-09-28,5,13.714285714285714
은평구,2025-09-29,12,13.571428571428571
은평구,2025-09-30,18,12.428571428571429
은평구,2025-10-01,13,11.785714285714286
은평구,2025-10-02,19,12.0
은평구,2025-10-03,19,12.0
은평구,2025-10-04,9,13.214285714285714
은평구,2025-10-05,6,11.5
은평구,2025-10-06,1,12.714285714285714
은평구,2025-10-07,1,14.714285714285714
은평구,2025-10-09,10,18.357142857142858
은평구,2025-10-10,12,18.142857142857142
은평구,2025-10-11,28,18.071428571428573
은평구,2025-10-12,8,19.357142857142858
은평구,2025-10-13,22,21.0
은평구,2025-10-14,40,20.642857142857142
은평구,2025-10-15,69,20.642857142857142
은평구,2025-10-16,10,20.714285714285715
은평구,2025-10-17,18,20.071428571428573
은평구,2025-10-18,37,19.285714285714285
은평구,2025-10-19,32,17.357142857142858
은평구,2025-10-21,1,17.071428571428573
은평구,2025-10-23,1,15.642857142857142
은평구,2025-10-29,2,12.857142857142858
은평구,2025-10-30,1,8.142857142857142
은평구,2025-10-31,1,8.285714285714286
은평구,2025-11-01,1,7.357142857142857
은평구,2025-11-03,4,4.928571428571429
은평구,2025-11-04,2,2.9285714285714284
은평구,2025-11-05,1,3.2857142857142856
은평구,2025-11-06,3,3.5
은평구,2025-11-07,12,3.7857142857142856
은평구,2025-11-08,5,4.5
은평구,2025-11-09,3,5.071428571428571
은평구,2025-11-10,4,5.214285714285714
은평구,2025-11-11,6,5.285714285714286
은평구,2025-11-12,4,5.642857142857143
은평구,2025-11-13,6,6.0
은평구,2025-11-14,11,6.214285714285714
은평구,2025-11-15,9,5.928571428571429
은평구,2025-11-16,3,6.785714285714286
은평구,2025-11-17,5,6.857142857142857
은평구,2025-11-18,7,6.857142857142857
은평구,2025-11-19,6,6.714285714285714
은평구,2025-11-20,6,7.214285714285714
은평구,2025-11-21,8,7.142857142857143
은평구,2025-11-22,17,7.071428571428571
은평구,2025-11-23,4,7.357142857142857
은평구,2025-11-24,4,7.428571428571429
은평구,2025-11-25,4,7.357142857142857
은평구,2025-11-26,11,7.142857142857143
은평구,2025-11-27,5,7.285714285714286
은평구,2025-11-28,10,7.142857142857143
은평구,2025-11-29,13,7.0
은평구,2025-11-30,4,6.5
은평구,2025-12-01,4,6.5
은평구,2025-12-02,4,6.642857142857143
은평구,2025-12-03,8,6.5
은평구,2025-12-04,4,6.142857142857143
은평구,2025-12-05,6,6.285714285714286
은평구,2025-12-06,10,6.285714285714286
은평구,2025-12-07,4,6.0
은평구,2025-12-08,6,5.857142857142857
은평구,2025-12-09,2,6.5
은평구,2025-12-10,6,6.571428571428571
은평구,2025-12-11,7,6.428571428571429
은평구,2025-12-12,10,6.642857142857143
은평구,2025-12-13,9,7.071428571428571
은평구,2025-12-14,2,7.285714285714286
은평구,2025-12-15,13,7.285714285714286
은평구,2025-12-16,5,7.428571428571429
은평구,2025-12-17,6,7.714285714285714
은평구,2025-12-18,7,8.214285714285714
은평구,2025-12-19,12,7.785714285714286
은평구,2025-12-20,13,7.928571428571429
은평구,2025-12-21,4,8.428571428571429
은평구,2025-12-22,8,8.357142857142858
은평구,2025-12-23,6,7.714285714285714
은평구,2025-12-24,13,7.714285714285714
은평구,2025-12-25,1,7.571428571428571
은평구,2025-12-26,12,7.285714285714286
은평구,2025-12-27,16,7.0
은평구,2025-12-28,1,6.857142857142857
은평구,2025-12-29,4,6.642857142857143
은평구,2025-12-30,5,6.5
은평구,2025-12-31,4,6.714285714285714
은평구,2026-01-01,3,6.214285714285714
은평구,2026-01-02,8,6.5
은평구,2026-01-03,11,6.285714285714286
은평구,2026-01-04,1,7.0
은평구,2026-01-05,6,7.142857142857143
은평구,2026-01-06,9,7.285714285714286
은평구,2026-01-07,6,7.428571428571429
은평구,2026-01-08,5,7.642857142857143
은평구,2026-01-09,9,8.357142857142858
은평구,2026-01-10,26,8.428571428571429
은평구,2026-01-11,3,8.785714285714286
은평구,2026-01-12,6,9.071428571428571
은평구,2026-01-13,7,8.928571428571429
은평구,2026-01-14,7,8.5
은평구,2026-01-15,13,8.428571428571429
은평구,2026-01-16,9,8.428571428571429
은평구,2026-01-17,16,8.571428571428571
은평구,2026-01-18,5,7.785714285714286
은평구,2026-01-19,4,7.714285714285714
은평구,2026-01-20,3,7.785714285714286
은평구,2026-01-21,5,8.285714285714286
은평구,2026-01-22,5,8.714285714285714
은평구,2026-01-23,11,8.571428571428571
은평구,2026-01-24,15,8.857142857142858
은평구,2026-01-25,2,8.642857142857142
은평구,2026-01-26,7,8.5
은평구,2026-01-27,14,8.571428571428571
은평구,2026-01-28,13,8.857142857142858
은평구,2026-01-29,11,9.785714285714286
은평구,2026-01-30,13,10.214285714285714
은평구,2026-01-31,13,11.071428571428571
은평구,2026-02-01,3,11.571428571428571
은평구,2026-02-02,5,11.714285714285714
은평구,2026-02-03,7,12.0
은평구,2026-02-04,18,12.071428571428571
은평구,2026-02-05,11,11.785714285714286
은평구,2026-02-06,23,12.571428571428571
은평구,2026-02-07,22,13.0
은평구,2026-02-08,4,12.928571428571429
은평구,2026-02-09,11,12.785714285714286
은평구,2026-02-10,15,12.5
은평구,2026-02-11,9,12.071428571428571
은평구,2026-02-12,22,11.5
은평구,2026-02-13,19,11.714285714285714
은평구,2026-02-14,12,12.5
은평구,2026-02-15,1,11.214285714285714
은평구,2026-02-16,1,11.571428571428571
은평구,2026-02-18,1,11.428571428571429
은평구,2026-02-19,10,11.285714285714286
은평구,2026-02-20,14,11.571428571428571
은평구,2026-02-21,34,11.142857142857142
은평구,2026-02-22,4,11.571428571428571
은평구,2026-02-23,9,11.071428571428571
은평구,2026-02-24,9,11.785714285714286
은평구,2026-02-25,13,12.5
은평구,2026-02-26,13,13.071428571428571
은평구,2026-02-27,16,12.785714285714286
은평구,2026-02-28,25,12.214285714285714
은평구,2026-03-01,5,10.928571428571429
은평구,2026-03-02,11,10.785714285714286
은평구,2026-03-03,11,10.5
은평구,2026-03-04,9,10.285714285714286
은평구,2026-03-05,6,9.642857142857142
은평구,2026-03-06,6,9.214285714285714
은평구,2026-03-07,16,8.571428571428571
은평구,2026-03-08,2,8.071428571428571
은평구,2026-03-09,5,7.857142857142857
은평구,2026-03-10,6,7.714285714285714
은평구,2026-03-11,4,7.571428571428571
은평구,2026-03-12,7,7.642857142857143
은평구,2026-03-13,7,7.642857142857143
은평구,2026-03-14,18,7.928571428571429
은평구,2026-03-15,2,8.714285714285714
은평구,2026-03-16,9,8.785714285714286
은평구,2026-03-17,9,9.214285714285714
은평구,2026-03-18,10,9.785714285714286
은평구,2026-03-19,6,10.428571428571429
은평구,2026-03-20,10,10.357142857142858
은평구,2026-03-21,27,11.357142857142858
은평구,2026-03-22,3,11.857142857142858
은평구,2026-03-23,11,12.071428571428571
은평구,2026-03-24,14,12.714285714285714
은평구,2026-03-25,13,12.857142857142858
은평구,2026-03-26,6,13.071428571428571
은평구,2026-03-27,21,13.357142857142858
은평구,2026-03-28,25,13.071428571428571
은평구,2026-03-29,5,12.571428571428571
은평구,2026-03-30,18,12.428571428571429
은평구,2026-03-31,11,12.142857142857142
은평구,2026-04-01,13,11.5
은평구,2026-04-02,10,11.285714285714286
은평구,2026-04-03,6,11.142857142857142
은평구,2026-04-04,20,10.357142857142858
은평구,2026-04-05,1,9.928571428571429
은평구,2026-04-06,7,10.071428571428571
은평구,2026-04-07,5,9.571428571428571
은평구,2026-04-08,10,9.571428571428571
은평구,2026-04-09,4,9.307692307692308
은평구,2026-04-10,10,9.25
은평구,2026-04-11,19,9.545454545454545
은평구,2026-04-12,7,8.5
은평구,2026-04-13,11,9.333333333333334
은평구,2026-04-14,11,9.625
종로구,2025-04-16,1,1.2857142857142858
종로구,2025-04-17,1,1.25
종로구,2025-04-18,2,1.2222222222222223
종로구,2025-04-19,1,1.3
종로구,2025-04-20,2,1.6363636363636365
종로구,2025-04-21,1,1.5833333333333333
종로구,2025-04-22,1,1.6153846153846154
종로구,2025-04-23,1,1.6428571428571428
종로구,2025-04-24,1,1.8571428571428572
종로구,2025-04-25,2,1.9285714285714286
종로구,2025-04-26,5,1.9285714285714286
종로구,2025-04-29,1,1.9285714285714286
종로구,2025-04-30,2,2.2142857142857144
종로구,2025-05-02,2,2.2142857142857144
종로구,2025-05-03,4,2.2142857142857144
종로구,2025-05-06,2,2.2857142857142856
종로구,2025-05-08,2,2.2857142857142856
종로구,2025-05-09,1,2.2857142857142856
종로구,2025-05-10,6,2.0714285714285716
종로구,2025-05-12,1,2.142857142857143
종로구,2025-05-13,1,2.2857142857142856
종로구,2025-05-14,2,2.357142857142857
종로구,2025-05-15,1,2.4285714285714284
종로구,2025-05-17,2,2.4285714285714284
종로구,2025-05-18,2,2.4285714285714284
종로구,2025-05-19,2,2.5714285714285716
종로구,2025-05-20,4,2.357142857142857
종로구,2025-05-21,3,2.4285714285714284
종로구,2025-05-23,5,2.642857142857143
종로구,2025-05-24,2,2.642857142857143
종로구,2025-05-26,2,2.7857142857142856
종로구,2025-05-27,3,2.7857142857142856
종로구,2025-05-29,3,2.7142857142857144
종로구,2025-05-30,2,2.7142857142857144
종로구,2025-05-31,4,2.7857142857142856
종로구,2025-06-01,2,2.7142857142857144
종로구,2025-06-02,3,2.4285714285714284
종로구,2025-06-03,2,2.4285714285714284
종로구,2025-06-04,1,2.642857142857143
종로구,2025-06-05,2,2.642857142857143
종로구,2025-06-06,5,2.642857142857143
종로구,2025-06-07,2,2.5714285714285716
종로구,2025-06-08,1,2.7857142857142856
종로구,2025-06-09,2,2.857142857142857
종로구,2025-06-10,5,3.142857142857143
종로구,2025-06-11,3,3.142857142857143
종로구,2025-06-12,3,3.4285714285714284
종로구,2025-06-13,1,3.4285714285714284
종로구,2025-06-14,7,3.5714285714285716
종로구,2025-06-16,3,3.5
종로구,2025-06-17,7,3.7142857142857144
종로구,2025-06-18,2,3.7857142857142856
종로구,2025-06-19,5,3.5714285714285716
종로구,2025-06-20,2,3.7857142857142856
종로구,2025-06-21,7,4.0
종로구,2025-06-22,1,4.214285714285714
종로구,2025-06-23,4,3.9285714285714284
종로구,2025-06-24,3,3.7857142857142856
종로구,2025-06-25,2,3.357142857142857
종로구,2025-06-26,6,3.2857142857142856
종로구,2025-06-27,6,3.0
종로구,2025-06-28,4,3.0714285714285716
종로구,2025-06-29,3,2.7857142857142856
종로구,2025-07-01,1,3.0
종로구,2025-07-02,1,2.7857142857142856
종로구,2025-07-03,1,2.7857142857142856
종로구,2025-07-04,1,2.7142857142857144
종로구,2025-07-05,3,2.357142857142857
종로구,2025-07-09,3,2.0
종로구,2025-07-12,4,1.8571428571428572
종로구,2025-07-14,1,1.7142857142857142
종로구,2025-07-15,3,1.7142857142857142
종로구,2025-07-16,1,1.8571428571428572
종로구,2025-07-18,1,1.8571428571428572
종로구,2025-07-19,1,1.9285714285714286
종로구,2025-07-21,2,1.7857142857142858
종로구,2025-07-22,1,1.7142857142857142
종로구,2025-07-24,1,1.5
종로구,2025-07-26,3,1.5
종로구,2025-07-28,1,1.3571428571428572
종로구,2025-07-29,2,1.3571428571428572
종로구,2025-07-30,1,1.4285714285714286
종로구,2025-07-31,2,1.5
종로구,2025-08-01,1,1.6428571428571428
종로구,2025-08-02,1,1.6428571428571428
종로구,2025-08-04,1,1.7142857142857142
종로구,2025-08-05,1,1.5714285714285714
종로구,2025-08-09,2,1.6428571428571428
종로구,2025-08-11,2,1.7857142857142858
종로구,2025-08-12,4,1.8571428571428572
종로구,2025-08-13,1,1.7857142857142858
종로구,2025-08-14,2,1.9285714285714286
종로구,2025-08-15,1,1.9285714285714286
종로구,2025-08-18,2,2.0
종로구,2025-08-19,4,2.0
종로구,2025-08-20,2,1.9285714285714286
종로구,2025-08-21,1,2.0
종로구,2025-08-22,3,2.0714285714285716
종로구,2025-08-23,1,2.0714285714285716
종로구,2025-08-24,2,2.0
종로구,2025-08-25,1,2.0
종로구,2025-08-26,1,2.0714285714285716
종로구,2025-08-27,3,1.8571428571428572
종로구,2025-08-28,5,1.8571428571428572
종로구,2025-08-29,1,2.0714285714285716
종로구,2025-09-01,1,1.9285714285714286
종로구,2025-09-02,1,1.9285714285714286
종로구,2025-09-03,3,1.9285714285714286
종로구,2025-09-04,1,1.9285714285714286
종로구,2025-09-05,2,2.0714285714285716
종로구,2025-09-06,4,1.9285714285714286
종로구,2025-09-07,1,1.7857142857142858
종로구,2025-09-08,1,1.7857142857142858
종로구,2025-09-11,2,1.7857142857142858
종로구,2025-09-12,1,1.9285714285714286
종로구,2025-09-13,3,2.2857142857142856
종로구,2025-09-14,1,2.2857142857142856
종로구,2025-09-16,3,2.2857142857142856
종로구,2025-09-17,1,2.2142857142857144
종로구,2025-09-18,1,2.5714285714285716
종로구,2025-09-19,3,2.857142857142857
종로구,2025-09-20,8,2.9285714285714284
종로구,2025-09-21,1,2.9285714285714284
종로구,2025-09-22,2,2.9285714285714284
종로구,2025-09-23,3,3.142857142857143
종로구,2025-09-24,6,3.0714285714285716
종로구,2025-09-25,5,3.142857142857143
종로구,2025-09-27,3,3.142857142857143
종로구,2025-09-28,1,3.142857142857143
종로구,2025-09-29,3,2.7142857142857144
종로구,2025-09-30,4,3.2857142857142856
종로구,2025-10-01,2,3.5
종로구,2025-10-02,2,3.5714285714285716
종로구,2025-10-03,1,3.4285714285714284
종로구,2025-10-04,3,4.214285714285714
종로구,2025-10-09,2,4.785714285714286
종로구,2025-10-10,9,5.071428571428571
종로구,2025-10-11,5,5.285714285714286
종로구,2025-10-12,4,5.214285714285714
종로구,2025-10-13,4,5.785714285714286
종로구,2025-10-14,16,5.714285714285714
종로구,2025-10-15,11,5.785714285714286
종로구,2025-10-16,5,5.642857142857143
종로구,2025-10-17,6,5.571428571428571
종로구,2025-10-18,3,5.0
종로구,2025-10-19,10,4.928571428571429
종로구,2025-10-22,1,4.714285714285714
종로구,2025-10-28,2,4.5
종로구,2025-11-02,1,3.5714285714285716
종로구,2025-11-07,1,2.857142857142857
종로구,2025-11-11,1,2.642857142857143
종로구,2025-11-13,4,2.2857142857142856
종로구,2025-11-14,1,2.142857142857143
종로구,2025-11-15,1,1.5
종로구,2025-11-18,3,1.5
종로구,2025-11-19,1,1.4285714285714286
종로구,2025-11-20,2,1.4285714285714286
종로구,2025-11-21,1,1.5714285714285714
종로구,2025-11-24,1,1.5714285714285714
종로구,2025-11-25,1,1.4285714285714286
종로구,2025-11-26,1,1.4285714285714286
종로구,2025-11-27,1,1.5714285714285714
종로구,2025-11-28,1,1.6428571428571428
종로구,2025-11-29,3,1.6428571428571428
종로구,2025-12-01,1,1.6428571428571428
종로구,2025-12-02,2,1.7142857142857142
종로구,2025-12-03,1,1.7857142857142858
종로구,2025-12-04,3,1.8571428571428572
종로구,2025-12-06,4,1.9285714285714286
종로구,2025-12-07,1,2.0714285714285716
종로구,2025-12-08,2,2.2142857142857144
종로구,2025-12-09,2,2.142857142857143
종로구,2025-12-11,2,2.2142857142857144
종로구,2025-12-12,2,2.2142857142857144
종로구,2025-12-13,2,2.2142857142857144
종로구,2025-12-16,3,2.2142857142857144
종로구,2025-12-18,3,2.0
종로구,2025-12-19,2,2.0714285714285716
종로구,2025-12-20,2,2.0
종로구,2025-12-22,2,1.9285714285714286
종로구,2025-12-23,1,1.8571428571428572
종로구,2025-12-24,3,1.7857142857142858
종로구,2025-12-25,1,1.8571428571428572
종로구,2025-12-26,2,1.8571428571428572
종로구,2025-12-29,1,1.7857142857142858
종로구,2025-12-30,1,1.7857142857142858
종로구,2025-12-31,1,1.7857142857142858
종로구,2026-01-02,1,1.7142857142857142
종로구,2026-01-03,3,1.7857142857142858
종로구,2026-01-06,3,1.6428571428571428
종로구,2026-01-07,2,1.6428571428571428
종로구,2026-01-08,2,1.8571428571428572
종로구,2026-01-09,2,1.9285714285714286
종로구,2026-01-10,1,2.0714285714285716
종로구,2026-01-13,2,2.142857142857143
종로구,2026-01-14,1,2.142857142857143
종로구,2026-01-15,1,2.2142857142857144
종로구,2026-01-17,5,2.142857142857143
종로구,2026-01-19,2,2.2142857142857144
종로구,2026-01-20,3,2.4285714285714284
종로구,2026-01-22,2,2.4285714285714284
종로구,2026-01-24,1,2.5
종로구,2026-01-26,4,2.5714285714285716
종로구,2026-01-29,2,2.5714285714285716
종로구,2026-01-30,3,2.642857142857143
종로구,2026-01-31,5,2.7857142857142856
종로구,2026-02-01,2,2.7857142857142856
종로구,2026-02-02,2,2.7142857142857144
종로구,2026-02-04,3,2.7857142857142856
종로구,2026-02-05,1,2.857142857142857
종로구,2026-02-06,2,2.7857142857142856
종로구,2026-02-07,7,2.7142857142857144
종로구,2026-02-09,2,2.7857142857142856
종로구,2026-02-10,2,2.5714285714285716
종로구,2026-02-12,3,2.5
종로구,2026-02-13,2,2.5
종로구,2026-02-14,3,2.5
종로구,2026-02-20,1,2.7857142857142856
종로구,2026-02-21,4,2.9285714285714284
종로구,2026-02-23,2,2.5
종로구,2026-02-24,1,2.4285714285714284
종로구,2026-02-25,2,2.5714285714285716
종로구,2026-02-26,3,2.4285714285714284
종로구,2026-02-27,5,2.357142857142857
종로구,2026-02-28,4,2.2857142857142856
종로구,2026-03-01,1,2.7142857142857144
종로구,2026-03-02,1,2.5
종로구,2026-03-03,4,2.4285714285714284
종로구,2026-03-04,1,2.5
종로구,2026-03-05,1,2.4285714285714284
종로구,2026-03-06,2,2.4285714285714284
종로구,2026-03-07,7,2.142857142857143
종로구,2026-03-09,1,2.0
종로구,2026-03-10,1,2.0714285714285716
종로구,2026-03-11,2,2.0714285714285716
종로구,2026-03-12,1,2.142857142857143
종로구,2026-03-13,3,2.142857142857143
종로구,2026-03-14,1,2.2142857142857144
종로구,2026-03-16,2,2.2857142857142856
종로구,2026-03-17,2,1.8571428571428572
종로구,2026-03-18,1,1.8571428571428572
종로구,2026-03-19,5,1.8571428571428572
종로구,2026-03-20,1,2.0
종로구,2026-03-21,2,2.0
종로구,2026-03-23,3,1.9285714285714286
종로구,2026-03-24,1,1.9285714285714286
종로구,2026-03-25,1,2.0
종로구,2026-03-26,1,2.142857142857143
종로구,2026-03-27,4,2.2857142857142856
종로구,2026-03-29,1,2.2857142857142856
종로구,2026-03-30,2,2.357142857142857
종로구,2026-03-31,1,2.357142857142857
종로구,2026-04-01,3,2.2142857142857144
종로구,2026-04-02,4,2.2142857142857144
종로구,2026-04-03,3,2.4285714285714284
종로구,2026-04-04,5,2.7857142857142856
종로구,2026-04-06,2,2.5714285714285716
종로구,2026-04-07,2,2.7142857142857144
종로구,2026-04-08,1,2.769230769230769
종로구,2026-04-09,1,2.9166666666666665
종로구,2026-04-10,4,2.909090909090909
종로구,2026-04-11,6,2.8
종로구,2026-04-13,1,2.7777777777777777
종로구,2026-04-14,3,2.5
중구,2025-04-15,3,3.4285714285714284
중구,2025-04-16,4,3.375
중구,2025-04-17,2,3.5555555555555554
중구,2025-04-18,4,3.3
중구,2025-04-19,6,3.4545454545454546
중구,2025-04-20,3,3.5833333333333335
중구,2025-04-21,2,3.5384615384615383
중구,2025-04-22,3,3.5
중구,2025-04-23,5,3.5
중구,2025-04-24,1,3.642857142857143
중구,2025-04-25,5,3.5714285714285716
중구,2025-04-26,5,3.4285714285714284
중구,2025-04-28,3,3.0714285714285716
중구,2025-04-29,3,3.0714285714285716
중구,2025-04-30,3,3.2142857142857144
중구,2025-05-01,6,3.4285714285714284
중구,2025-05-02,1,3.4285714285714284
중구,2025-05-03,2,3.7142857142857144
중구,2025-05-05,1,3.4285714285714284
중구,2025-05-06,3,3.4285714285714284
중구,2025-05-07,4,3.2857142857142856
중구,2025-05-08,6,3.5
중구,2025-05-09,5,3.5
중구,2025-05-10,5,3.642857142857143
중구,2025-05-12,1,3.642857142857143
중구,2025-05-13,5,3.5714285714285716
중구,2025-05-14,1,3.7142857142857144
중구,2025-05-15,6,3.5714285714285716
중구,2025-05-16,3,3.4285714285714284
중구,2025-05-17,8,3.357142857142857
중구,2025-05-18,1,3.357142857142857
중구,2025-05-19,1,3.0714285714285716
중구,2025-05-20,3,3.2142857142857144
중구,2025-05-21,1,3.357142857142857
중구,2025-05-22,2,3.642857142857143
중구,2025-05-23,5,3.357142857142857
중구,2025-05-24,5,3.857142857142857
중구,2025-05-25,1,4.071428571428571
중구,2025-05-26,3,4.071428571428571
중구,2025-05-27,7,4.428571428571429
중구,2025-05-28,5,4.5
중구,2025-05-29,2,4.714285714285714
중구,2025-05-30,10,4.785714285714286
중구,2025-05-31,11,4.928571428571429
중구,2025-06-01,1,5.214285714285714
중구,2025-06-02,6,5.5
중구,2025-06-03,4,5.928571428571429
중구,2025-06-04,4,6.0
중구,2025-06-05,3,5.928571428571429
중구,2025-06-06,7,6.0
중구,2025-06-07,9,6.071428571428571
중구,2025-06-08,5,6.214285714285714
중구,2025-06-09,9,6.214285714285714
중구,2025-06-10,8,6.428571428571429
중구,2025-06-11,4,6.642857142857143
중구,2025-06-12,3,6.785714285714286
중구,2025-06-13,11,7.214285714285714
중구,2025-06-14,13,7.071428571428571
중구,2025-06-15,1,7.714285714285714
중구,2025-06-16,9,7.642857142857143
중구,2025-06-17,7,7.571428571428571
중구,2025-06-18,6,7.428571428571429
중구,2025-06-19,9,7.5
중구,2025-06-20,5,7.857142857142857
중구,2025-06-21,18,7.642857142857143
중구,2025-06-22,4,6.928571428571429
중구,2025-06-23,8,6.928571428571429
중구,2025-06-24,6,6.357142857142857
중구,2025-06-25,5,6.0
중구,2025-06-26,8,5.642857142857143
중구,2025-06-27,8,5.142857142857143
중구,2025-06-28,3,4.857142857142857
중구,2025-06-29,1,3.7142857142857144
중구,2025-06-30,1,3.5
중구,2025-07-01,2,3.0
중구,2025-07-02,1,2.642857142857143
중구,2025-07-04,2,2.5714285714285716
중구,2025-07-05,1,2.142857142857143
중구,2025-07-06,2,1.6428571428571428
중구,2025-07-07,1,1.5714285714285714
중구,2025-07-08,1,1.6428571428571428
중구,2025-07-09,1,1.7142857142857142
중구,2025-07-11,4,1.7142857142857142
중구,2025-07-12,2,2.0
중구,2025-07-13,1,2.0714285714285716
중구,2025-07-14,2,2.0714285714285716
중구,2025-07-15,2,2.0
중구,2025-07-16,2,2.0
중구,2025-07-17,2,2.0
중구,2025-07-18,5,2.2857142857142856
중구,2025-07-19,3,2.0714285714285716
중구,2025-07-22,1,2.0
중구,2025-07-23,1,2.0
중구,2025-07-24,1,1.9285714285714286
중구,2025-07-25,1,1.8571428571428572
중구,2025-07-26,5,1.9285714285714286
중구,2025-07-27,1,1.9285714285714286
중구,2025-07-28,1,1.6428571428571428
중구,2025-07-29,1,1.5714285714285714
중구,2025-07-31,1,1.5714285714285714
중구,2025-08-01,1,1.5714285714285714
중구,2025-08-02,3,1.7857142857142858
중구,2025-08-03,2,1.7857142857142858
중구,2025-08-04,1,1.5
중구,2025-08-05,2,1.6428571428571428
중구,2025-08-07,1,1.7142857142857142
중구,2025-08-08,1,1.7142857142857142
중구,2025-08-09,4,1.7142857142857142
중구,2025-08-10,1,2.142857142857143
중구,2025-08-13,1,2.142857142857143
중구,2025-08-15,3,2.142857142857143
중구,2025-08-16,2,2.2857142857142856
중구,2025-08-17,1,2.2857142857142856
중구,2025-08-18,1,2.2857142857142856
중구,2025-08-19,7,2.2857142857142856
중구,2025-08-20,3,2.0714285714285716
중구,2025-08-21,2,2.0714285714285716
중구,2025-08-22,3,2.357142857142857
중구,2025-08-23,2,2.4285714285714284
중구,2025-08-24,1,2.7857142857142856
중구,2025-08-25,1,3.0
중구,2025-08-26,1,3.142857142857143
중구,2025-08-27,1,2.857142857142857
중구,2025-08-28,5,2.857142857142857
중구,2025-08-29,4,2.9285714285714284
중구,2025-08-30,7,2.9285714285714284
중구,2025-09-01,4,2.857142857142857
중구,2025-09-02,3,3.0714285714285716
중구,2025-09-03,3,3.142857142857143
중구,2025-09-04,3,3.5
중구,2025-09-05,3,4.428571428571429
중구,2025-09-06,3,4.142857142857143
중구,2025-09-08,1,4.142857142857143
중구,2025-09-09,4,3.7857142857142856
중구,2025-09-11,2,3.7857142857142856
중구,2025-09-12,6,3.857142857142857
중구,2025-09-13,14,3.9285714285714284
중구,2025-09-14,1,4.571428571428571
중구,2025-09-15,4,4.785714285714286
중구,2025-09-16,2,4.928571428571429
중구,2025-09-17,4,5.214285714285714
중구,2025-09-18,4,5.285714285714286
중구,2025-09-19,4,5.857142857142857
중구,2025-09-20,12,6.214285714285714
중구,2025-09-21,6,6.428571428571429
중구,2025-09-22,5,6.571428571428571
중구,2025-09-23,5,6.785714285714286
중구,2025-09-24,5,7.214285714285714
중구,2025-09-25,10,7.428571428571429
중구,2025-09-26,11,7.5
중구,2025-09-27,17,7.785714285714286
중구,2025-09-28,3,7.142857142857143
중구,2025-09-29,7,6.857142857142857
중구,2025-09-30,8,7.0
중구,2025-10-01,7,7.071428571428571
중구,2025-10-02,5,7.071428571428571
중구,2025-10-03,8,7.142857142857143
중구,2025-10-04,3,7.857142857142857
중구,2025-10-09,2,8.357142857142858
중구,2025-10-10,7,8.571428571428571
중구,2025-10-11,6,8.785714285714286
중구,2025-10-12,5,8.928571428571429
중구,2025-10-13,11,9.0
중구,2025-10-14,21,8.714285714285714
중구,2025-10-15,24,8.214285714285714
중구,2025-10-16,6,8.071428571428571
중구,2025-10-17,10,8.0
중구,2025-10-18,10,7.642857142857143
중구,2025-10-19,8,7.285714285714286
중구,2025-10-20,1,7.0
중구,2025-10-23,1,6.428571428571429
중구,2025-10-24,1,5.285714285714286
중구,2025-10-26,1,3.642857142857143
중구,2025-10-29,2,3.357142857142857
중구,2025-10-31,1,2.7857142857142856
중구,2025-11-01,1,2.2142857142857144
중구,2025-11-04,3,1.7142857142857142
중구,2025-11-05,5,1.7857142857142858
중구,2025-11-06,1,1.9285714285714286
중구,2025-11-08,2,1.9285714285714286
중구,2025-11-12,2,1.9285714285714286
중구,2025-11-15,2,2.0
중구,2025-11-16,1,2.0
중구,2025-11-18,2,2.0714285714285716
중구,2025-11-20,3,1.9285714285714286
중구,2025-11-21,1,1.6428571428571428
중구,2025-11-22,1,1.8571428571428572
중구,2025-11-24,3,1.8571428571428572
중구,2025-11-25,1,1.8571428571428572
중구,2025-11-27,2,1.7857142857142858
중구,2025-11-29,1,2.142857142857143
중구,2025-11-30,1,2.4285714285714284
중구,2025-12-01,4,2.357142857142857
중구,2025-12-02,2,2.4285714285714284
중구,2025-12-03,2,2.4285714285714284
중구,2025-12-04,1,2.4285714285714284
중구,2025-12-05,6,2.4285714285714284
중구,2025-12-06,6,2.642857142857143
중구,2025-12-08,2,2.642857142857143
중구,2025-12-09,2,2.7142857142857144
중구,2025-12-10,1,2.642857142857143
중구,2025-12-11,3,2.7142857142857144
중구,2025-12-12,1,2.7142857142857144
중구,2025-12-13,5,2.857142857142857
중구,2025-12-14,1,2.642857142857143
중구,2025-12-15,2,2.4285714285714284
중구,2025-12-16,3,2.357142857142857
중구,2025-12-18,3,2.5
중구,2025-12-19,2,2.7857142857142856
중구,2025-12-20,3,2.642857142857143
중구,2025-12-22,3,2.7857142857142856
중구,2025-12-23,3,2.7142857142857144
중구,2025-12-24,1,2.857142857142857
중구,2025-12-26,4,3.0
중구,2025-12-27,5,3.0714285714285716
중구,2025-12-29,1,2.9285714285714284
중구,2025-12-30,3,2.9285714285714284
중구,2025-12-31,4,3.0714285714285716
중구,2026-01-02,3,3.4285714285714284
중구,2026-01-03,4,3.4285714285714284
중구,2026-01-06,4,3.4285714285714284
중구,2026-01-07,1,3.4285714285714284
중구,2026-01-08,2,3.2142857142857144
중구,2026-01-09,5,3.2857142857142856
중구,2026-01-10,8,3.357142857142857
중구,2026-01-11,3,3.2857142857142856
중구,2026-01-12,1,3.142857142857143
중구,2026-01-13,4,3.0
중구,2026-01-14,2,2.9285714285714284
중구,2026-01-15,2,3.0
중구,2026-01-16,4,3.0714285714285716
중구,2026-01-17,3,2.857142857142857
중구,2026-01-18,1,2.5
중구,2026-01-19,2,2.5
중구,2026-01-20,3,2.5714285714285716
중구,2026-01-22,2,2.642857142857143
중구,2026-01-23,3,2.857142857142857
중구,2026-01-24,2,2.7857142857142856
중구,2026-01-27,3,2.5714285714285716
중구,2026-01-28,3,2.4285714285714284
중구,2026-01-29,2,2.642857142857143
중구,2026-01-30,5,2.5714285714285716
중구,2026-01-31,5,2.5714285714285716
중구,2026-02-01,1,2.7142857142857144
중구,2026-02-02,1,2.5714285714285716
중구,2026-02-03,1,2.642857142857143
중구,2026-02-04,4,2.5714285714285716
중구,2026-02-05,1,2.9285714285714284
중구,2026-02-06,3,2.9285714285714284
중구,2026-02-07,4,2.7857142857142856
중구,2026-02-09,1,2.5
중구,2026-02-10,3,2.7857142857142856
중구,2026-02-11,2,3.142857142857143
중구,2026-02-12,8,3.2857142857142856
중구,2026-02-13,2,3.142857142857143
중구,2026-02-14,3,3.2142857142857144
중구,2026-02-19,1,3.142857142857143
중구,2026-02-20,5,3.0714285714285716
중구,2026-02-21,6,3.2857142857142856
중구,2026-02-23,3,3.142857142857143
중구,2026-02-24,2,3.142857142857143
중구,2026-02-25,2,2.642857142857143
중구,2026-02-26,2,2.7857142857142856
중구,2026-02-27,3,2.7142857142857144
중구,2026-02-28,4,3.0714285714285716
중구,2026-03-02,1,2.857142857142857
중구,2026-03-03,2,2.5714285714285716
중구,2026-03-04,1,2.5714285714285716
중구,2026-03-05,4,2.5714285714285716
중구,2026-03-06,2,2.642857142857143
중구,2026-03-07,6,2.9285714285714284
중구,2026-03-08,2,3.2142857142857144
중구,2026-03-09,2,3.0
중구,2026-03-10,3,3.0714285714285716
중구,2026-03-11,2,3.0714285714285716
중구,2026-03-12,3,3.142857142857143
중구,2026-03-13,6,3.0
중구,2026-03-14,7,3.357142857142857
중구,2026-03-15,1,3.357142857142857
중구,2026-03-16,2,3.2857142857142856
중구,2026-03-17,2,3.2857142857142856
중구,2026-03-18,2,3.2142857142857144
중구,2026-03-19,2,3.5
중구,2026-03-20,7,3.4285714285714284
중구,2026-03-21,6,3.2857142857142856
중구,2026-03-22,1,3.2857142857142856
중구,2026-03-23,2,3.357142857142857
중구,2026-03-24,2,3.4285714285714284
중구,2026-03-25,6,3.5
중구,2026-03-26,2,3.5714285714285716
중구,2026-03-27,4,3.7857142857142856
중구,2026-03-28,7,3.642857142857143
중구,2026-03-29,2,3.642857142857143
중구,2026-03-30,3,3.642857142857143
중구,2026-03-31,3,3.7142857142857144
중구,2026-04-01,3,3.7142857142857144
중구,2026-04-02,5,3.5714285714285716
중구,2026-04-03,5,3.7142857142857144
중구,2026-04-04,6,4.071428571428571
중구,2026-04-05,1,3.9285714285714284
중구,2026-04-06,3,4.0
중구,2026-04-07,2,3.9285714285714284
중구,2026-04-08,4,4.0
중구,2026-04-09,4,4.083333333333333
중구,2026-04-10,9,4.0
중구,2026-04-11,5,3.9
중구,2026-04-13,3,3.6666666666666665
중구,2026-04-14,2,4.0
중랑구,2025-04-15,4,3.857142857142857
중랑구,2025-04-16,1,4.0
중랑구,2025-04-17,1,4.0
중랑구,2025-04-18,3,4.1
중랑구,2025-04-19,12,4.7272727272727275
중랑구,2025-04-21,3,4.5
중랑구,2025-04-22,3,4.461538461538462
중랑구,2025-04-23,5,4.571428571428571
중랑구,2025-04-24,4,4.5
중랑구,2025-04-25,5,5.0
중랑구,2025-04-26,11,5.428571428571429
중랑구,2025-04-27,2,6.0
중랑구,2025-04-28,4,5.214285714285714
중랑구,2025-04-29,6,5.571428571428571
중랑구,2025-04-30,3,5.642857142857143
중랑구,2025-05-01,8,5.714285714285714
중랑구,2025-05-02,7,6.214285714285714
중랑구,2025-05-03,11,6.428571428571429
중랑구,2025-05-05,1,5.785714285714286
중랑구,2025-05-06,8,5.785714285714286
중랑구,2025-05-07,4,5.714285714285714
중랑구,2025-05-08,6,5.571428571428571
중랑구,2025-05-09,11,5.642857142857143
중랑구,2025-05-10,8,5.428571428571429
중랑구,2025-05-11,2,5.357142857142857
중랑구,2025-05-12,2,4.642857142857143
중랑구,2025-05-13,3,5.071428571428571
중랑구,2025-05-14,4,4.642857142857143
중랑구,2025-05-15,4,4.642857142857143
중랑구,2025-05-16,5,4.571428571428571
중랑구,2025-05-17,6,4.142857142857143
중랑구,2025-05-18,1,4.642857142857143
중랑구,2025-05-19,7,4.642857142857143
중랑구,2025-05-20,2,4.857142857142857
중랑구,2025-05-21,4,4.928571428571429
중랑구,2025-05-22,5,5.214285714285714
중랑구,2025-05-23,5,5.428571428571429
중랑구,2025-05-24,15,5.642857142857143
중랑구,2025-05-25,2,5.785714285714286
중랑구,2025-05-26,5,5.928571428571429
중랑구,2025-05-27,4,5.714285714285714
중랑구,2025-05-28,8,6.071428571428571
중랑구,2025-05-29,7,6.214285714285714
중랑구,2025-05-30,8,6.5
중랑구,2025-05-31,8,7.214285714285714
중랑구,2025-06-01,3,6.642857142857143
중랑구,2025-06-02,4,6.714285714285714
중랑구,2025-06-03,7,7.714285714285714
중랑구,2025-06-04,6,7.5
중랑구,2025-06-05,9,7.214285714285714
중랑구,2025-06-06,15,7.428571428571429
중랑구,2025-06-07,7,7.642857142857143
중랑구,2025-06-08,3,8.142857142857142
중랑구,2025-06-09,19,8.214285714285714
중랑구,2025-06-10,1,8.571428571428571
중랑구,2025-06-11,4,8.642857142857142
중랑구,2025-06-12,10,8.714285714285714
중랑구,2025-06-13,11,8.5
중랑구,2025-06-14,15,7.928571428571429
중랑구,2025-06-15,4,8.857142857142858
중랑구,2025-06-16,9,9.142857142857142
중랑구,2025-06-17,8,8.5
중랑구,2025-06-18,7,9.142857142857142
중랑구,2025-06-19,6,9.571428571428571
중랑구,2025-06-20,7,9.285714285714286
중랑구,2025-06-21,20,9.571428571428571
중랑구,2025-06-22,7,8.928571428571429
중랑구,2025-06-23,10,9.0
중랑구,2025-06-24,10,8.571428571428571
중랑구,2025-06-25,10,8.428571428571429
중랑구,2025-06-26,6,8.357142857142858
중랑구,2025-06-27,15,8.357142857142858
중랑구,2025-06-28,6,8.214285714285714
중랑구,2025-06-29,5,7.428571428571429
중랑구,2025-06-30,3,7.071428571428571
중랑구,2025-07-01,6,6.642857142857143
중랑구,2025-07-02,6,6.142857142857143
중랑구,2025-07-03,6,5.571428571428571
중랑구,2025-07-04,5,5.285714285714286
중랑구,2025-07-05,9,4.642857142857143
중랑구,2025-07-06,2,4.785714285714286
중랑구,2025-07-07,4,4.571428571428571
중랑구,2025-07-08,3,4.714285714285714
중랑구,2025-07-09,2,4.571428571428571
중랑구,2025-07-10,2,4.428571428571429
중랑구,2025-07-11,6,4.214285714285714
중랑구,2025-07-12,8,4.357142857142857
중랑구,2025-07-14,2,3.857142857142857
중랑구,2025-07-15,5,4.0
중랑구,2025-07-16,4,3.7857142857142856
중랑구,2025-07-17,4,3.7857142857142856
중랑구,2025-07-18,3,4.0
중랑구,2025-07-19,7,4.071428571428571
중랑구,2025-07-20,2,4.285714285714286
중랑구,2025-07-21,4,3.7857142857142856
중랑구,2025-07-22,1,3.7142857142857144
중랑구,2025-07-23,3,3.642857142857143
중랑구,2025-07-24,5,3.4285714285714284
중랑구,2025-07-25,3,3.2142857142857144
중랑구,2025-07-26,9,3.2142857142857144
중랑구,2025-07-27,1,3.0714285714285716
중랑구,2025-07-28,1,3.0
중랑구,2025-07-29,4,2.9285714285714284
중랑구,2025-07-30,1,3.0
중랑구,2025-07-31,1,2.857142857142857
중랑구,2025-08-01,3,3.0
중랑구,2025-08-02,5,3.5
중랑구,2025-08-04,1,3.357142857142857
중랑구,2025-08-05,3,3.642857142857143
중랑구,2025-08-06,2,4.0
중랑구,2025-08-07,1,3.9285714285714284
중랑구,2025-08-08,7,4.071428571428571
중랑구,2025-08-09,10,4.214285714285714
중랑구,2025-08-11,7,4.642857142857143
중랑구,2025-08-13,5,4.5
중랑구,2025-08-14,6,4.714285714285714
중랑구,2025-08-15,3,5.0
중랑구,2025-08-16,3,5.357142857142857
중랑구,2025-08-18,3,5.5
중랑구,2025-08-19,9,5.357142857142857
중랑구,2025-08-20,3,4.714285714285714
중랑구,2025-08-21,4,4.642857142857143
중랑구,2025-08-22,7,4.642857142857143
중랑구,2025-08-23,7,4.714285714285714
중랑구,2025-08-24,3,5.071428571428571
중랑구,2025-08-25,5,5.0
중랑구,2025-08-26,1,5.071428571428571
중랑구,2025-08-27,6,4.714285714285714
중랑구,2025-08-28,5,4.857142857142857
중랑구,2025-08-29,7,4.785714285714286
중랑구,2025-08-30,8,4.357142857142857
중랑구,2025-08-31,2,4.428571428571429
중랑구,2025-09-01,4,4.357142857142857
중랑구,2025-09-02,4,4.285714285714286
중랑구,2025-09-03,5,4.428571428571429
중랑구,2025-09-04,3,4.857142857142857
중랑구,2025-09-05,1,4.785714285714286
중랑구,2025-09-06,8,4.5
중랑구,2025-09-07,2,4.428571428571429
중랑구,2025-09-08,4,4.428571428571429
중랑구,2025-09-09,3,4.5
중랑구,2025-09-10,12,4.428571428571429
중랑구,2025-09-11,4,8.428571428571429
중랑구,2025-09-12,3,8.357142857142858
중랑구,2025-09-13,7,8.928571428571429
중랑구,2025-09-14,2,9.214285714285714
중랑구,2025-09-15,5,9.357142857142858
중랑구,2025-09-16,3,9.571428571428571
중랑구,2025-09-17,61,9.714285714285714
중랑구,2025-09-18,2,9.285714285714286
중랑구,2025-09-19,9,9.5
중랑구,2025-09-20,12,10.357142857142858
중랑구,2025-09-21,4,11.071428571428571
중랑구,2025-09-22,7,11.071428571428571
중랑구,2025-09-23,5,11.642857142857142
중랑구,2025-09-24,6,12.357142857142858
중랑구,2025-09-25,7,8.642857142857142
중랑구,2025-09-26,15,9.428571428571429
중랑구,2025-09-27,17,9.428571428571429
중랑구,2025-09-28,2,8.928571428571429
중랑구,2025-09-29,13,8.714285714285714
중랑구,2025-09-30,13,8.285714285714286
중랑구,2025-10-01,9,8.857142857142858
중랑구,2025-10-02,13,9.571428571428571
중랑구,2025-10-03,9,9.642857142857142
중랑구,2025-10-04,5,9.642857142857142
중랑구,2025-10-07,1,9.428571428571429
중랑구,2025-10-09,1,12.357142857142858
중랑구,2025-10-10,13,12.357142857142858
중랑구,2025-10-11,16,12.5
중랑구,2025-10-12,8,14.642857142857142
중랑구,2025-10-13,15,15.428571428571429
중랑구,2025-10-14,14,14.857142857142858
중랑구,2025-10-15,43,14.571428571428571
중랑구,2025-10-16,13,14.571428571428571
중랑구,2025-10-17,15,14.857142857142858
중랑구,2025-10-18,39,14.071428571428571
중랑구,2025-10-19,24,13.0
중랑구,2025-10-27,1,12.571428571428571
중랑구,2025-11-01,1,12.071428571428571
중랑구,2025-11-04,1,11.571428571428571
중랑구,2025-11-05,5,8.714285714285714
중랑구,2025-11-06,2,7.928571428571429
중랑구,2025-11-07,1,7.142857142857143
중랑구,2025-11-12,2,5.0
중랑구,2025-11-13,8,3.857142857142857
중랑구,2025-11-14,7,4.071428571428571
중랑구,2025-11-15,3,4.428571428571429
중랑구,2025-11-17,2,4.571428571428571
중랑구,2025-11-18,4,4.357142857142857
중랑구,2025-11-19,9,4.428571428571429
중랑구,2025-11-20,8,4.857142857142857
중랑구,2025-11-21,4,5.214285714285714
중랑구,2025-11-22,6,4.785714285714286
중랑구,2025-11-23,3,4.785714285714286
중랑구,2025-11-24,2,4.785714285714286
중랑구,2025-11-25,3,4.928571428571429
중랑구,2025-11-26,7,4.714285714285714
중랑구,2025-11-27,7,4.214285714285714
중랑구,2025-11-28,2,4.142857142857143
중랑구,2025-11-29,7,4.357142857142857
중랑구,2025-11-30,3,4.5
중랑구,2025-12-01,4,4.5
중랑구,2025-12-02,1,4.571428571428571
중랑구,2025-12-03,2,4.5
중랑구,2025-12-04,7,4.071428571428571
중랑구,2025-12-05,7,4.214285714285714
중랑구,2025-12-06,8,4.5
중랑구,2025-12-07,3,4.357142857142857
중랑구,2025-12-08,3,4.428571428571429
중랑구,2025-12-09,2,4.285714285714286
중랑구,2025-12-10,1,4.714285714285714
중랑구,2025-12-11,9,5.142857142857143
중랑구,2025-12-12,6,4.928571428571429
중랑구,2025-12-13,5,4.785714285714286
중랑구,2025-12-14,4,4.571428571428571
중랑구,2025-12-15,2,4.5
중랑구,2025-12-16,7,4.5
중랑구,2025-12-17,8,4.5
중랑구,2025-12-18,4,5.214285714285714
중랑구,2025-12-19,5,4.785714285714286
중랑구,2025-12-20,5,4.857142857142857
중랑구,2025-12-21,2,5.214285714285714
중랑구,2025-12-22,3,5.5
중랑구,2025-12-23,2,5.714285714285714
중랑구,2025-12-24,11,5.642857142857143
중랑구,2025-12-25,3,5.142857142857143
중랑구,2025-12-26,7,5.285714285714286
중랑구,2025-12-27,10,5.714285714285714
중랑구,2025-12-29,8,5.5
중랑구,2025-12-30,5,5.571428571428571
중랑구,2025-12-31,6,5.428571428571429
중랑구,2026-01-01,1,5.785714285714286
중랑구,2026-01-02,6,6.0
중랑구,2026-01-03,11,6.714285714285714
중랑구,2026-01-04,2,6.357142857142857
중랑구,2026-01-05,3,6.071428571428571
중랑구,2026-01-07,1,5.642857142857143
중랑구,2026-01-08,7,5.428571428571429
중랑구,2026-01-09,14,5.142857142857143
중랑구,2026-01-10,13,5.357142857142857
중랑구,2026-01-11,2,5.571428571428571
중랑구,2026-01-12,6,5.071428571428571
중랑구,2026-01-13,2,5.5
중랑구,2026-01-14,2,5.428571428571429
중랑구,2026-01-15,2,5.642857142857143
중랑구,2026-01-16,4,6.428571428571429
중랑구,2026-01-17,9,6.285714285714286
중랑구,2026-01-18,4,5.5
중랑구,2026-01-19,8,5.857142857142857
중랑구,2026-01-20,2,5.642857142857143
중랑구,2026-01-21,4,5.642857142857143
중랑구,2026-01-23,18,6.071428571428571
중랑구,2026-01-24,12,7.071428571428571
중랑구,2026-01-25,2,8.071428571428571
중랑구,2026-01-26,7,7.571428571428571
중랑구,2026-01-27,3,7.571428571428571
중랑구,2026-01-28,2,7.428571428571429
중랑구,2026-01-29,8,7.571428571428571
중랑구,2026-01-30,16,8.0
중랑구,2026-01-31,18,7.714285714285714
중랑구,2026-02-01,2,8.071428571428571
중랑구,2026-02-02,4,8.357142857142858
중랑구,2026-02-03,6,8.571428571428571
중랑구,2026-02-04,4,8.928571428571429
중랑구,2026-02-05,10,9.428571428571429
중랑구,2026-02-06,14,9.214285714285714
중랑구,2026-02-07,17,9.142857142857142
중랑구,2026-02-08,6,8.5
중랑구,2026-02-09,10,8.571428571428571
중랑구,2026-02-10,8,8.857142857142858
중랑구,2026-02-11,9,8.857142857142858
중랑구,2026-02-12,5,9.214285714285714
중랑구,2026-02-13,15,8.714285714285714
중랑구,2026-02-14,9,7.928571428571429
중랑구,2026-02-15,3,7.0
중랑구,2026-02-19,8,7.571428571428571
중랑구,2026-02-20,6,7.285714285714286
중랑구,2026-02-21,9,7.642857142857143
중랑구,2026-02-22,3,7.857142857142857
중랑구,2026-02-23,3,8.0
중랑구,2026-02-24,4,7.142857142857143
중랑구,2026-02-25,14,6.785714285714286
중랑구,2026-02-26,6,6.928571428571429
중랑구,2026-02-27,13,6.642857142857143
중랑구,2026-02-28,12,6.857142857142857
중랑구,2026-03-02,7,6.357142857142857
중랑구,2026-03-03,3,6.285714285714286
중랑구,2026-03-04,4,6.571428571428571
중랑구,2026-03-05,5,7.214285714285714
중랑구,2026-03-06,4,7.214285714285714
중랑구,2026-03-07,9,7.428571428571429
중랑구,2026-03-08,2,7.214285714285714
중랑구,2026-03-09,2,6.571428571428571
중랑구,2026-03-10,7,6.5
중랑구,2026-03-11,13,6.857142857142857
중랑구,2026-03-12,14,7.0
중랑구,2026-03-13,9,6.857142857142857
중랑구,2026-03-14,10,7.214285714285714
중랑구,2026-03-15,3,7.785714285714286
중랑구,2026-03-16,6,7.928571428571429
중랑구,2026-03-17,8,8.071428571428571
중랑구,2026-03-18,6,8.142857142857142
중랑구,2026-03-19,3,7.928571428571429
중랑구,2026-03-20,9,7.357142857142857
중랑구,2026-03-21,17,7.642857142857143
중랑구,2026-03-22,4,7.785714285714286
중랑구,2026-03-23,4,7.928571428571429
중랑구,2026-03-24,8,8.071428571428571
중랑구,2026-03-25,10,8.5
중랑구,2026-03-26,6,9.285714285714286
중랑구,2026-03-27,13,9.642857142857142
중랑구,2026-03-28,12,10.571428571428571
중랑구,2026-03-29,5,11.214285714285714
중랑구,2026-03-30,8,11.071428571428571
중랑구,2026-03-31,14,11.714285714285714
중랑구,2026-04-01,17,12.214285714285714
중랑구,2026-04-02,8,12.571428571428571
중랑구,2026-04-03,22,13.142857142857142
중랑구,2026-04-04,26,13.142857142857142
중랑구,2026-04-05,2,13.285714285714286
중랑구,2026-04-06,13,13.214285714285714
중랑구,2026-04-07,15,13.214285714285714
중랑구,2026-04-08,15,13.428571428571429
중랑구,2026-04-09,14,13.153846153846153
중랑구,2026-04-10,13,13.583333333333334
중랑구,2026-04-11,14,12.818181818181818
중랑구,2026-04-12,4,11.5
중랑구,2026-04-13,8,12.555555555555555
중랑구,2026-04-14,17,12.5
