region,deal_date,transaction_count,rolling_14d
과천시,2025-04-17,3,3.2857142857142856
과천시,2025-04-18,5,3.0
과천시,2025-04-19,4,2.7777777777777777
과천시,2025-04-21,2,2.6
과천시,2025-04-22,4,2.6363636363636362
과천시,2025-04-24,2,3.0
과천시,2025-04-26,3,3.1538461538461537
과천시,2025-04-27,1,3.0
과천시,2025-04-29,1,2.9285714285714284
과천시,2025-04-30,1,2.7142857142857144
과천시,2025-05-01,3,2.642857142857143
과천시,2025-05-02,7,2.7857142857142856
과천시,2025-05-03,5,2.5714285714285716
과천시,2025-05-05,1,2.5714285714285716
과천시,2025-05-06,2,2.5714285714285716
과천시,2025-05-08,2,2.7142857142857144
과천시,2025-05-09,3,3.2142857142857144
과천시,2025-05-10,4,3.7857142857142856
과천시,2025-05-11,1,3.642857142857143
과천시,2025-05-13,2,3.2857142857142856
과천시,2025-05-14,3,3.2857142857142856
과천시,2025-05-15,3,3.5714285714285716
과천시,2025-05-16,8,3.7142857142857144
과천시,2025-05-17,9,4.357142857142857
과천시,2025-05-18,1,4.428571428571429
과천시,2025-05-20,2,4.428571428571429
과천시,2025-05-21,5,4.571428571428571
과천시,2025-05-22,5,4.571428571428571
과천시,2025-05-23,4,4.785714285714286
과천시,2025-05-24,11,4.928571428571429
과천시,2025-05-25,4,4.785714285714286
과천시,2025-05-26,4,4.214285714285714
과천시,2025-05-27,3,4.214285714285714
과천시,2025-05-28,2,4.357142857142857
과천시,2025-05-29,6,4.214285714285714
과천시,2025-05-30,5,4.0
과천시,2025-05-31,6,4.071428571428571
과천시,2025-06-01,1,3.857142857142857
과천시,2025-06-02,1,3.642857142857143
과천시,2025-06-03,4,3.5
과천시,2025-06-04,3,3.642857142857143
과천시,2025-06-05,2,3.642857142857143
과천시,2025-06-06,5,3.5
과천시,2025-06-07,8,3.2857142857142856
과천시,2025-06-08,1,3.7857142857142856
과천시,2025-06-09,2,3.857142857142857
과천시,2025-06-10,5,3.857142857142857
과천시,2025-06-11,2,3.7857142857142856
과천시,2025-06-12,4,3.857142857142857
과천시,2025-06-13,2,4.357142857142857
과천시,2025-06-14,13,4.642857142857143
과천시,2025-06-15,2,4.428571428571429
과천시,2025-06-16,1,4.571428571428571
과천시,2025-06-17,3,4.571428571428571
과천시,2025-06-18,4,4.571428571428571
과천시,2025-06-19,9,4.928571428571429
과천시,2025-06-20,9,4.928571428571429
과천시,2025-06-21,5,5.0
과천시,2025-06-22,3,4.142857142857143
과천시,2025-06-23,2,4.071428571428571
과천시,2025-06-24,5,4.071428571428571
과천시,2025-06-25,7,3.9285714285714284
과천시,2025-06-26,4,3.7142857142857144
과천시,2025-06-27,3,3.142857142857143
과천시,2025-06-29,1,2.5714285714285716
과천시,2025-07-02,1,2.2857142857142856
과천시,2025-07-10,1,2.142857142857143
과천시,2025-07-11,1,2.0714285714285716
과천시,2025-07-15,1,1.7857142857142858
과천시,2025-07-17,1,1.3571428571428572
과천시,2025-07-21,1,1.2142857142857142
과천시,2025-07-22,1,1.0714285714285714
과천시,2025-07-24,1,1.0714285714285714
과천시,2025-07-26,1,1.0714285714285714
과천시,2025-07-28,1,1.1428571428571428
과천시,2025-07-29,1,1.1428571428571428
과천시,2025-08-02,2,1.1428571428571428
과천시,2025-08-10,1,1.2142857142857142
과천시,2025-08-13,1,1.2857142857142858
과천시,2025-08-14,1,1.2857142857142858
과천시,2025-08-16,2,1.2857142857142858
과천시,2025-08-17,1,1.2857142857142858
과천시,2025-08-18,1,1.5
과천시,2025-08-20,2,1.7142857142857142
과천시,2025-08-21,2,1.6428571428571428
과천시,2025-08-22,1,1.6428571428571428
과천시,2025-08-23,1,1.7142857142857142
과천시,2025-08-24,1,1.7142857142857142
과천시,2025-08-26,4,1.6428571428571428
과천시,2025-08-29,4,1.7142857142857142
과천시,2025-08-30,1,1.7857142857142858
과천시,2025-09-01,1,1.7142857142857142
과천시,2025-09-02,2,1.7142857142857142
과천시,2025-09-03,1,1.8571428571428572
과천시,2025-09-05,1,2.0
과천시,2025-09-06,2,2.2857142857142856
과천시,2025-09-07,2,2.0714285714285716
과천시,2025-09-08,1,2.0
과천시,2025-09-10,2,2.0
과천시,2025-09-11,3,2.142857142857143
과천시,2025-09-12,3,2.142857142857143
과천시,2025-09-13,5,2.142857142857143
과천시,2025-09-14,1,2.5714285714285716
과천시,2025-09-15,3,2.5
과천시,2025-09-16,1,2.5
과천시,2025-09-17,3,2.5
과천시,2025-09-18,2,2.642857142857143
과천시,2025-09-19,1,2.5
과천시,2025-09-20,7,2.642857142857143
과천시,2025-09-21,1,2.7142857142857144
과천시,2025-09-22,2,2.857142857142857
과천시,2025-09-23,1,2.7142857142857144
과천시,2025-09-24,4,2.9285714285714284
과천시,2025-09-25,1,2.9285714285714284
과천시,2025-09-26,5,2.9285714285714284
과천시,2025-09-27,6,3.0
과천시,2025-09-28,3,3.0
과천시,2025-09-29,1,3.0
과천시,2025-09-30,4,2.9285714285714284
과천시,2025-10-01,3,2.9285714285714284
과천시,2025-10-02,2,2.7857142857142856
과천시,2025-10-03,2,2.857142857142857
과천시,2025-10-04,7,2.5714285714285716
과천시,2025-10-05,1,2.642857142857143
과천시,2025-10-07,1,2.5714285714285716
과천시,2025-10-08,1,3.0714285714285716
과천시,2025-10-09,2,2.857142857142857
과천시,2025-10-11,2,3.4285714285714284
과천시,2025-10-12,1,4.142857142857143
과천시,2025-10-13,7,4.5
과천시,2025-10-14,2,4.071428571428571
과천시,2025-10-15,8,4.071428571428571
과천시,2025-10-16,1,4.071428571428571
과천시,2025-10-17,11,4.071428571428571
과천시,2025-10-18,12,4.071428571428571
과천시,2025-10-19,7,4.0
과천시,2025-10-28,1,4.0
과천시,2025-11-18,1,3.5714285714285716
과천시,2025-11-19,1,3.5714285714285716
과천시,2025-11-22,1,3.0714285714285716
과천시,2025-11-29,2,3.0714285714285716
과천시,2025-12-02,1,2.357142857142857
과천시,2025-12-06,1,1.5714285714285714
과천시,2025-12-14,1,1.1428571428571428
과천시,2025-12-18,2,1.1428571428571428
과천시,2025-12-20,1,1.1428571428571428
과천시,2025-12-28,1,1.1428571428571428
과천시,2025-12-29,1,1.2142857142857142
과천시,2026-01-11,1,1.2857142857142858
과천시,2026-01-12,1,1.2857142857142858
과천시,2026-01-14,1,1.2857142857142858
과천시,2026-01-15,1,1.2857142857142858
과천시,2026-01-17,1,1.2142857142857142
과천시,2026-01-24,2,1.2142857142857142
과천시,2026-01-27,3,1.2857142857142858
과천시,2026-01-28,1,1.3571428571428572
과천시,2026-01-30,1,1.3571428571428572
과천시,2026-01-31,1,1.3571428571428572
과천시,2026-02-02,1,1.4285714285714286
과천시,2026-02-05,1,1.4285714285714286
과천시,2026-02-06,2,1.4285714285714286
과천시,2026-02-07,2,1.4285714285714286
과천시,2026-02-11,1,1.3571428571428572
과천시,2026-02-12,1,1.3571428571428572
과천시,2026-02-13,2,1.3571428571428572
과천시,2026-02-20,1,1.3571428571428572
과천시,2026-02-27,1,1.3571428571428572
과천시,2026-02-28,2,1.3571428571428572
과천시,2026-03-05,2,1.3571428571428572
과천시,2026-03-07,1,1.2857142857142858
과천시,2026-03-11,1,1.2857142857142858
과천시,2026-03-12,1,1.3571428571428572
과천시,2026-03-13,1,1.2857142857142858
과천시,2026-03-14,1,1.2857142857142858
과천시,2026-03-15,2,1.3571428571428572
과천시,2026-03-19,1,1.5
과천시,2026-03-20,1,1.5
과천시,2026-03-21,2,1.7142857142857142
과천시,2026-03-24,1,1.7142857142857142
과천시,2026-03-25,1,1.8571428571428572
과천시,2026-03-26,2,1.9285714285714286
과천시,2026-03-28,4,1.9285714285714286
과천시,2026-03-31,2,1.8571428571428572
과천시,2026-04-01,4,1.8571428571428572
과천시,2026-04-02,1,1.8571428571428572
과천시,2026-04-03,3,1.8571428571428572
과천시,2026-04-04,2,2.2857142857142856
과천시,2026-04-05,1,2.3846153846153846
과천시,2026-04-06,1,2.4166666666666665
과천시,2026-04-07,1,2.272727272727273
과천시,2026-04-09,1,2.3
과천시,2026-04-10,2,2.111111111111111
과천시,2026-04-11,7,2.25
광명시,2025-04-15,6,10.142857142857142
광명시,2025-04-16,8,11.25
광명시,2025-04-17,7,11.555555555555555
광명시,2025-04-18,14,11.2
광명시,2025-04-19,19,11.090909090909092
광명시,2025-04-20,5,11.25
광명시,2025-04-21,12,10.461538461538462
광명시,2025-04-22,19,10.642857142857142
광명시,2025-04-23,14,10.714285714285714
광명시,2025-04-24,8,10.785714285714286
광명시,2025-04-25,10,11.5
광명시,2025-04-26,13,11.428571428571429
광명시,2025-04-27,1,10.642857142857142
광명시,2025-04-28,13,10.428571428571429
광명시,2025-04-29,7,9.714285714285714
광명시,2025-04-30,9,8.571428571428571
광명시,2025-05-01,17,8.5
광명시,2025-05-02,13,8.642857142857142
광명시,2025-05-03,8,8.642857142857142
광명시,2025-05-04,2,9.428571428571429
광명시,2025-05-05,2,9.857142857142858
광명시,2025-05-06,3,9.5
광명시,2025-05-07,13,9.357142857142858
광명시,2025-05-08,10,9.214285714285714
광명시,2025-05-09,10,9.0
광명시,2025-05-10,24,8.857142857142858
광명시,2025-05-11,7,9.357142857142858
광명시,2025-05-12,8,9.428571428571429
광명시,2025-05-13,5,10.071428571428571
광명시,2025-05-14,7,11.142857142857142
광명시,2025-05-15,14,11.0
광명시,2025-05-16,11,11.071428571428571
광명시,2025-05-17,15,11.428571428571429
광명시,2025-05-18,3,11.928571428571429
광명시,2025-05-19,11,12.142857142857142
광명시,2025-05-20,18,12.5
광명시,2025-05-21,11,13.214285714285714
광명시,2025-05-22,11,13.714285714285714
광명시,2025-05-23,15,13.785714285714286
광명시,2025-05-24,31,14.142857142857142
광명시,2025-05-25,10,15.642857142857142
광명시,2025-05-26,13,15.785714285714286
광명시,2025-05-27,15,16.214285714285715
광명시,2025-05-28,14,16.071428571428573
광명시,2025-05-29,15,16.428571428571427
광명시,2025-05-30,16,16.642857142857142
광명시,2025-05-31,36,17.142857142857142
광명시,2025-06-01,5,15.928571428571429
광명시,2025-06-02,17,15.428571428571429
광명시,2025-06-03,16,16.357142857142858
광명시,2025-06-04,16,16.428571428571427
광명시,2025-06-05,14,16.285714285714285
광명시,2025-06-06,22,16.928571428571427
광명시,2025-06-07,14,17.857142857142858
광명시,2025-06-08,3,18.857142857142858
광명시,2025-06-09,26,18.928571428571427
광명시,2025-06-10,16,19.5
광명시,2025-06-11,12,20.571428571428573
광명시,2025-06-12,24,20.785714285714285
광명시,2025-06-13,29,21.071428571428573
광명시,2025-06-14,50,21.214285714285715
광명시,2025-06-15,6,22.5
광명시,2025-06-16,25,22.857142857142858
광명시,2025-06-17,31,22.714285714285715
광명시,2025-06-18,19,23.928571428571427
광명시,2025-06-19,18,24.285714285714285
광명시,2025-06-20,24,24.857142857142858
광명시,2025-06-21,32,25.571428571428573
광명시,2025-06-22,8,24.428571428571427
광명시,2025-06-23,24,24.214285714285715
광명시,2025-06-24,33,23.5
광명시,2025-06-25,17,22.285714285714285
광명시,2025-06-26,32,21.642857142857142
광명시,2025-06-27,39,21.142857142857142
광명시,2025-06-28,34,20.0
광명시,2025-06-29,3,18.714285714285715
광명시,2025-06-30,15,18.285714285714285
광명시,2025-07-01,14,16.928571428571427
광명시,2025-07-02,10,15.0
광명시,2025-07-03,11,14.214285714285714
광명시,2025-07-04,8,12.428571428571429
광명시,2025-07-05,14,10.214285714285714
광명시,2025-07-06,2,9.285714285714286
광명시,2025-07-07,5,9.214285714285714
광명시,2025-07-08,6,8.642857142857142
광명시,2025-07-09,6,7.857142857142857
광명시,2025-07-10,7,7.928571428571429
광명시,2025-07-11,8,7.571428571428571
광명시,2025-07-12,21,7.928571428571429
광명시,2025-07-13,2,7.285714285714286
광명시,2025-07-14,7,7.285714285714286
광명시,2025-07-15,3,7.857142857142857
광명시,2025-07-16,11,7.928571428571429
광명시,2025-07-17,6,7.785714285714286
광명시,2025-07-18,13,8.071428571428571
광명시,2025-07-19,5,8.142857142857142
광명시,2025-07-20,2,7.857142857142857
광명시,2025-07-21,13,7.857142857142857
광명시,2025-07-22,7,8.285714285714286
광명시,2025-07-23,4,8.571428571428571
광명시,2025-07-24,11,8.285714285714286
광명시,2025-07-25,9,8.142857142857142
광명시,2025-07-26,17,7.428571428571429
광명시,2025-07-27,2,7.5
광명시,2025-07-28,13,7.928571428571429
광명시,2025-07-29,7,7.714285714285714
광명시,2025-07-30,7,7.5
광명시,2025-07-31,4,7.714285714285714
광명시,2025-08-01,3,7.142857142857143
광명시,2025-08-02,6,8.071428571428571
광명시,2025-08-04,8,7.214285714285714
광명시,2025-08-05,10,8.214285714285714
광명시,2025-08-06,4,8.142857142857142
광명시,2025-08-07,7,8.214285714285714
광명시,2025-08-08,3,8.5
광명시,2025-08-09,22,9.142857142857142
광명시,2025-08-10,5,9.714285714285714
광명시,2025-08-11,16,9.5
광명시,2025-08-12,12,9.5
광명시,2025-08-13,8,10.214285714285714
광명시,2025-08-14,11,10.642857142857142
광명시,2025-08-15,13,11.071428571428571
광명시,2025-08-16,11,11.857142857142858
광명시,2025-08-17,3,11.785714285714286
광명시,2025-08-18,8,11.928571428571429
광명시,2025-08-19,20,12.0
광명시,2025-08-20,10,12.357142857142858
광명시,2025-08-21,13,12.785714285714286
광명시,2025-08-22,14,13.142857142857142
광명시,2025-08-23,21,13.285714285714286
광명시,2025-08-24,7,13.928571428571429
광명시,2025-08-25,17,14.0
광명시,2025-08-26,17,14.714285714285714
광명시,2025-08-27,14,14.785714285714286
광명시,2025-08-28,16,14.785714285714286
광명시,2025-08-29,15,14.857142857142858
광명시,2025-08-30,20,15.0
광명시,2025-08-31,4,14.642857142857142
광명시,2025-09-01,18,14.357142857142858
광명시,2025-09-02,21,14.928571428571429
광명시,2025-09-03,10,15.357142857142858
광명시,2025-09-04,14,15.428571428571429
광명시,2025-09-05,16,15.214285714285714
광명시,2025-09-06,16,15.714285714285714
광명시,2025-09-07,3,16.071428571428573
광명시,2025-09-08,25,16.5
광명시,2025-09-09,23,16.571428571428573
광명시,2025-09-10,15,16.571428571428573
광명시,2025-09-11,13,16.714285714285715
광명시,2025-09-12,22,17.142857142857142
광명시,2025-09-13,25,17.0
광명시,2025-09-14,10,17.571428571428573
광명시,2025-09-15,19,17.928571428571427
광명시,2025-09-16,21,17.642857142857142
광명시,2025-09-17,12,17.714285714285715
광명시,2025-09-18,20,18.0
광명시,2025-09-19,14,18.714285714285715
광명시,2025-09-20,24,19.285714285714285
광명시,2025-09-21,8,20.571428571428573
광명시,2025-09-22,21,21.5
광명시,2025-09-23,24,21.571428571428573
광명시,2025-09-24,19,22.285714285714285
광명시,2025-09-25,23,22.857142857142858
광명시,2025-09-26,30,24.0
광명시,2025-09-27,43,24.0
광명시,2025-09-28,23,23.0
광명시,2025-09-29,20,22.5
광명시,2025-09-30,31,21.142857142857142
광명시,2025-10-01,20,19.642857142857142
광명시,2025-10-02,36,19.928571428571427
광명시,2025-10-03,14,22.5
광명시,2025-10-04,10,20.857142857142858
광명시,2025-10-07,1,19.928571428571427
광명시,2025-10-08,2,22.428571428571427
광명시,2025-10-09,3,28.928571428571427
광명시,2025-10-10,23,28.5
광명시,2025-10-11,59,30.928571428571427
광명시,2025-10-12,7,30.928571428571427
광명시,2025-10-13,30,31.714285714285715
광명시,2025-10-14,58,31.214285714285715
광명시,2025-10-15,111,31.571428571428573
광명시,2025-10-16,25,31.5
광명시,2025-10-17,54,31.5
광명시,2025-10-18,36,30.0
광명시,2025-10-19,25,26.214285714285715
광명시,2025-10-29,3,26.214285714285715
광명시,2025-10-30,6,24.285714285714285
광명시,2025-10-31,1,20.571428571428573
광명시,2025-11-01,3,13.142857142857142
광명시,2025-11-03,2,11.571428571428571
광명시,2025-11-04,6,8.071428571428571
광명시,2025-11-05,7,6.0
광명시,2025-11-06,3,4.928571428571429
광명시,2025-11-07,6,5.785714285714286
광명시,2025-11-08,7,5.928571428571429
광명시,2025-11-10,3,6.642857142857143
광명시,2025-11-11,5,6.928571428571429
광명시,2025-11-12,7,7.428571428571429
광명시,2025-11-13,10,7.5
광명시,2025-11-14,15,7.857142857142857
광명시,2025-11-15,8,8.285714285714286
광명시,2025-11-17,11,7.928571428571429
광명시,2025-11-18,7,7.785714285714286
광명시,2025-11-19,9,7.857142857142857
광명시,2025-11-20,7,7.642857142857143
광명시,2025-11-21,12,7.714285714285714
광명시,2025-11-22,9,7.928571428571429
광명시,2025-11-23,1,8.642857142857142
광명시,2025-11-24,5,8.285714285714286
광명시,2025-11-25,4,8.714285714285714
광명시,2025-11-26,2,8.571428571428571
광명시,2025-11-27,8,8.357142857142858
광명시,2025-11-28,13,8.785714285714286
광명시,2025-11-29,25,9.285714285714286
광명시,2025-11-30,3,9.285714285714286
광명시,2025-12-01,17,9.5
광명시,2025-12-02,5,9.857142857142858
광명시,2025-12-03,6,10.071428571428571
광명시,2025-12-04,13,10.642857142857142
광명시,2025-12-05,19,11.285714285714286
광명시,2025-12-06,9,11.428571428571429
광명시,2025-12-07,4,11.5
광명시,2025-12-08,10,11.5
광명시,2025-12-09,7,10.928571428571429
광명시,2025-12-10,10,10.928571428571429
광명시,2025-12-11,17,11.214285714285714
광명시,2025-12-12,15,10.857142857142858
광명시,2025-12-13,26,10.428571428571429
광명시,2025-12-14,3,10.714285714285714
광명시,2025-12-15,9,10.642857142857142
광명시,2025-12-16,5,10.571428571428571
광명시,2025-12-17,10,10.285714285714286
광명시,2025-12-18,8,10.0
광명시,2025-12-19,13,9.571428571428571
광명시,2025-12-20,13,9.642857142857142
광명시,2025-12-21,3,8.428571428571429
광명시,2025-12-22,9,9.214285714285714
광명시,2025-12-23,3,9.142857142857142
광명시,2025-12-24,6,9.071428571428571
광명시,2025-12-26,11,9.428571428571429
광명시,2025-12-27,16,9.0
광명시,2025-12-29,9,9.5
광명시,2025-12-30,14,9.428571428571429
광명시,2025-12-31,8,9.857142857142858
광명시,2026-01-02,4,9.571428571428571
광명시,2026-01-03,15,9.785714285714286
광명시,2026-01-04,2,10.285714285714286
광명시,2026-01-05,20,9.714285714285714
광명시,2026-01-06,12,9.642857142857142
광명시,2026-01-07,9,9.642857142857142
광명시,2026-01-08,5,9.357142857142858
광명시,2026-01-09,6,9.714285714285714
광명시,2026-01-10,13,11.142857142857142
광명시,2026-01-11,3,11.0
광명시,2026-01-12,15,10.928571428571429
광명시,2026-01-13,9,10.428571428571429
광명시,2026-01-14,10,10.142857142857142
광명시,2026-01-15,13,10.285714285714286
광명시,2026-01-16,24,11.785714285714286
광명시,2026-01-17,13,13.142857142857142
광명시,2026-01-18,1,13.357142857142858
광명시,2026-01-19,13,13.285714285714286
광명시,2026-01-20,8,12.857142857142858
광명시,2026-01-21,11,12.928571428571429
광명시,2026-01-22,26,12.785714285714286
광명시,2026-01-23,25,12.642857142857142
광명시,2026-01-24,16,12.357142857142858
광명시,2026-01-25,2,12.857142857142858
광명시,2026-01-26,9,13.071428571428571
광명시,2026-01-27,10,13.0
광명시,2026-01-28,8,13.071428571428571
광명시,2026-01-29,11,12.785714285714286
광명시,2026-01-30,20,11.571428571428571
광명시,2026-01-31,20,11.714285714285714
광명시,2026-02-01,4,11.928571428571429
광명시,2026-02-02,12,12.071428571428571
광명시,2026-02-03,9,11.857142857142858
광명시,2026-02-04,7,12.071428571428571
광명시,2026-02-05,9,12.714285714285714
광명시,2026-02-06,27,14.0
광명시,2026-02-07,19,13.571428571428571
광명시,2026-02-08,4,13.785714285714286
광명시,2026-02-09,6,13.714285714285714
광명시,2026-02-10,13,13.428571428571429
광명시,2026-02-11,17,13.571428571428571
광명시,2026-02-12,29,14.0
광명시,2026-02-13,14,13.428571428571429
광명시,2026-02-14,23,12.214285714285714
광명시,2026-02-15,3,12.0
광명시,2026-02-19,8,12.428571428571429
광명시,2026-02-20,11,12.642857142857142
광명시,2026-02-21,13,12.214285714285714
광명시,2026-02-22,1,12.357142857142858
광명시,2026-02-23,10,10.5
광명시,2026-02-24,16,9.785714285714286
광명시,2026-02-25,10,8.714285714285714
광명시,2026-02-26,9,9.071428571428571
광명시,2026-02-27,7,9.0
광명시,2026-02-28,19,9.071428571428571
광명시,2026-03-01,3,8.571428571428571
광명시,2026-03-02,4,8.642857142857142
광명시,2026-03-03,8,8.428571428571429
광명시,2026-03-04,8,7.714285714285714
광명시,2026-03-05,7,7.857142857142857
광명시,2026-03-06,12,8.214285714285714
광명시,2026-03-07,6,8.5
광명시,2026-03-08,2,9.0
광명시,2026-03-09,7,8.857142857142858
광명시,2026-03-10,6,9.142857142857142
광명시,2026-03-11,12,9.357142857142858
광명시,2026-03-12,14,9.357142857142858
광명시,2026-03-13,11,10.571428571428571
광명시,2026-03-14,26,11.0
광명시,2026-03-15,1,11.857142857142858
광명시,2026-03-16,8,11.857142857142858
광명시,2026-03-17,11,12.571428571428571
광명시,2026-03-18,8,13.142857142857142
광명시,2026-03-19,24,13.0
광명시,2026-03-20,18,12.928571428571429
광명시,2026-03-21,18,13.642857142857142
광명시,2026-03-22,2,13.142857142857142
광명시,2026-03-23,17,13.357142857142858
광명시,2026-03-24,14,13.5
광명시,2026-03-25,10,13.285714285714286
광명시,2026-03-26,13,13.285714285714286
광명시,2026-03-27,21,12.571428571428571
광명시,2026-03-28,19,12.857142857142858
광명시,2026-03-29,4,12.571428571428571
광명시,2026-03-30,10,12.5
광명시,2026-03-31,8,13.0
광명시,2026-04-01,8,13.0
광명시,2026-04-02,14,13.214285714285714
광명시,2026-04-03,22,14.071428571428571
광명시,2026-04-04,14,13.928571428571429
광명시,2026-04-05,1,14.0
광명시,2026-04-06,24,13.785714285714286
광명시,2026-04-07,14,13.928571428571429
광명시,2026-04-08,13,14.071428571428571
광명시,2026-04-09,25,14.538461538461538
광명시,2026-04-10,19,14.583333333333334
광명시,2026-04-11,20,13.909090909090908
광명시,2026-04-12,1,13.9
광명시,2026-04-13,12,15.333333333333334
광명시,2026-04-14,10,14.25
성남시 분당구,2025-04-15,13,16.714285714285715
성남시 분당구,2025-04-16,14,18.25
성남시 분당구,2025-04-17,15,18.77777777777778
성남시 분당구,2025-04-18,23,19.9
성남시 분당구,2025-04-19,33,18.636363636363637
성남시 분당구,2025-04-20,3,18.333333333333332
성남시 분당구,2025-04-21,16,17.384615384615383
성남시 분당구,2025-04-22,29,17.5
성남시 분당구,2025-04-23,23,17.785714285714285
성남시 분당구,2025-04-24,30,18.285714285714285
성남시 분당구,2025-04-25,6,18.714285714285715
성남시 분당구,2025-04-26,15,19.5
성남시 분당구,2025-04-27,6,20.071428571428573
성남시 분당구,2025-04-28,19,20.285714285714285
성남시 분당구,2025-04-29,17,19.428571428571427
성남시 분당구,2025-04-30,21,17.785714285714285
성남시 분당구,2025-05-01,21,17.428571428571427
성남시 분당구,2025-05-02,34,17.0
성남시 분당구,2025-05-03,41,19.0
성남시 분당구,2025-05-04,6,19.357142857142858
성남시 분당구,2025-05-05,4,19.214285714285715
성남시 분당구,2025-05-06,6,19.928571428571427
성남시 분당구,2025-05-07,18,20.428571428571427
성남시 분당구,2025-05-08,24,20.714285714285715
성남시 분당구,2025-05-09,34,20.357142857142858
성남시 분당구,2025-05-10,20,20.428571428571427
성남시 분당구,2025-05-11,4,21.5
성남시 분당구,2025-05-12,29,21.285714285714285
성남시 분당구,2025-05-13,24,23.428571428571427
성남시 분당구,2025-05-14,25,24.928571428571427
성남시 분당구,2025-05-15,16,26.071428571428573
성남시 분당구,2025-05-16,35,26.5
성남시 분당구,2025-05-17,56,26.642857142857142
성남시 분당구,2025-05-18,3,26.642857142857142
성남시 분당구,2025-05-19,34,26.928571428571427
성남시 분당구,2025-05-20,27,27.357142857142858
성남시 분당구,2025-05-21,34,28.142857142857142
성남시 분당구,2025-05-22,30,28.0
성남시 분당구,2025-05-23,36,29.285714285714285
성남시 분당구,2025-05-24,20,29.571428571428573
성남시 분당구,2025-05-25,8,27.357142857142858
성남시 분당구,2025-05-26,35,28.142857142857142
성남시 분당구,2025-05-27,35,28.5
성남시 분당구,2025-05-28,23,30.714285714285715
성남시 분당구,2025-05-29,34,31.5
성남시 분당구,2025-05-30,39,31.214285714285715
성남시 분당구,2025-05-31,25,33.92857142857143
성남시 분당구,2025-06-01,14,37.642857142857146
성남시 분당구,2025-06-02,39,38.0
성남시 분당구,2025-06-03,58,39.42857142857143
성남시 분당구,2025-06-04,45,41.142857142857146
성남시 분당구,2025-06-05,26,44.57142857142857
성남시 분당구,2025-06-06,74,45.42857142857143
성남시 분당구,2025-06-07,72,47.214285714285715
성남시 분당구,2025-06-08,13,48.142857142857146
성남시 분당구,2025-06-09,55,48.5
성남시 분당구,2025-06-10,59,49.92857142857143
성남시 분당구,2025-06-11,71,48.92857142857143
성남시 분당구,2025-06-12,46,49.285714285714285
성남시 분당구,2025-06-13,64,51.07142857142857
성남시 분당구,2025-06-14,38,48.714285714285715
성남시 분당구,2025-06-15,19,48.142857142857146
성남시 분당구,2025-06-16,59,48.42857142857143
성남시 분당구,2025-06-17,44,47.357142857142854
성남시 분당구,2025-06-18,50,46.42857142857143
성남시 분당구,2025-06-19,51,43.642857142857146
성남시 분당구,2025-06-20,41,42.92857142857143
성남시 분당구,2025-06-21,64,44.714285714285715
성남시 분당구,2025-06-22,17,42.142857142857146
성남시 분당구,2025-06-23,40,40.92857142857143
성남시 분당구,2025-06-24,46,37.142857142857146
성남시 분당구,2025-06-25,32,34.5
성남시 분당구,2025-06-26,36,31.285714285714285
성남시 분당구,2025-06-27,89,28.214285714285715
성남시 분당구,2025-06-28,2,26.0
성남시 분당구,2025-06-29,2,22.928571428571427
성남시 분당구,2025-06-30,6,21.785714285714285
성남시 분당구,2025-07-01,7,19.357142857142858
성남시 분당구,2025-07-02,5,16.642857142857142
성남시 분당구,2025-07-03,8,14.785714285714286
성남시 분당구,2025-07-04,10,12.714285714285714
성남시 분당구,2025-07-05,21,7.071428571428571
성남시 분당구,2025-07-06,1,7.285714285714286
성남시 분당구,2025-07-07,6,7.785714285714286
성남시 분당구,2025-07-08,8,7.642857142857143
성남시 분당구,2025-07-09,6,8.0
성남시 분당구,2025-07-10,7,8.642857142857142
성남시 분당구,2025-07-11,10,8.642857142857142
성남시 분당구,2025-07-12,5,8.785714285714286
성남시 분당구,2025-07-14,9,7.928571428571429
성남시 분당구,2025-07-15,4,8.571428571428571
성남시 분당구,2025-07-16,12,8.5
성남시 분당구,2025-07-17,14,8.214285714285714
성남시 분당구,2025-07-18,8,8.571428571428571
성남시 분당구,2025-07-19,12,8.357142857142858
성남시 분당구,2025-07-21,9,7.714285714285714
성남시 분당구,2025-07-22,10,7.714285714285714
성남시 분당구,2025-07-23,5,7.428571428571429
성남시 분당구,2025-07-24,4,7.5
성남시 분당구,2025-07-25,11,7.642857142857143
성남시 분당구,2025-07-26,4,7.0
성남시 분당구,2025-07-27,1,6.714285714285714
성남시 분당구,2025-07-28,5,5.928571428571429
성남시 분당구,2025-07-29,5,5.5
성남시 분당구,2025-07-30,5,5.714285714285714
성남시 분당구,2025-07-31,14,6.214285714285714
성남시 분당구,2025-08-01,5,6.285714285714286
성남시 분당구,2025-08-02,4,5.571428571428571
성남시 분당구,2025-08-04,1,6.214285714285714
성남시 분당구,2025-08-06,3,6.785714285714286
성남시 분당구,2025-08-07,13,7.214285714285714
성남시 분당구,2025-08-08,12,7.571428571428571
성남시 분당구,2025-08-09,5,8.857142857142858
성남시 분당구,2025-08-10,1,9.0
성남시 분당구,2025-08-11,13,8.857142857142858
성남시 분당구,2025-08-12,9,10.0
성남시 분당구,2025-08-13,11,10.785714285714286
성남시 분당구,2025-08-14,10,12.071428571428571
성남시 분당구,2025-08-15,23,11.714285714285714
성남시 분당구,2025-08-16,16,12.357142857142858
성남시 분당구,2025-08-17,3,12.714285714285714
성남시 분당구,2025-08-18,20,13.5
성남시 분당구,2025-08-19,12,13.5
성남시 분당구,2025-08-20,21,14.142857142857142
성남시 분당구,2025-08-21,8,14.785714285714286
성남시 분당구,2025-08-22,21,14.928571428571429
성남시 분당구,2025-08-23,10,15.071428571428571
성남시 분당구,2025-08-24,12,14.642857142857142
성남시 분당구,2025-08-25,13,14.785714285714286
성남시 분당구,2025-08-26,18,14.785714285714286
성남시 분당구,2025-08-27,20,15.0
성남시 분당구,2025-08-28,12,15.071428571428571
성남시 분당구,2025-08-29,25,16.142857142857142
성남시 분당구,2025-08-30,10,16.928571428571427
성남시 분당구,2025-08-31,5,19.071428571428573
성남시 분당구,2025-09-01,20,18.857142857142858
성남시 분당구,2025-09-02,15,20.428571428571427
성남시 분당구,2025-09-03,22,21.428571428571427
성남시 분당구,2025-09-04,23,22.071428571428573
성남시 분당구,2025-09-05,32,23.071428571428573
성남시 분당구,2025-09-06,40,24.5
성남시 분당구,2025-09-07,9,25.071428571428573
성남시 분당구,2025-09-08,35,25.285714285714285
성남시 분당구,2025-09-09,32,26.642857142857142
성남시 분당구,2025-09-10,29,27.071428571428573
성남시 분당구,2025-09-11,26,27.857142857142858
성남시 분당구,2025-09-12,45,28.785714285714285
성남시 분당구,2025-09-13,18,29.714285714285715
성남시 분당구,2025-09-14,8,32.285714285714285
성남시 분당구,2025-09-15,39,32.5
성남시 분당구,2025-09-16,21,34.07142857142857
성남시 분당구,2025-09-17,33,34.92857142857143
성남시 분당구,2025-09-18,36,36.142857142857146
성남시 분당구,2025-09-19,45,38.142857142857146
성남시 분당구,2025-09-20,76,39.07142857142857
성남시 분당구,2025-09-21,12,40.785714285714285
성남시 분당구,2025-09-22,57,40.642857142857146
성남시 분당구,2025-09-23,44,40.42857142857143
성남시 분당구,2025-09-24,46,43.42857142857143
성남시 분당구,2025-09-25,54,45.07142857142857
성남시 분당구,2025-09-26,58,46.714285714285715
성남시 분당구,2025-09-27,42,45.285714285714285
성남시 분당구,2025-09-28,6,40.92857142857143
성남시 분당구,2025-09-29,36,40.214285714285715
성남시 분당구,2025-09-30,63,36.285714285714285
성남시 분당구,2025-10-01,56,33.357142857142854
성남시 분당구,2025-10-02,59,31.357142857142858
성남시 분당구,2025-10-03,25,28.5
성남시 분당구,2025-10-04,15,24.785714285714285
성남시 분당구,2025-10-05,2,26.0
성남시 분당구,2025-10-06,2,31.214285714285715
성남시 분당구,2025-10-09,3,35.714285714285715
성남시 분당구,2025-10-10,18,33.357142857142854
성남시 분당구,2025-10-11,14,33.0
성남시 분당구,2025-10-12,6,33.642857142857146
성남시 분당구,2025-10-13,59,34.57142857142857
성남시 분당구,2025-10-14,79,33.57142857142857
성남시 분당구,2025-10-15,99,33.5
성남시 분당구,2025-10-16,30,33.42857142857143
성남시 분당구,2025-10-17,51,33.357142857142854
성남시 분당구,2025-10-18,68,32.142857142857146
성남시 분당구,2025-10-19,38,31.285714285714285
성남시 분당구,2025-10-29,1,31.0
성남시 분당구,2025-11-10,1,26.857142857142858
성남시 분당구,2025-11-11,1,21.642857142857142
성남시 분당구,2025-11-12,2,15.285714285714286
성남시 분당구,2025-11-13,1,13.428571428571429
성남시 분당구,2025-11-14,2,10.285714285714286
성남시 분당구,2025-11-15,2,5.714285714285714
성남시 분당구,2025-11-17,1,3.142857142857143
성남시 분당구,2025-11-18,6,3.4285714285714284
성남시 분당구,2025-11-19,10,3.5
성남시 분당구,2025-11-20,4,4.214285714285714
성남시 분당구,2025-11-21,7,4.5
성남시 분당구,2025-11-22,4,5.357142857142857
성남시 분당구,2025-11-23,2,5.642857142857143
성남시 분당구,2025-11-24,5,5.571428571428571
성남시 분당구,2025-11-25,2,6.071428571428571
성남시 분당구,2025-11-26,11,5.928571428571429
성남시 분당구,2025-11-27,6,5.714285714285714
성남시 분당구,2025-11-28,13,6.214285714285714
성남시 분당구,2025-11-29,6,6.142857142857143
성남시 분당구,2025-11-30,1,6.428571428571429
성남시 분당구,2025-12-01,8,6.785714285714286
성남시 분당구,2025-12-02,4,6.5
성남시 분당구,2025-12-03,7,7.214285714285714
성남시 분당구,2025-12-04,11,7.214285714285714
성남시 분당구,2025-12-05,6,7.571428571428571
성남시 분당구,2025-12-06,8,7.0
성남시 분당구,2025-12-08,7,7.357142857142857
성남시 분당구,2025-12-09,1,8.285714285714286
성남시 분당구,2025-12-10,12,8.642857142857142
성남시 분당구,2025-12-11,11,8.928571428571429
성남시 분당구,2025-12-12,11,8.642857142857142
성남시 분당구,2025-12-13,5,8.785714285714286
성남시 분당구,2025-12-15,11,9.214285714285714
성남시 분당구,2025-12-16,14,9.571428571428571
성남시 분당구,2025-12-17,13,10.357142857142858
성남시 분당구,2025-12-18,8,10.928571428571429
성남시 분당구,2025-12-19,3,11.0
성남시 분당구,2025-12-20,13,10.571428571428571
성남시 분당구,2025-12-22,12,9.857142857142858
성남시 분당구,2025-12-23,13,10.642857142857142
성남시 분당구,2025-12-24,18,10.571428571428571
성남시 분당구,2025-12-25,9,10.428571428571429
성남시 분당구,2025-12-26,13,9.571428571428571
성남시 분당구,2025-12-27,5,9.714285714285714
성남시 분당구,2025-12-28,1,10.714285714285714
성남시 분당구,2025-12-29,16,10.714285714285714
성남시 분당구,2025-12-30,10,10.571428571428571
성남시 분당구,2025-12-31,12,10.642857142857142
성남시 분당구,2026-01-01,1,10.642857142857142
성남시 분당구,2026-01-02,10,11.428571428571429
성남시 분당구,2026-01-03,17,10.857142857142858
성남시 분당구,2026-01-05,13,10.785714285714286
성남시 분당구,2026-01-06,10,11.5
성남시 분당구,2026-01-07,14,11.285714285714286
성남시 분당구,2026-01-08,18,11.071428571428571
성남시 분당구,2026-01-09,20,11.0
성남시 분당구,2026-01-10,5,12.071428571428571
성남시 분당구,2026-01-11,4,13.071428571428571
성남시 분당구,2026-01-12,11,12.071428571428571
성남시 분당구,2026-01-13,13,12.642857142857142
성남시 분당구,2026-01-14,7,12.857142857142858
성남시 분당구,2026-01-15,11,12.428571428571429
성남시 분당구,2026-01-16,16,12.214285714285714
성남시 분당구,2026-01-17,24,12.142857142857142
성남시 분당구,2026-01-18,3,12.142857142857142
성남시 분당구,2026-01-19,21,12.0
성남시 분당구,2026-01-20,13,12.428571428571429
성남시 분당구,2026-01-21,8,12.428571428571429
성남시 분당구,2026-01-22,15,12.642857142857142
성남시 분당구,2026-01-23,19,12.785714285714286
성남시 분당구,2026-01-24,5,12.785714285714286
성남시 분당구,2026-01-25,2,11.714285714285714
성남시 분당구,2026-01-26,17,12.214285714285714
성남시 분당구,2026-01-27,13,11.142857142857142
성남시 분당구,2026-01-28,10,11.214285714285714
성남시 분당구,2026-01-29,13,12.071428571428571
성남시 분당구,2026-01-30,16,12.0
성남시 분당구,2026-01-31,9,12.357142857142858
성남시 분당구,2026-02-02,10,12.285714285714286
성남시 분당구,2026-02-03,6,12.785714285714286
성남시 분당구,2026-02-04,14,12.071428571428571
성남시 분당구,2026-02-05,20,12.0
성남시 분당구,2026-02-06,14,12.714285714285714
성남시 분당구,2026-02-07,24,13.142857142857142
성남시 분당구,2026-02-08,4,12.357142857142858
성남시 분당구,2026-02-09,9,12.714285714285714
성남시 분당구,2026-02-10,7,13.285714285714286
성남시 분당구,2026-02-11,12,14.142857142857142
성남시 분당구,2026-02-12,20,13.357142857142858
성남시 분당구,2026-02-13,19,12.5
성남시 분당구,2026-02-14,5,12.357142857142858
성남시 분당구,2026-02-19,14,11.357142857142858
성남시 분당구,2026-02-20,18,11.642857142857142
성남시 분당구,2026-02-21,18,12.142857142857142
성남시 분당구,2026-02-22,3,11.857142857142858
성남시 분당구,2026-02-23,8,11.428571428571429
성남시 분당구,2026-02-24,12,10.714285714285714
성남시 분당구,2026-02-25,10,9.714285714285714
성남시 분당구,2026-02-26,8,9.857142857142858
성남시 분당구,2026-02-27,16,9.642857142857142
성남시 분당구,2026-02-28,3,10.0
성남시 분당구,2026-03-02,6,8.928571428571429
성남시 분당구,2026-03-03,10,9.214285714285714
성남시 분당구,2026-03-04,5,9.0
성남시 분당구,2026-03-05,7,8.571428571428571
성남시 분당구,2026-03-06,11,8.285714285714286
성남시 분당구,2026-03-07,23,8.428571428571429
성남시 분당구,2026-03-08,3,7.785714285714286
성남시 분당구,2026-03-09,7,7.714285714285714
성남시 분당구,2026-03-10,5,7.785714285714286
성남시 분당구,2026-03-11,6,7.5
성남시 분당구,2026-03-12,6,7.571428571428571
성남시 분당구,2026-03-13,10,7.714285714285714
성남시 분당구,2026-03-14,7,7.642857142857143
성남시 분당구,2026-03-16,2,6.928571428571429
성남시 분당구,2026-03-17,7,7.285714285714286
성남시 분당구,2026-03-18,6,7.214285714285714
성남시 분당구,2026-03-19,6,7.642857142857143
성남시 분당구,2026-03-20,9,8.5
성남시 분당구,2026-03-21,10,8.428571428571429
성남시 분당구,2026-03-23,13,7.857142857142857
성남시 분당구,2026-03-24,8,8.285714285714286
성남시 분당구,2026-03-25,6,9.285714285714286
성남시 분당구,2026-03-26,11,9.714285714285714
성남시 분당구,2026-03-27,18,10.071428571428571
성남시 분당구,2026-03-28,5,10.571428571428571
성남시 분당구,2026-03-29,2,10.785714285714286
성남시 분당구,2026-03-30,13,10.428571428571429
성남시 분당구,2026-03-31,16,10.285714285714286
성남시 분당구,2026-04-01,13,11.142857142857142
성남시 분당구,2026-04-02,11,11.857142857142858
성남시 분당구,2026-04-03,13,12.357142857142858
성남시 분당구,2026-04-04,12,13.142857142857142
성남시 분당구,2026-04-05,5,13.357142857142858
성남시 분당구,2026-04-06,11,13.285714285714286
성남시 분당구,2026-04-07,20,13.928571428571429
성남시 분당구,2026-04-08,16,13.785714285714286
성남시 분당구,2026-04-09,18,13.846153846153847
성남시 분당구,2026-04-10,29,14.083333333333334
성남시 분당구,2026-04-11,8,14.181818181818182
성남시 분당구,2026-04-12,1,14.4
성남시 분당구,2026-04-13,22,15.444444444444445
성남시 분당구,2026-04-14,14,16.0
성남시 수정구,2025-04-15,1,3.7142857142857144
성남시 수정구,2025-04-16,1,3.5
성남시 수정구,2025-04-17,5,3.2222222222222223
성남시 수정구,2025-04-18,1,3.2
성남시 수정구,2025-04-19,12,3.1818181818181817
성남시 수정구,2025-04-20,2,3.5
성남시 수정구,2025-04-21,4,3.3846153846153846
성남시 수정구,2025-04-22,2,3.5714285714285716
성남시 수정구,2025-04-23,1,3.7142857142857144
성남시 수정구,2025-04-24,3,3.7142857142857144
성남시 수정구,2025-04-25,3,3.5714285714285716
성남시 수정구,2025-04-26,7,3.7857142857142856
성남시 수정구,2025-04-27,2,3.2142857142857144
성남시 수정구,2025-04-28,6,3.2142857142857144
성남시 수정구,2025-04-29,3,3.0
성남시 수정구,2025-04-30,1,3.0714285714285716
성남시 수정구,2025-05-01,3,3.142857142857143
성남시 수정구,2025-05-02,4,3.0
성남시 수정구,2025-05-03,4,3.2857142857142856
성남시 수정구,2025-05-04,2,3.0
성남시 수정구,2025-05-05,1,3.0
성남시 수정구,2025-05-06,3,2.9285714285714284
성남시 수정구,2025-05-08,2,2.9285714285714284
성남시 수정구,2025-05-09,1,3.2142857142857144
성남시 수정구,2025-05-10,7,3.4285714285714284
성남시 수정구,2025-05-11,3,3.2857142857142856
성남시 수정구,2025-05-12,2,3.2857142857142856
성남시 수정구,2025-05-13,5,3.4285714285714284
성남시 수정구,2025-05-14,3,3.7857142857142856
성남시 수정구,2025-05-15,5,4.214285714285714
성남시 수정구,2025-05-16,6,4.285714285714286
성남시 수정구,2025-05-17,2,4.428571428571429
성남시 수정구,2025-05-18,4,4.571428571428571
성남시 수정구,2025-05-19,4,4.428571428571429
성남시 수정구,2025-05-20,6,4.428571428571429
성남시 수정구,2025-05-21,9,4.357142857142857
성남시 수정구,2025-05-22,3,4.285714285714286
성남시 수정구,2025-05-23,3,4.285714285714286
성남시 수정구,2025-05-24,9,4.0
성남시 수정구,2025-05-25,1,5.0
성남시 수정구,2025-05-26,2,5.0
성남시 수정구,2025-05-27,4,5.071428571428571
성남시 수정구,2025-05-28,2,5.0
성남시 수정구,2025-05-29,5,4.714285714285714
성남시 수정구,2025-05-30,2,4.928571428571429
성남시 수정구,2025-05-31,16,5.5
성남시 수정구,2025-06-01,4,5.357142857142857
성남시 수정구,2025-06-02,5,5.428571428571429
성남시 수정구,2025-06-03,5,5.857142857142857
성남시 수정구,2025-06-04,5,6.214285714285714
성남시 수정구,2025-06-05,6,7.071428571428571
성남시 수정구,2025-06-06,11,7.785714285714286
성남시 수정구,2025-06-07,7,8.642857142857142
성남시 수정구,2025-06-08,2,8.857142857142858
성남시 수정구,2025-06-09,8,9.0
성남시 수정구,2025-06-10,9,9.071428571428571
성남시 수정구,2025-06-11,14,9.214285714285714
성남시 수정구,2025-06-12,15,9.857142857142858
성남시 수정구,2025-06-13,14,10.428571428571429
성남시 수정구,2025-06-14,19,10.071428571428571
성남시 수정구,2025-06-15,6,11.071428571428571
성남시 수정구,2025-06-16,6,11.0
성남시 수정구,2025-06-17,7,11.071428571428571
성남시 수정구,2025-06-18,14,10.785714285714286
성남시 수정구,2025-06-19,14,10.642857142857142
성남시 수정구,2025-06-20,6,10.071428571428571
성남시 수정구,2025-06-21,21,10.5
성남시 수정구,2025-06-22,1,9.428571428571429
성남시 수정구,2025-06-23,9,9.214285714285714
성남시 수정구,2025-06-24,5,8.857142857142858
성남시 수정구,2025-06-25,12,8.714285714285714
성남시 수정구,2025-06-26,7,7.928571428571429
성남시 수정구,2025-06-27,20,7.071428571428571
성남시 수정구,2025-06-28,4,7.0
성남시 수정구,2025-06-29,3,5.571428571428571
성남시 수정구,2025-06-30,1,5.714285714285714
성남시 수정구,2025-07-01,5,5.285714285714286
성남시 수정구,2025-07-02,3,5.0
성남시 수정구,2025-07-03,2,4.285714285714286
성남시 수정구,2025-07-04,5,3.857142857142857
성남시 수정구,2025-07-05,1,2.5714285714285716
성남시 수정구,2025-07-06,3,2.642857142857143
성남시 수정구,2025-07-07,3,2.5
성남시 수정구,2025-07-08,1,2.5
성남시 수정구,2025-07-09,2,2.2857142857142856
성남시 수정구,2025-07-10,1,2.2857142857142856
성남시 수정구,2025-07-11,2,2.2857142857142856
성남시 수정구,2025-07-12,5,2.2142857142857144
성남시 수정구,2025-07-13,1,2.357142857142857
성남시 수정구,2025-07-14,1,2.4285714285714284
성남시 수정구,2025-07-15,2,2.357142857142857
성남시 수정구,2025-07-16,3,2.5
성남시 수정구,2025-07-17,2,2.5
성남시 수정구,2025-07-18,4,2.7142857142857144
성남시 수정구,2025-07-19,3,2.857142857142857
성남시 수정구,2025-07-20,4,2.5714285714285716
성남시 수정구,2025-07-22,2,2.5714285714285716
성남시 수정구,2025-07-23,3,2.5714285714285716
성남시 수정구,2025-07-24,2,2.5714285714285716
성남시 수정구,2025-07-25,4,2.4285714285714284
성남시 수정구,2025-07-26,4,2.4285714285714284
성남시 수정구,2025-07-27,1,2.2142857142857144
성남시 수정구,2025-07-29,1,2.2142857142857144
성남시 수정구,2025-07-30,1,2.0
성남시 수정구,2025-07-31,2,2.0714285714285716
성남시 수정구,2025-08-01,1,1.9285714285714286
성남시 수정구,2025-08-02,2,2.4285714285714284
성남시 수정구,2025-08-03,1,2.2142857142857144
성남시 수정구,2025-08-04,3,2.0714285714285716
성남시 수정구,2025-08-05,1,2.2857142857142856
성남시 수정구,2025-08-07,3,2.357142857142857
성남시 수정구,2025-08-08,1,2.5714285714285716
성남시 수정구,2025-08-09,9,2.857142857142857
성남시 수정구,2025-08-10,1,3.0714285714285716
성남시 수정구,2025-08-11,2,3.0
성남시 수정구,2025-08-12,4,3.0714285714285716
성남시 수정구,2025-08-13,2,3.0
성남시 수정구,2025-08-14,4,3.4285714285714284
성남시 수정구,2025-08-15,6,3.5
성남시 수정구,2025-08-16,4,3.857142857142857
성남시 수정구,2025-08-17,1,4.142857142857143
성남시 수정구,2025-08-18,2,4.285714285714286
성남시 수정구,2025-08-19,2,4.357142857142857
성남시 수정구,2025-08-20,7,4.428571428571429
성남시 수정구,2025-08-21,4,4.357142857142857
성남시 수정구,2025-08-22,6,4.285714285714286
성남시 수정구,2025-08-23,13,5.071428571428571
성남시 수정구,2025-08-25,3,5.214285714285714
성남시 수정구,2025-08-26,3,5.5
성남시 수정구,2025-08-27,5,5.642857142857143
성남시 수정구,2025-08-28,1,6.0
성남시 수정구,2025-08-29,3,6.071428571428571
성남시 수정구,2025-08-30,17,6.142857142857143
성남시 수정구,2025-08-31,6,6.714285714285714
성남시 수정구,2025-09-01,5,6.142857142857143
성남시 수정구,2025-09-02,4,6.071428571428571
성남시 수정구,2025-09-03,7,6.357142857142857
성남시 수정구,2025-09-04,8,6.285714285714286
성남시 수정구,2025-09-05,5,6.714285714285714
성남시 수정구,2025-09-06,14,7.714285714285714
성남시 수정구,2025-09-07,5,7.857142857142857
성남시 수정구,2025-09-08,2,7.857142857142857
성남시 수정구,2025-09-09,7,8.285714285714286
성남시 수정구,2025-09-10,4,8.357142857142858
성남시 수정구,2025-09-11,7,8.714285714285714
성남시 수정구,2025-09-12,17,8.785714285714286
성남시 수정구,2025-09-13,19,8.857142857142858
성남시 수정구,2025-09-14,6,8.928571428571429
성남시 수정구,2025-09-15,11,9.0
성남시 수정구,2025-09-16,5,9.642857142857142
성남시 수정구,2025-09-17,12,9.928571428571429
성남시 수정구,2025-09-18,9,10.285714285714286
성남시 수정구,2025-09-19,6,10.571428571428571
성남시 수정구,2025-09-20,15,10.142857142857142
성남시 수정구,2025-09-21,6,11.285714285714286
성남시 수정구,2025-09-22,11,11.785714285714286
성남시 수정구,2025-09-23,11,11.714285714285714
성남시 수정구,2025-09-24,9,12.142857142857142
성남시 수정구,2025-09-25,11,12.214285714285714
성남시 수정구,2025-09-26,11,12.0
성남시 수정구,2025-09-27,35,12.642857142857142
성남시 수정구,2025-09-28,13,12.142857142857142
성남시 수정구,2025-09-29,10,11.785714285714286
성남시 수정구,2025-09-30,11,11.142857142857142
성남시 수정구,2025-10-01,13,10.714285714285714
성남시 수정구,2025-10-02,6,11.071428571428571
성남시 수정구,2025-10-03,15,11.357142857142858
성남시 수정구,2025-10-04,8,11.071428571428571
성남시 수정구,2025-10-05,1,9.5
성남시 수정구,2025-10-08,2,10.142857142857142
성남시 수정구,2025-10-09,5,12.571428571428571
성남시 수정구,2025-10-10,14,12.214285714285714
성남시 수정구,2025-10-11,15,12.142857142857142
성남시 수정구,2025-10-12,7,12.928571428571429
성남시 수정구,2025-10-13,13,12.785714285714286
성남시 수정구,2025-10-14,22,12.285714285714286
성남시 수정구,2025-10-15,44,12.285714285714286
성남시 수정구,2025-10-16,6,12.285714285714286
성남시 수정구,2025-10-17,12,12.0
성남시 수정구,2025-10-18,17,11.071428571428571
성남시 수정구,2025-10-19,13,10.071428571428571
성남시 수정구,2025-11-08,1,9.642857142857142
성남시 수정구,2025-11-11,1,8.928571428571429
성남시 수정구,2025-11-12,2,7.642857142857143
성남시 수정구,2025-11-13,1,5.0
성남시 수정구,2025-11-14,1,4.642857142857143
성남시 수정구,2025-11-16,1,4.214285714285714
성남시 수정구,2025-11-19,1,3.357142857142857
성남시 수정구,2025-11-20,3,2.642857142857143
성남시 수정구,2025-11-21,4,2.9285714285714284
성남시 수정구,2025-11-22,7,3.0714285714285716
성남시 수정구,2025-11-24,1,3.0
성남시 수정구,2025-11-25,6,3.142857142857143
성남시 수정구,2025-11-26,5,3.142857142857143
성남시 수정구,2025-11-27,3,3.142857142857143
성남시 수정구,2025-11-28,5,3.142857142857143
성남시 수정구,2025-11-29,3,3.4285714285714284
성남시 수정구,2025-11-30,1,3.5
성남시 수정구,2025-12-01,3,3.0714285714285716
성남시 수정구,2025-12-02,1,3.2142857142857144
성남시 수정구,2025-12-03,1,3.0714285714285716
성남시 수정구,2025-12-04,1,3.142857142857143
성남시 수정구,2025-12-05,7,3.0714285714285716
성남시 수정구,2025-12-06,5,3.142857142857143
성남시 수정구,2025-12-07,1,3.4285714285714284
성남시 수정구,2025-12-08,3,3.4285714285714284
성남시 수정구,2025-12-09,4,3.5714285714285716
성남시 수정구,2025-12-10,6,3.7857142857142856
성남시 수정구,2025-12-11,2,4.0
성남시 수정구,2025-12-12,6,4.071428571428571
성남시 수정구,2025-12-13,7,3.857142857142857
성남시 수정구,2025-12-14,1,3.7142857142857144
성남시 수정구,2025-12-15,5,3.7142857142857144
성남시 수정구,2025-12-16,4,3.7142857142857144
성남시 수정구,2025-12-17,4,3.857142857142857
성남시 수정구,2025-12-18,2,3.7857142857142856
성남시 수정구,2025-12-19,4,3.7857142857142856
성남시 수정구,2025-12-20,3,3.642857142857143
성남시 수정구,2025-12-21,1,3.5714285714285716
성남시 수정구,2025-12-22,3,3.7857142857142856
성남시 수정구,2025-12-23,6,3.7142857142857144
성남시 수정구,2025-12-24,5,3.7857142857142856
성남시 수정구,2025-12-25,2,3.642857142857143
성남시 수정구,2025-12-26,4,3.9285714285714284
성남시 수정구,2025-12-27,6,4.0
성남시 수정구,2025-12-29,4,4.0
성남시 수정구,2025-12-30,4,4.571428571428571
성남시 수정구,2025-12-31,5,4.571428571428571
성남시 수정구,2026-01-01,2,4.571428571428571
성남시 수정구,2026-01-02,6,4.642857142857143
성남시 수정구,2026-01-03,5,4.928571428571429
성남시 수정구,2026-01-05,3,4.714285714285714
성남시 수정구,2026-01-06,9,4.642857142857143
성남시 수정구,2026-01-07,3,5.0
성남시 수정구,2026-01-08,6,5.0
성남시 수정구,2026-01-09,6,5.0
성남시 수정구,2026-01-10,6,5.714285714285714
성남시 수정구,2026-01-11,1,6.214285714285714
성남시 수정구,2026-01-12,5,6.0
성남시 수정구,2026-01-13,9,6.142857142857143
성남시 수정구,2026-01-14,4,5.928571428571429
성남시 수정구,2026-01-15,5,6.142857142857143
성남시 수정구,2026-01-16,12,6.785714285714286
성남시 수정구,2026-01-17,13,6.857142857142857
성남시 수정구,2026-01-18,2,7.357142857142857
성남시 수정구,2026-01-19,5,7.571428571428571
성남시 수정구,2026-01-20,6,7.642857142857143
성남시 수정구,2026-01-21,6,7.571428571428571
성남시 수정구,2026-01-22,15,7.857142857142857
성남시 수정구,2026-01-23,7,8.0
성남시 수정구,2026-01-24,13,7.928571428571429
성남시 수정구,2026-01-25,4,7.785714285714286
성남시 수정구,2026-01-26,6,7.785714285714286
성남시 수정구,2026-01-27,8,7.785714285714286
성남시 수정구,2026-01-28,8,7.785714285714286
성남시 수정구,2026-01-29,7,7.928571428571429
성남시 수정구,2026-01-30,11,7.0
성남시 수정구,2026-01-31,11,7.214285714285714
성남시 수정구,2026-02-01,2,7.428571428571429
성남시 수정구,2026-02-02,5,7.428571428571429
성남시 수정구,2026-02-03,6,7.357142857142857
성남시 수정구,2026-02-04,8,7.071428571428571
성남시 수정구,2026-02-05,2,7.142857142857143
성남시 수정구,2026-02-06,10,7.0
성남시 수정구,2026-02-07,16,6.571428571428571
성남시 수정구,2026-02-08,4,6.071428571428571
성남시 수정구,2026-02-09,5,6.0
성남시 수정구,2026-02-10,4,5.785714285714286
성남시 수정구,2026-02-11,9,5.428571428571429
성남시 수정구,2026-02-12,5,5.142857142857143
성남시 수정구,2026-02-13,5,5.071428571428571
성남시 수정구,2026-02-14,4,4.785714285714286
성남시 수정구,2026-02-18,1,3.857142857142857
성남시 수정구,2026-02-19,2,3.7142857142857144
성남시 수정구,2026-02-20,1,3.7142857142857144
성남시 수정구,2026-02-21,4,4.214285714285714
성남시 수정구,2026-02-22,1,3.7142857142857144
성남시 수정구,2026-02-23,6,3.5
성남시 수정구,2026-02-24,3,3.357142857142857
성남시 수정구,2026-02-25,2,3.2142857142857144
성남시 수정구,2026-02-26,5,3.2857142857142856
성남시 수정구,2026-02-27,11,3.4285714285714284
성남시 수정구,2026-02-28,2,3.5714285714285716
성남시 수정구,2026-03-01,2,3.642857142857143
성남시 수정구,2026-03-02,3,3.7142857142857144
성남시 수정구,2026-03-03,2,3.642857142857143
성남시 수정구,2026-03-04,2,3.7857142857142856
성남시 수정구,2026-03-05,4,4.142857142857143
성남시 수정구,2026-03-06,3,4.428571428571429
성남시 수정구,2026-03-07,5,4.0
성남시 수정구,2026-03-08,2,4.0
성남시 수정구,2026-03-09,5,4.142857142857143
성남시 수정구,2026-03-10,5,4.142857142857143
성남시 수정구,2026-03-11,7,4.214285714285714
성남시 수정구,2026-03-12,9,4.142857142857143
성남시 수정구,2026-03-14,5,4.5
성남시 수정구,2026-03-15,2,4.928571428571429
성남시 수정구,2026-03-16,4,4.642857142857143
성남시 수정구,2026-03-17,3,4.785714285714286
성남시 수정구,2026-03-18,3,4.642857142857143
성남시 수정구,2026-03-19,1,4.5
성남시 수정구,2026-03-20,9,4.142857142857143
성남시 수정구,2026-03-21,9,3.9285714285714284
성남시 수정구,2026-03-22,1,4.0
성남시 수정구,2026-03-23,4,3.9285714285714284
성남시 수정구,2026-03-24,3,4.0
성남시 수정구,2026-03-25,3,3.9285714285714284
성남시 수정구,2026-03-26,2,3.9285714285714284
성남시 수정구,2026-03-27,6,4.071428571428571
성남시 수정구,2026-03-28,6,3.9285714285714284
성남시 수정구,2026-03-29,1,3.9285714285714284
성남시 수정구,2026-03-30,5,4.071428571428571
성남시 수정구,2026-03-31,2,4.071428571428571
성남시 수정구,2026-04-01,3,4.071428571428571
성남시 수정구,2026-04-02,3,4.142857142857143
성남시 수정구,2026-04-03,7,4.142857142857143
성남시 수정구,2026-04-04,9,4.285714285714286
성남시 수정구,2026-04-05,3,4.785714285714286
성남시 수정구,2026-04-06,4,5.071428571428571
성남시 수정구,2026-04-07,3,5.142857142857143
성남시 수정구,2026-04-08,4,5.428571428571429
성남시 수정구,2026-04-09,2,5.615384615384615
성남시 수정구,2026-04-10,8,5.833333333333333
성남시 수정구,2026-04-11,13,5.7272727272727275
성남시 수정구,2026-04-12,5,5.4
성남시 수정구,2026-04-13,6,5.666666666666667
성남시 수정구,2026-04-14,6,5.875
성남시 중원구,2025-04-15,4,5.714285714285714
성남시 중원구,2025-04-16,4,5.375
성남시 중원구,2025-04-17,6,5.222222222222222
성남시 중원구,2025-04-18,9,5.0
성남시 중원구,2025-04-19,9,5.181818181818182
성남시 중원구,2025-04-20,3,5.916666666666667
성남시 중원구,2025-04-21,5,5.538461538461538
성남시 중원구,2025-04-22,3,5.5
성남시 중원구,2025-04-23,4,5.5
성남시 중원구,2025-04-24,3,5.357142857142857
성남시 중원구,2025-04-25,7,5.5
성남시 중원구,2025-04-26,14,5.142857142857143
성남시 중원구,2025-04-27,1,5.428571428571429
성남시 중원구,2025-04-28,5,5.428571428571429
성남시 중원구,2025-04-29,4,5.142857142857143
성남시 중원구,2025-04-30,2,5.357142857142857
성남시 중원구,2025-05-01,8,5.357142857142857
성남시 중원구,2025-05-02,4,5.571428571428571
성남시 중원구,2025-05-03,13,5.285714285714286
성남시 중원구,2025-05-04,3,4.785714285714286
성남시 중원구,2025-05-05,1,5.071428571428571
성남시 중원구,2025-05-06,6,5.142857142857143
성남시 중원구,2025-05-07,4,5.071428571428571
성남시 중원구,2025-05-08,6,5.428571428571429
성남시 중원구,2025-05-09,3,5.285714285714286
성남시 중원구,2025-05-10,7,5.642857142857143
성남시 중원구,2025-05-11,5,5.571428571428571
성남시 중원구,2025-05-12,6,5.571428571428571
성남시 중원구,2025-05-13,3,5.642857142857143
성남시 중원구,2025-05-14,7,5.642857142857143
성남시 중원구,2025-05-15,6,6.0
성남시 중원구,2025-05-16,9,5.928571428571429
성남시 중원구,2025-05-17,12,6.214285714285714
성남시 중원구,2025-05-18,3,6.142857142857143
성남시 중원구,2025-05-19,2,6.071428571428571
성남시 중원구,2025-05-20,6,6.0
성남시 중원구,2025-05-21,9,6.428571428571429
성남시 중원구,2025-05-22,5,6.142857142857143
성남시 중원구,2025-05-23,7,6.285714285714286
성남시 중원구,2025-05-24,6,6.214285714285714
성남시 중원구,2025-05-25,4,6.071428571428571
성남시 중원구,2025-05-26,5,6.142857142857143
성남시 중원구,2025-05-27,9,6.428571428571429
성남시 중원구,2025-05-28,3,6.785714285714286
성남시 중원구,2025-05-29,8,6.285714285714286
성남시 중원구,2025-05-30,8,6.285714285714286
성남시 중원구,2025-05-31,10,6.357142857142857
성남시 중원구,2025-06-01,4,6.714285714285714
성남시 중원구,2025-06-02,6,6.714285714285714
성남시 중원구,2025-06-03,11,6.928571428571429
성남시 중원구,2025-06-04,2,6.857142857142857
성남시 중원구,2025-06-05,5,7.142857142857143
성남시 중원구,2025-06-06,8,7.357142857142857
성남시 중원구,2025-06-07,11,7.785714285714286
성남시 중원구,2025-06-08,4,8.071428571428571
성남시 중원구,2025-06-09,8,8.285714285714286
성남시 중원구,2025-06-10,8,8.357142857142858
성남시 중원구,2025-06-11,7,8.071428571428571
성남시 중원구,2025-06-12,11,8.357142857142858
성남시 중원구,2025-06-13,14,8.357142857142858
성남시 중원구,2025-06-14,14,8.5
성남시 중원구,2025-06-15,7,8.5
성남시 중원구,2025-06-16,7,8.642857142857142
성남시 중원구,2025-06-17,7,8.857142857142858
성남시 중원구,2025-06-18,6,8.928571428571429
성남시 중원구,2025-06-19,5,9.142857142857142
성남시 중원구,2025-06-20,10,8.642857142857142
성남시 중원구,2025-06-21,11,8.785714285714286
성남시 중원구,2025-06-22,6,8.571428571428571
성남시 중원구,2025-06-23,11,8.142857142857142
성남시 중원구,2025-06-24,9,7.714285714285714
성남시 중원구,2025-06-25,10,7.357142857142857
성남시 중원구,2025-06-26,4,7.071428571428571
성남시 중원구,2025-06-27,16,6.928571428571429
성남시 중원구,2025-06-28,11,6.428571428571429
성남시 중원구,2025-06-29,1,6.357142857142857
성남시 중원구,2025-06-30,1,6.142857142857143
성남시 중원구,2025-07-01,2,5.642857142857143
성남시 중원구,2025-07-02,2,5.071428571428571
성남시 중원구,2025-07-03,3,4.714285714285714
성남시 중원구,2025-07-04,3,4.642857142857143
성남시 중원구,2025-07-05,10,3.642857142857143
성남시 중원구,2025-07-06,3,3.2142857142857144
성남시 중원구,2025-07-07,4,3.5
성남시 중원구,2025-07-08,1,3.5714285714285716
성남시 중원구,2025-07-09,5,3.642857142857143
성남시 중원구,2025-07-10,3,3.5714285714285716
성남시 중원구,2025-07-11,2,3.642857142857143
성남시 중원구,2025-07-12,5,3.5
성남시 중원구,2025-07-14,5,3.0714285714285716
성남시 중원구,2025-07-15,2,3.0714285714285716
성남시 중원구,2025-07-16,3,3.0714285714285716
성남시 중원구,2025-07-18,1,3.0714285714285716
성남시 중원구,2025-07-19,4,2.857142857142857
성남시 중원구,2025-07-20,1,3.142857142857143
성남시 중원구,2025-07-21,4,3.142857142857143
성남시 중원구,2025-07-22,3,3.142857142857143
성남시 중원구,2025-07-23,4,3.2142857142857144
성남시 중원구,2025-07-24,1,3.142857142857143
성남시 중원구,2025-07-25,2,3.357142857142857
성남시 중원구,2025-07-26,7,3.5714285714285716
성남시 중원구,2025-07-27,2,3.4285714285714284
성남시 중원구,2025-07-29,5,3.642857142857143
성남시 중원구,2025-07-30,6,3.5714285714285716
성남시 중원구,2025-07-31,1,3.5714285714285716
성남시 중원구,2025-08-02,6,3.4285714285714284
성남시 중원구,2025-08-03,4,3.7142857142857144
성남시 중원구,2025-08-04,2,3.642857142857143
성남시 중원구,2025-08-05,4,3.357142857142857
성남시 중원구,2025-08-06,3,3.357142857142857
성남시 중원구,2025-08-07,3,3.2142857142857144
성남시 중원구,2025-08-08,2,2.857142857142857
성남시 중원구,2025-08-09,5,2.9285714285714284
성남시 중원구,2025-08-10,1,2.7857142857142856
성남시 중원구,2025-08-11,3,2.7857142857142856
성남시 중원구,2025-08-12,2,2.7142857142857144
성남시 중원구,2025-08-13,3,2.7142857142857144
성남시 중원구,2025-08-14,1,2.9285714285714284
성남시 중원구,2025-08-15,2,3.4285714285714284
성남시 중원구,2025-08-16,4,3.4285714285714284
성남시 중원구,2025-08-19,4,3.142857142857143
성남시 중원구,2025-08-20,1,3.142857142857143
성남시 중원구,2025-08-21,4,3.0714285714285716
성남시 중원구,2025-08-22,6,3.142857142857143
성남시 중원구,2025-08-23,10,3.4285714285714284
성남시 중원구,2025-08-24,2,3.5714285714285716
성남시 중원구,2025-08-25,1,3.5714285714285716
성남시 중원구,2025-08-26,1,3.7142857142857144
성남시 중원구,2025-08-28,2,3.9285714285714284
성남시 중원구,2025-08-29,3,4.214285714285714
성남시 중원구,2025-08-30,7,4.5
성남시 중원구,2025-08-31,3,5.071428571428571
성남시 중원구,2025-09-01,2,4.785714285714286
성남시 중원구,2025-09-02,6,5.071428571428571
성남시 중원구,2025-09-03,7,5.642857142857143
성남시 중원구,2025-09-04,5,6.285714285714286
성남시 중원구,2025-09-05,8,6.5
성남시 중원구,2025-09-06,14,6.571428571428571
성남시 중원구,2025-09-07,6,7.214285714285714
성남시 중원구,2025-09-08,6,7.285714285714286
성남시 중원구,2025-09-09,9,7.642857142857143
성남시 중원구,2025-09-10,10,8.142857142857142
성남시 중원구,2025-09-11,5,8.142857142857142
성남시 중원구,2025-09-12,4,8.428571428571429
성남시 중원구,2025-09-13,16,8.642857142857142
성남시 중원구,2025-09-14,4,9.0
성남시 중원구,2025-09-15,7,8.785714285714286
성남시 중원구,2025-09-16,13,8.785714285714286
성남시 중원구,2025-09-17,7,8.785714285714286
성남시 중원구,2025-09-18,9,8.785714285714286
성남시 중원구,2025-09-19,11,8.857142857142858
성남시 중원구,2025-09-20,19,9.571428571428571
성남시 중원구,2025-09-21,3,9.714285714285714
성남시 중원구,2025-09-22,6,10.214285714285714
성남시 중원구,2025-09-23,9,10.5
성남시 중원구,2025-09-24,10,10.142857142857142
성남시 중원구,2025-09-25,6,10.5
성남시 중원구,2025-09-26,14,11.0
성남시 중원구,2025-09-27,18,10.714285714285714
성남시 중원구,2025-09-28,11,9.642857142857142
성남시 중원구,2025-09-29,11,9.571428571428571
성남시 중원구,2025-09-30,8,9.5
성남시 중원구,2025-10-01,12,9.357142857142858
성남시 중원구,2025-10-02,16,9.928571428571429
성남시 중원구,2025-10-03,7,9.714285714285714
성남시 중원구,2025-10-04,4,9.857142857142858
성남시 중원구,2025-10-08,2,9.214285714285714
성남시 중원구,2025-10-09,5,11.071428571428571
성남시 중원구,2025-10-10,7,11.142857142857142
성남시 중원구,2025-10-11,18,11.142857142857142
성남시 중원구,2025-10-12,3,11.214285714285714
성남시 중원구,2025-10-13,16,10.928571428571429
성남시 중원구,2025-10-14,9,10.5
성남시 중원구,2025-10-15,37,10.5
성남시 중원구,2025-10-16,12,10.428571428571429
성남시 중원구,2025-10-17,8,10.214285714285714
성남시 중원구,2025-10-18,13,10.0
성남시 중원구,2025-10-19,12,9.0
성남시 중원구,2025-11-12,1,8.857142857142858
성남시 중원구,2025-11-13,4,8.142857142857142
성남시 중원구,2025-11-17,1,7.642857142857143
성남시 중원구,2025-11-18,2,5.142857142857143
성남시 중원구,2025-11-21,4,4.714285714285714
성남시 중원구,2025-11-22,4,4.357142857142857
성남시 중원구,2025-11-23,1,4.142857142857143
성남시 중원구,2025-11-25,6,3.642857142857143
성남시 중원구,2025-11-26,2,3.7142857142857144
성남시 중원구,2025-11-27,2,3.9285714285714284
성남시 중원구,2025-11-28,6,4.214285714285714
성남시 중원구,2025-11-29,3,4.5
성남시 중원구,2025-12-01,10,4.5
성남시 중원구,2025-12-02,5,4.5
성남시 중원구,2025-12-03,2,4.785714285714286
성남시 중원구,2025-12-04,7,4.714285714285714
성남시 중원구,2025-12-05,5,4.714285714285714
성남시 중원구,2025-12-06,6,5.142857142857143
성남시 중원구,2025-12-07,4,4.785714285714286
성남시 중원구,2025-12-08,4,4.928571428571429
성남시 중원구,2025-12-10,5,4.714285714285714
성남시 중원구,2025-12-11,5,4.5
성남시 중원구,2025-12-12,2,4.928571428571429
성남시 중원구,2025-12-13,8,5.0
성남시 중원구,2025-12-14,1,5.214285714285714
성남시 중원구,2025-12-15,5,4.857142857142857
성남시 중원구,2025-12-16,7,5.071428571428571
성남시 중원구,2025-12-17,2,5.0
성남시 중원구,2025-12-18,8,4.857142857142857
성남시 중원구,2025-12-19,8,4.571428571428571
성남시 중원구,2025-12-20,8,4.714285714285714
성남시 중원구,2025-12-21,1,4.428571428571429
성남시 중원구,2025-12-22,7,4.428571428571429
성남시 중원구,2025-12-23,3,4.142857142857143
성남시 중원구,2025-12-24,3,3.7857142857142856
성남시 중원구,2025-12-25,1,3.7142857142857144
성남시 중원구,2025-12-26,4,3.2142857142857144
성남시 중원구,2025-12-27,4,3.0
성남시 중원구,2025-12-28,1,2.5
성남시 중원구,2025-12-30,1,2.642857142857143
성남시 중원구,2025-12-31,2,2.7142857142857144
성남시 중원구,2026-01-01,1,2.857142857142857
성남시 중원구,2026-01-02,1,2.9285714285714284
성남시 중원구,2026-01-03,5,3.5714285714285716
성남시 중원구,2026-01-05,1,3.4285714285714284
성남시 중원구,2026-01-06,3,3.2857142857142856
성남시 중원구,2026-01-07,8,3.7857142857142856
성남시 중원구,2026-01-08,5,4.142857142857143
성남시 중원구,2026-01-09,4,4.428571428571429
성남시 중원구,2026-01-10,10,5.0
성남시 중원구,2026-01-11,2,5.785714285714286
성남시 중원구,2026-01-12,2,5.785714285714286
성남시 중원구,2026-01-13,8,6.071428571428571
성남시 중원구,2026-01-14,6,6.5
성남시 중원구,2026-01-15,6,6.214285714285714
성남시 중원구,2026-01-16,9,6.428571428571429
성남시 중원구,2026-01-17,12,6.714285714285714
성남시 중원구,2026-01-18,5,6.714285714285714
성남시 중원구,2026-01-19,5,6.642857142857143
성남시 중원구,2026-01-20,9,6.714285714285714
성남시 중원구,2026-01-21,4,6.428571428571429
성남시 중원구,2026-01-22,8,6.428571428571429
성남시 중원구,2026-01-23,8,6.642857142857143
성남시 중원구,2026-01-24,10,6.714285714285714
성남시 중원구,2026-01-25,1,7.0
성남시 중원구,2026-01-26,3,6.857142857142857
성남시 중원구,2026-01-27,4,6.714285714285714
성남시 중원구,2026-01-28,6,6.285714285714286
성남시 중원구,2026-01-29,9,6.5
성남시 중원구,2026-01-30,10,6.214285714285714
성남시 중원구,2026-01-31,16,6.142857142857143
성남시 중원구,2026-02-01,3,6.285714285714286
성남시 중원구,2026-02-02,3,6.428571428571429
성남시 중원구,2026-02-03,3,6.571428571428571
성남시 중원구,2026-02-04,7,6.785714285714286
성남시 중원구,2026-02-05,4,7.071428571428571
성남시 중원구,2026-02-06,7,7.071428571428571
성남시 중원구,2026-02-07,12,7.214285714285714
성남시 중원구,2026-02-08,3,6.714285714285714
성남시 중원구,2026-02-09,5,6.785714285714286
성남시 중원구,2026-02-10,7,7.0
성남시 중원구,2026-02-11,10,7.071428571428571
성남시 중원구,2026-02-12,9,7.285714285714286
성남시 중원구,2026-02-13,12,7.142857142857143
성남시 중원구,2026-02-14,9,6.714285714285714
성남시 중원구,2026-02-15,4,5.928571428571429
성남시 중원구,2026-02-19,6,5.928571428571429
성남시 중원구,2026-02-20,4,6.142857142857143
성남시 중원구,2026-02-21,10,6.714285714285714
성남시 중원구,2026-02-23,2,6.071428571428571
성남시 중원구,2026-02-24,1,5.642857142857143
성남시 중원구,2026-02-25,1,5.142857142857143
성남시 중원구,2026-02-26,3,5.0
성남시 중원구,2026-02-27,8,4.928571428571429
성남시 중원구,2026-02-28,15,4.857142857142857
성남시 중원구,2026-03-01,1,4.857142857142857
성남시 중원구,2026-03-02,3,4.214285714285714
성남시 중원구,2026-03-03,5,4.428571428571429
성남시 중원구,2026-03-04,7,4.428571428571429
성남시 중원구,2026-03-05,3,4.5
성남시 중원구,2026-03-06,5,4.571428571428571
성남시 중원구,2026-03-07,4,4.142857142857143
성남시 중원구,2026-03-08,1,3.7142857142857144
성남시 중원구,2026-03-09,5,3.7142857142857144
성남시 중원구,2026-03-10,1,3.857142857142857
성남시 중원구,2026-03-11,2,3.642857142857143
성남시 중원구,2026-03-12,4,3.2857142857142856
성남시 중원구,2026-03-13,2,3.357142857142857
성남시 중원구,2026-03-14,9,3.2142857142857144
성남시 중원구,2026-03-15,1,3.857142857142857
성남시 중원구,2026-03-16,5,4.0
성남시 중원구,2026-03-17,2,4.357142857142857
성남시 중원구,2026-03-18,2,4.714285714285714
성남시 중원구,2026-03-19,4,4.857142857142857
성남시 중원구,2026-03-20,3,5.071428571428571
성남시 중원구,2026-03-21,13,5.285714285714286
성남시 중원구,2026-03-22,3,5.142857142857143
성남시 중원구,2026-03-23,10,5.214285714285714
성남시 중원구,2026-03-24,6,5.142857142857143
성남시 중원구,2026-03-25,4,5.214285714285714
성남시 중원구,2026-03-26,7,5.285714285714286
성남시 중원구,2026-03-27,5,5.5
성남시 중원구,2026-03-28,7,5.785714285714286
성남시 중원구,2026-03-29,2,5.142857142857143
성남시 중원구,2026-03-30,4,5.357142857142857
성남시 중원구,2026-03-31,3,5.071428571428571
성남시 중원구,2026-04-01,3,5.071428571428571
성남시 중원구,2026-04-02,7,5.142857142857143
성남시 중원구,2026-04-03,7,4.928571428571429
성남시 중원구,2026-04-04,4,4.785714285714286
성남시 중원구,2026-04-05,6,5.071428571428571
성남시 중원구,2026-04-06,6,5.071428571428571
성남시 중원구,2026-04-07,6,5.785714285714286
성남시 중원구,2026-04-08,5,5.857142857142857
성남시 중원구,2026-04-09,4,6.076923076923077
성남시 중원구,2026-04-10,3,6.0
성남시 중원구,2026-04-11,11,5.909090909090909
성남시 중원구,2026-04-12,2,6.1
성남시 중원구,2026-04-13,14,6.111111111111111
성남시 중원구,2026-04-14,4,6.125
수원시 영통구,2025-04-15,16,14.142857142857142
수원시 영통구,2025-04-16,10,14.0
수원시 영통구,2025-04-17,11,13.11111111111111
수원시 영통구,2025-04-18,8,13.4
수원시 영통구,2025-04-19,40,14.090909090909092
수원시 영통구,2025-04-20,1,14.0
수원시 영통구,2025-04-21,13,13.0
수원시 영통구,2025-04-22,13,13.357142857142858
수원시 영통구,2025-04-23,6,13.785714285714286
수원시 영통구,2025-04-24,16,14.214285714285714
수원시 영통구,2025-04-25,21,15.142857142857142
수원시 영통구,2025-04-26,13,15.714285714285714
수원시 영통구,2025-04-27,1,14.071428571428571
수원시 영통구,2025-04-28,18,14.214285714285714
수원시 영통구,2025-04-29,22,13.928571428571429
수원시 영통구,2025-04-30,16,14.285714285714286
수원시 영통구,2025-05-01,24,15.0
수원시 영통구,2025-05-02,16,14.857142857142858
수원시 영통구,2025-05-03,17,15.071428571428571
수원시 영통구,2025-05-04,3,15.571428571428571
수원시 영통구,2025-05-05,9,15.714285714285714
수원시 영통구,2025-05-06,18,15.928571428571429
수원시 영통구,2025-05-07,16,15.857142857142858
수원시 영통구,2025-05-08,14,15.857142857142858
수원시 영통구,2025-05-09,24,15.428571428571429
수원시 영통구,2025-05-10,20,15.785714285714286
수원시 영통구,2025-05-11,3,17.071428571428573
수원시 영통구,2025-05-12,21,17.0
수원시 영통구,2025-05-13,21,17.428571428571427
수원시 영통구,2025-05-14,16,17.142857142857142
수원시 영통구,2025-05-15,18,17.5
수원시 영통구,2025-05-16,21,17.5
수원시 영통구,2025-05-17,35,17.785714285714285
수원시 영통구,2025-05-18,2,17.571428571428573
수원시 영통구,2025-05-19,15,17.714285714285715
수원시 영통구,2025-05-20,14,17.357142857142858
수원시 영통구,2025-05-21,21,17.285714285714285
수원시 영통구,2025-05-22,14,17.428571428571427
수원시 영통구,2025-05-23,28,17.142857142857142
수원시 영통구,2025-05-24,17,17.357142857142858
수원시 영통구,2025-05-25,5,18.285714285714285
수원시 영통구,2025-05-26,16,18.285714285714285
수원시 영통구,2025-05-27,20,18.142857142857142
수원시 영통구,2025-05-28,18,20.142857142857142
수원시 영통구,2025-05-29,14,19.785714285714285
수원시 영통구,2025-05-30,24,20.214285714285715
수원시 영통구,2025-05-31,48,20.142857142857142
수원시 영통구,2025-06-01,2,21.357142857142858
수원시 영통구,2025-06-02,13,21.357142857142858
수원시 영통구,2025-06-03,42,21.5
수원시 영통구,2025-06-04,16,21.5
수원시 영통구,2025-06-05,20,21.714285714285715
수원시 영통구,2025-06-06,27,23.071428571428573
수원시 영통구,2025-06-07,34,24.642857142857142
수원시 영통구,2025-06-08,5,23.5
수원시 영통구,2025-06-09,18,24.0
수원시 영통구,2025-06-10,20,24.428571428571427
수원시 영통구,2025-06-11,21,22.928571428571427
수원시 영통구,2025-06-12,33,23.785714285714285
수원시 영통구,2025-06-13,46,23.857142857142858
수원시 영통구,2025-06-14,32,24.214285714285715
수원시 영통구,2025-06-15,9,27.5
수원시 영통구,2025-06-16,19,27.214285714285715
수원시 영통구,2025-06-17,21,27.714285714285715
수원시 영통구,2025-06-18,28,28.142857142857142
수원시 영통구,2025-06-19,21,28.785714285714285
수원시 영통구,2025-06-20,32,29.285714285714285
수원시 영통구,2025-06-21,80,31.428571428571427
수원시 영통구,2025-06-22,1,30.285714285714285
수원시 영통구,2025-06-23,25,29.857142857142858
수원시 영통구,2025-06-24,26,29.642857142857142
수원시 영통구,2025-06-25,30,29.357142857142858
수원시 영통구,2025-06-26,40,28.142857142857142
수원시 영통구,2025-06-27,76,27.285714285714285
수원시 영통구,2025-06-28,16,26.142857142857142
수원시 영통구,2025-06-29,3,23.214285714285715
수원시 영통구,2025-06-30,16,23.357142857142858
수원시 영통구,2025-07-01,17,22.0
수원시 영통구,2025-07-02,11,20.785714285714285
수원시 영통구,2025-07-03,9,19.642857142857142
수원시 영통구,2025-07-04,16,17.857142857142858
수원시 영통구,2025-07-05,39,13.642857142857142
수원시 영통구,2025-07-06,3,12.928571428571429
수원시 영통구,2025-07-07,6,13.214285714285714
수원시 영통구,2025-07-08,9,12.571428571428571
수원시 영통구,2025-07-09,14,12.428571428571429
수원시 영통구,2025-07-10,15,12.857142857142858
수원시 영통구,2025-07-11,17,13.5
수원시 영통구,2025-07-12,6,14.571428571428571
수원시 영통구,2025-07-14,7,11.857142857142858
수원시 영통구,2025-07-15,7,12.142857142857142
수원시 영통구,2025-07-16,15,12.285714285714286
수원시 영통구,2025-07-17,17,12.142857142857142
수원시 영통구,2025-07-18,18,11.857142857142858
수원시 영통구,2025-07-19,31,11.714285714285714
수원시 영통구,2025-07-20,1,11.214285714285714
수원시 영통구,2025-07-21,7,10.928571428571429
수원시 영통구,2025-07-22,8,11.142857142857142
수원시 영통구,2025-07-23,7,11.5
수원시 영통구,2025-07-24,10,11.214285714285714
수원시 영통구,2025-07-25,13,10.785714285714286
수원시 영통구,2025-07-26,10,9.857142857142858
수원시 영통구,2025-07-27,2,7.785714285714286
수원시 영통구,2025-07-28,10,7.857142857142857
수원시 영통구,2025-07-29,12,8.214285714285714
수원시 영통구,2025-07-30,11,8.285714285714286
수원시 영통구,2025-07-31,11,8.857142857142858
수원시 영통구,2025-08-01,5,8.357142857142858
수원시 영통구,2025-08-02,2,7.5
수원시 영통구,2025-08-05,2,7.5
수원시 영통구,2025-08-06,12,8.0
수원시 영통구,2025-08-07,9,7.928571428571429
수원시 영통구,2025-08-08,15,7.571428571428571
수원시 영통구,2025-08-09,3,7.785714285714286
수원시 영통구,2025-08-10,1,7.642857142857143
수원시 영통구,2025-08-11,10,7.357142857142857
수원시 영통구,2025-08-12,9,7.642857142857143
수원시 영통구,2025-08-13,9,8.5
수원시 영통구,2025-08-14,7,9.357142857142858
수원시 영통구,2025-08-15,14,10.142857142857142
수원시 영통구,2025-08-16,9,10.642857142857142
수원시 영통구,2025-08-17,1,11.714285714285714
수원시 영통구,2025-08-18,6,11.928571428571429
수원시 영통구,2025-08-19,14,12.214285714285714
수원시 영통구,2025-08-20,24,12.857142857142858
수원시 영통구,2025-08-21,20,13.714285714285714
수원시 영통구,2025-08-22,22,14.214285714285714
수원시 영통구,2025-08-23,18,14.857142857142858
수원시 영통구,2025-08-24,4,16.642857142857142
수원시 영통구,2025-08-25,14,16.785714285714285
수원시 영통구,2025-08-26,18,17.142857142857142
수원시 영통구,2025-08-27,21,17.214285714285715
수원시 영통구,2025-08-28,14,16.428571428571427
수원시 영통구,2025-08-29,23,16.214285714285715
수원시 영통구,2025-08-30,34,15.785714285714286
수원시 영통구,2025-08-31,3,17.071428571428573
수원시 영통구,2025-09-01,11,17.0
수원시 영통구,2025-09-02,15,17.214285714285715
수원시 영통구,2025-09-03,13,16.928571428571427
수원시 영통구,2025-09-04,17,16.928571428571427
수원시 영통구,2025-09-05,16,17.428571428571427
수원시 영통구,2025-09-06,36,17.714285714285715
수원시 영통구,2025-09-07,3,16.642857142857142
수원시 영통구,2025-09-08,17,16.785714285714285
수원시 영통구,2025-09-09,14,16.785714285714285
수원시 영통구,2025-09-10,21,17.642857142857142
수원시 영통구,2025-09-11,21,18.214285714285715
수원시 영통구,2025-09-12,27,18.571428571428573
수원시 영통구,2025-09-13,19,18.928571428571427
수원시 영통구,2025-09-14,5,20.214285714285715
수원시 영통구,2025-09-15,11,20.428571428571427
수원시 영통구,2025-09-16,27,20.428571428571427
수원시 영통구,2025-09-17,21,21.142857142857142
수원시 영통구,2025-09-18,22,21.642857142857142
수원시 영통구,2025-09-19,21,22.571428571428573
수원시 영통구,2025-09-20,54,23.714285714285715
수원시 영통구,2025-09-21,6,24.571428571428573
수원시 영통구,2025-09-22,17,24.857142857142858
수원시 영통구,2025-09-23,24,25.428571428571427
수원시 영통구,2025-09-24,28,26.714285714285715
수원시 영통구,2025-09-25,34,27.571428571428573
수원시 영통구,2025-09-26,43,29.0
수원시 영통구,2025-09-27,31,30.5
수원시 영통구,2025-09-28,9,28.357142857142858
수원시 영통구,2025-09-29,19,28.071428571428573
수원시 영통구,2025-09-30,45,26.928571428571427
수원시 영통구,2025-10-01,33,25.285714285714285
수원시 영통구,2025-10-02,42,23.357142857142858
수원시 영통구,2025-10-03,42,21.214285714285715
수원시 영통구,2025-10-04,24,19.285714285714285
수원시 영통구,2025-10-05,2,19.5
수원시 영통구,2025-10-06,1,19.357142857142858
수원시 영통구,2025-10-07,1,20.285714285714285
수원시 영통구,2025-10-08,1,21.357142857142858
수원시 영통구,2025-10-09,4,31.571428571428573
수원시 영통구,2025-10-10,16,29.571428571428573
수원시 영통구,2025-10-11,34,30.214285714285715
수원시 영통구,2025-10-12,7,36.714285714285715
수원시 영통구,2025-10-13,32,38.714285714285715
수원시 영통구,2025-10-14,60,38.785714285714285
수원시 영통구,2025-10-15,176,38.857142857142854
수원시 영통구,2025-10-16,14,38.857142857142854
수원시 영통구,2025-10-17,51,38.857142857142854
수원시 영통구,2025-10-18,115,38.142857142857146
수원시 영통구,2025-10-19,30,36.07142857142857
수원시 영통구,2025-10-20,2,36.0
수원시 영통구,2025-10-23,2,33.785714285714285
수원시 영통구,2025-10-27,1,29.785714285714285
수원시 영통구,2025-10-29,4,17.714285714285715
수원시 영통구,2025-10-30,6,17.214285714285715
수원시 영통구,2025-10-31,5,14.571428571428571
수원시 영통구,2025-11-01,6,7.214285714285714
수원시 영통구,2025-11-02,1,5.428571428571429
수원시 영통구,2025-11-03,4,5.428571428571429
수원시 영통구,2025-11-04,7,5.5
수원시 영통구,2025-11-05,7,6.214285714285714
수원시 영통구,2025-11-06,14,7.0
수원시 영통구,2025-11-07,12,8.0
수원시 영통구,2025-11-08,5,9.428571428571429
수원시 영통구,2025-11-09,2,10.0
수원시 영통구,2025-11-10,3,10.0
수원시 영통구,2025-11-11,11,10.714285714285714
수원시 영통구,2025-11-12,15,11.142857142857142
수원시 영통구,2025-11-13,20,12.0
수원시 영통구,2025-11-14,25,12.357142857142858
수원시 영통구,2025-11-15,14,13.142857142857142
수원시 영통구,2025-11-16,1,13.285714285714286
수원시 영통구,2025-11-17,14,13.214285714285714
수원시 영통구,2025-11-18,13,14.428571428571429
수원시 영통구,2025-11-19,19,15.428571428571429
수원시 영통구,2025-11-20,19,15.285714285714286
수원시 영통구,2025-11-21,23,14.714285714285714
수원시 영통구,2025-11-22,7,14.0
수원시 영통구,2025-11-23,1,14.285714285714286
수원시 영통구,2025-11-24,20,14.785714285714286
수원시 영통구,2025-11-25,25,15.285714285714286
수원시 영통구,2025-11-26,13,15.428571428571429
수원시 영통구,2025-11-27,12,15.0
수원시 영통구,2025-11-28,15,14.928571428571429
수원시 영통구,2025-11-29,18,14.785714285714286
수원시 영통구,2025-12-01,8,15.357142857142858
수원시 영통구,2025-12-02,21,15.714285714285714
수원시 영통구,2025-12-03,15,15.571428571428571
수원시 영통구,2025-12-04,13,14.928571428571429
수원시 영통구,2025-12-05,18,15.285714285714286
수원시 영통구,2025-12-06,21,15.0
수원시 영통구,2025-12-08,15,14.142857142857142
수원시 영통구,2025-12-09,6,13.428571428571429
수원시 영통구,2025-12-10,18,14.142857142857142
수원시 영통구,2025-12-11,16,13.785714285714286
수원시 영통구,2025-12-12,18,13.571428571428571
수원시 영통구,2025-12-13,8,14.5
수원시 영통구,2025-12-14,3,15.357142857142858
수원시 영통구,2025-12-15,8,14.785714285714286
수원시 영통구,2025-12-16,18,14.571428571428571
수원시 영통구,2025-12-17,16,15.071428571428571
수원시 영통구,2025-12-18,12,14.285714285714286
수원시 영통구,2025-12-19,26,14.214285714285714
수원시 영통구,2025-12-20,30,13.142857142857142
수원시 영통구,2025-12-22,13,14.071428571428571
수원시 영통구,2025-12-23,12,15.0
수원시 영통구,2025-12-24,13,15.857142857142858
수원시 영통구,2025-12-25,7,16.0
수원시 영통구,2025-12-26,15,16.285714285714285
수원시 영통구,2025-12-27,3,15.5
수원시 영통구,2025-12-29,21,14.5
수원시 영통구,2025-12-30,16,13.428571428571429
수원시 영통구,2025-12-31,20,13.428571428571429
수원시 영통구,2026-01-02,20,13.5
수원시 영통구,2026-01-03,20,14.0
수원시 영통구,2026-01-04,1,14.357142857142858
수원시 영통구,2026-01-05,12,14.214285714285714
수원시 영통구,2026-01-06,15,15.214285714285714
수원시 영통구,2026-01-07,13,14.428571428571429
수원시 영통구,2026-01-08,13,14.428571428571429
수원시 영통구,2026-01-09,20,14.5
수원시 영통구,2026-01-10,12,14.571428571428571
수원시 영통구,2026-01-12,13,13.285714285714286
수원시 영통구,2026-01-13,17,13.857142857142858
수원시 영통구,2026-01-14,10,13.785714285714286
수원시 영통구,2026-01-15,16,13.071428571428571
수원시 영통구,2026-01-16,21,13.357142857142858
수원시 영통구,2026-01-17,21,13.0
수원시 영통구,2026-01-18,2,12.071428571428571
수원시 영통구,2026-01-19,9,11.357142857142858
수원시 영통구,2026-01-20,11,11.357142857142858
수원시 영통구,2026-01-21,5,12.0
수원시 영통구,2026-01-22,17,12.785714285714286
수원시 영통구,2026-01-23,8,13.071428571428571
수원시 영통구,2026-01-24,7,12.5
수원시 영통구,2026-01-25,2,12.571428571428571
수원시 영통구,2026-01-26,13,12.5
수원시 영통구,2026-01-27,26,12.714285714285714
수원시 영통구,2026-01-28,21,13.142857142857142
수원시 영통구,2026-01-29,20,14.285714285714286
수원시 영통구,2026-01-30,13,13.785714285714286
수원시 영통구,2026-01-31,22,14.857142857142858
수원시 영통구,2026-02-01,1,16.428571428571427
수원시 영통구,2026-02-02,12,16.428571428571427
수원시 영통구,2026-02-03,17,16.714285714285715
수원시 영통구,2026-02-04,21,16.428571428571427
수원시 영통구,2026-02-05,10,16.785714285714285
수원시 영통구,2026-02-06,23,16.642857142857142
수원시 영통구,2026-02-07,29,17.928571428571427
수원시 영통구,2026-02-08,2,17.285714285714285
수원시 영통구,2026-02-09,17,18.428571428571427
수원시 영통구,2026-02-10,22,20.0
수원시 영통구,2026-02-11,26,21.928571428571427
수원시 영통구,2026-02-12,18,20.571428571428573
수원시 영통구,2026-02-13,31,22.0
수원시 영통구,2026-02-14,13,22.285714285714285
수원시 영통구,2026-02-19,17,22.642857142857142
수원시 영통구,2026-02-20,34,24.285714285714285
수원시 영통구,2026-02-21,44,26.142857142857142
수원시 영통구,2026-02-22,2,25.642857142857142
수원시 영통구,2026-02-23,30,25.0
수원시 영통구,2026-02-24,27,25.5
수원시 영통구,2026-02-25,34,24.071428571428573
수원시 영통구,2026-02-26,25,24.5
수원시 영통구,2026-02-27,43,24.571428571428573
수원시 영통구,2026-02-28,15,24.214285714285715
수원시 영통구,2026-03-02,17,21.214285714285715
수원시 영통구,2026-03-03,25,22.714285714285715
수원시 영통구,2026-03-04,11,21.571428571428573
수원시 영통구,2026-03-05,19,21.571428571428573
수원시 영통구,2026-03-06,18,20.785714285714285
수원시 영통구,2026-03-07,29,21.071428571428573
수원시 영통구,2026-03-08,2,19.428571428571427
수원시 영통구,2026-03-09,23,18.571428571428573
수원시 영통구,2026-03-10,14,18.428571428571427
수원시 영통구,2026-03-11,27,17.785714285714285
수원시 영통구,2026-03-12,23,18.428571428571427
수원시 영통구,2026-03-13,29,18.714285714285715
수원시 영통구,2026-03-14,20,19.857142857142858
수원시 영통구,2026-03-15,3,20.071428571428573
수원시 영통구,2026-03-16,15,20.0
수원시 영통구,2026-03-17,16,19.5
수원시 영통구,2026-03-18,20,20.428571428571427
수원시 영통구,2026-03-19,23,19.785714285714285
수원시 영통구,2026-03-20,34,19.785714285714285
수원시 영통구,2026-03-21,32,19.0
수원시 영통구,2026-03-22,1,18.142857142857142
수원시 영통구,2026-03-23,16,18.0
수원시 영통구,2026-03-24,27,18.5
수원시 영통구,2026-03-25,18,19.5
수원시 영통구,2026-03-26,23,19.785714285714285
수원시 영통구,2026-03-27,18,19.785714285714285
수원시 영통구,2026-03-28,8,20.0
수원시 영통구,2026-03-29,1,21.142857142857142
수원시 영통구,2026-03-30,22,23.571428571428573
수원시 영통구,2026-03-31,30,24.285714285714285
수원시 영통구,2026-04-01,24,24.285714285714285
수원시 영통구,2026-04-02,23,24.5
수원시 영통구,2026-04-03,37,26.214285714285715
수원시 영통구,2026-04-04,48,25.857142857142858
수원시 영통구,2026-04-06,35,25.357142857142858
수원시 영통구,2026-04-07,26,27.071428571428573
수원시 영통구,2026-04-08,27,27.642857142857142
수원시 영통구,2026-04-09,21,27.46153846153846
수원시 영통구,2026-04-10,47,27.75
수원시 영통구,2026-04-11,13,28.181818181818183
수원시 영통구,2026-04-12,1,27.3
수원시 영통구,2026-04-13,25,25.0
수원시 영통구,2026-04-14,30,23.75
수원시 장안구,2025-04-15,7,8.0
수원시 장안구,2025-04-16,7,8.0
수원시 장안구,2025-04-17,7,7.222222222222222
수원시 장안구,2025-04-18,9,7.1
수원시 장안구,2025-04-19,14,7.545454545454546
수원시 장안구,2025-04-20,4,7.75
수원시 장안구,2025-04-21,8,7.230769230769231
수원시 장안구,2025-04-22,8,7.428571428571429
수원시 장안구,2025-04-23,1,7.428571428571429
수원시 장안구,2025-04-24,6,7.285714285714286
수원시 장안구,2025-04-25,12,7.357142857142857
수원시 장안구,2025-04-26,10,7.0
수원시 장안구,2025-04-27,1,6.785714285714286
수원시 장안구,2025-04-28,10,6.642857142857143
수원시 장안구,2025-04-29,7,6.357142857142857
수원시 장안구,2025-04-30,5,6.357142857142857
수원시 장안구,2025-05-01,8,6.428571428571429
수원시 장안구,2025-05-02,4,6.642857142857143
수원시 장안구,2025-05-03,11,6.428571428571429
수원시 장안구,2025-05-04,2,6.142857142857143
수원시 장안구,2025-05-05,4,6.214285714285714
수원시 장안구,2025-05-06,8,5.785714285714286
수원시 장안구,2025-05-07,2,5.928571428571429
수원시 장안구,2025-05-08,9,6.428571428571429
수원시 장안구,2025-05-09,9,6.357142857142857
수원시 장안구,2025-05-10,6,6.571428571428571
수원시 장안구,2025-05-11,2,7.285714285714286
수원시 장안구,2025-05-12,4,7.357142857142857
수원시 장안구,2025-05-13,9,7.357142857142857
수원시 장안구,2025-05-14,12,7.428571428571429
수원시 장안구,2025-05-15,7,7.714285714285714
수원시 장안구,2025-05-16,7,7.571428571428571
수원시 장안구,2025-05-17,21,7.571428571428571
수원시 장안구,2025-05-18,3,7.571428571428571
수원시 장안구,2025-05-19,4,7.571428571428571
수원시 장안구,2025-05-20,9,7.571428571428571
수원시 장안구,2025-05-21,6,7.5
수원시 장안구,2025-05-22,7,7.428571428571429
수원시 장안구,2025-05-23,9,7.5
수원시 장안구,2025-05-24,6,7.928571428571429
수원시 장안구,2025-05-25,2,7.428571428571429
수원시 장안구,2025-05-26,4,7.642857142857143
수원시 장안구,2025-05-27,8,7.571428571428571
수원시 장안구,2025-05-28,11,8.0
수원시 장안구,2025-05-29,8,8.071428571428571
수원시 장안구,2025-05-30,13,8.285714285714286
수원시 장안구,2025-05-31,14,9.071428571428571
수원시 장안구,2025-06-01,6,10.071428571428571
수원시 장안구,2025-06-02,3,10.071428571428571
수원시 장안구,2025-06-03,15,10.428571428571429
수원시 장안구,2025-06-04,7,10.5
수원시 장안구,2025-06-05,10,10.428571428571429
수원시 장안구,2025-06-06,20,10.357142857142858
수원시 장안구,2025-06-07,20,10.642857142857142
수원시 장안구,2025-06-08,2,10.714285714285714
수원시 장안구,2025-06-09,9,10.571428571428571
수원시 장안구,2025-06-10,9,11.5
수원시 장안구,2025-06-11,10,11.0
수원시 장안구,2025-06-12,7,11.5
수원시 장안구,2025-06-13,17,11.714285714285714
수원시 장안구,2025-06-14,15,11.071428571428571
수원시 장안구,2025-06-15,4,12.071428571428571
수원시 장안구,2025-06-16,16,12.357142857142858
수원시 장안구,2025-06-17,8,12.642857142857142
수원시 장안구,2025-06-18,14,12.714285714285714
수원시 장안구,2025-06-19,13,12.5
수원시 장안구,2025-06-20,11,13.0
수원시 장안구,2025-06-21,34,13.571428571428571
수원시 장안구,2025-06-22,6,12.785714285714286
수원시 장안구,2025-06-23,13,12.642857142857142
수원시 장안구,2025-06-24,10,11.785714285714286
수원시 장안구,2025-06-25,7,11.428571428571429
수원시 장안구,2025-06-26,14,10.642857142857142
수원시 장안구,2025-06-27,25,10.214285714285714
수원시 장안구,2025-06-28,4,9.571428571428571
수원시 장안구,2025-06-29,2,7.928571428571429
수원시 장안구,2025-06-30,4,7.642857142857143
수원시 장안구,2025-07-01,3,7.214285714285714
수원시 장안구,2025-07-02,3,6.857142857142857
수원시 장안구,2025-07-03,7,6.857142857142857
수원시 장안구,2025-07-04,2,6.357142857142857
수원시 장안구,2025-07-05,11,5.5
수원시 장안구,2025-07-06,2,5.428571428571429
수원시 장안구,2025-07-07,7,5.642857142857143
수원시 장안구,2025-07-08,5,5.714285714285714
수원시 장안구,2025-07-09,7,5.785714285714286
수원시 장안구,2025-07-10,7,5.928571428571429
수원시 장안구,2025-07-11,13,5.642857142857143
수원시 장안구,2025-07-12,3,6.071428571428571
수원시 장안구,2025-07-14,5,5.428571428571429
수원시 장안구,2025-07-15,5,5.714285714285714
수원시 장안구,2025-07-16,4,5.571428571428571
수원시 장안구,2025-07-17,5,5.714285714285714
수원시 장안구,2025-07-18,3,5.714285714285714
수원시 장안구,2025-07-19,8,5.857142857142857
수원시 장안구,2025-07-20,2,5.285714285714286
수원시 장안구,2025-07-21,6,5.642857142857143
수원시 장안구,2025-07-22,5,5.5
수원시 장안구,2025-07-23,7,5.285714285714286
수원시 장안구,2025-07-24,7,5.142857142857143
수원시 장안구,2025-07-25,9,4.928571428571429
수원시 장안구,2025-07-26,5,4.857142857142857
수원시 장안구,2025-07-28,8,4.642857142857143
수원시 장안구,2025-07-29,3,4.785714285714286
수원시 장안구,2025-07-30,2,4.642857142857143
수원시 장안구,2025-08-01,2,4.714285714285714
수원시 장안구,2025-08-02,2,4.571428571428571
수원시 장안구,2025-08-03,2,4.571428571428571
수원시 장안구,2025-08-04,5,4.214285714285714
수원시 장안구,2025-08-05,4,4.214285714285714
수원시 장안구,2025-08-06,4,3.857142857142857
수원시 장안구,2025-08-07,6,3.9285714285714284
수원시 장안구,2025-08-08,5,4.285714285714286
수원시 장안구,2025-08-09,7,4.5
수원시 장안구,2025-08-10,4,4.928571428571429
수원시 장안구,2025-08-11,5,5.0
수원시 장안구,2025-08-12,3,5.428571428571429
수원시 장안구,2025-08-13,4,5.428571428571429
수원시 장안구,2025-08-14,7,5.571428571428571
수원시 장안구,2025-08-15,5,5.428571428571429
수원시 장안구,2025-08-16,8,5.571428571428571
수원시 장안구,2025-08-17,3,5.571428571428571
수원시 장안구,2025-08-18,11,5.5
수원시 장안구,2025-08-19,4,5.642857142857143
수원시 장안구,2025-08-20,6,5.857142857142857
수원시 장안구,2025-08-21,4,6.0
수원시 장안구,2025-08-22,7,6.142857142857143
수원시 장안구,2025-08-23,7,6.857142857142857
수원시 장안구,2025-08-25,3,6.357142857142857
수원시 장안구,2025-08-26,7,6.571428571428571
수원시 장안구,2025-08-27,6,6.0
수원시 장안구,2025-08-28,6,6.0
수원시 장안구,2025-08-29,9,5.714285714285714
수원시 장안구,2025-08-30,15,6.214285714285714
수원시 장안구,2025-08-31,1,6.928571428571429
수원시 장안구,2025-09-01,6,6.571428571428571
수원시 장안구,2025-09-02,3,6.785714285714286
수원시 장안구,2025-09-03,4,6.571428571428571
수원시 장안구,2025-09-04,2,6.785714285714286
수원시 장안구,2025-09-05,11,6.642857142857143
수원시 장안구,2025-09-06,17,6.714285714285714
수원시 장안구,2025-09-07,2,6.285714285714286
수원시 장안구,2025-09-08,6,6.5
수원시 장안구,2025-09-09,4,6.714285714285714
수원시 장안구,2025-09-10,9,6.714285714285714
수원시 장안구,2025-09-11,4,6.785714285714286
수원시 장안구,2025-09-12,10,7.142857142857143
수원시 장안구,2025-09-13,9,6.857142857142857
수원시 장안구,2025-09-14,4,7.071428571428571
수원시 장안구,2025-09-15,9,7.142857142857143
수원시 장안구,2025-09-16,3,7.142857142857143
수원시 장안구,2025-09-17,5,7.642857142857143
수원시 장안구,2025-09-18,7,7.428571428571429
수원시 장안구,2025-09-19,7,7.571428571428571
수원시 장안구,2025-09-20,20,7.285714285714286
수원시 장안구,2025-09-21,3,7.5
수원시 장안구,2025-09-22,6,7.714285714285714
수원시 장안구,2025-09-23,11,7.714285714285714
수원시 장안구,2025-09-24,6,8.714285714285714
수원시 장안구,2025-09-25,6,9.214285714285714
수원시 장안구,2025-09-26,6,9.285714285714286
수원시 장안구,2025-09-27,12,9.142857142857142
수원시 장안구,2025-09-29,7,7.785714285714286
수원시 장안구,2025-09-30,9,7.928571428571429
수원시 장안구,2025-10-01,17,8.571428571428571
수원시 장안구,2025-10-02,12,8.357142857142858
수원시 장안구,2025-10-03,8,8.0
수원시 장안구,2025-10-04,5,8.428571428571429
수원시 장안구,2025-10-07,1,9.142857142857142
수원시 장안구,2025-10-09,5,12.5
수원시 장안구,2025-10-10,15,12.357142857142858
수원시 장안구,2025-10-11,8,12.428571428571429
수원시 장안구,2025-10-12,1,12.785714285714286
수원시 장안구,2025-10-13,12,12.5
수원시 장안구,2025-10-14,16,12.0
수원시 장안구,2025-10-15,59,11.714285714285714
수원시 장안구,2025-10-16,5,11.714285714285714
수원시 장안구,2025-10-17,10,11.5
수원시 장안구,2025-10-18,22,10.5
수원시 장안구,2025-10-19,8,10.214285714285714
수원시 장안구,2025-10-27,1,10.214285714285714
수원시 장안구,2025-10-30,1,9.5
수원시 장안구,2025-10-31,1,8.5
수원시 장안구,2025-11-03,2,4.571428571428571
수원시 장안구,2025-11-06,1,4.714285714285714
수원시 장안구,2025-11-07,4,4.071428571428571
수원시 장안구,2025-11-08,1,3.0
수원시 장안구,2025-11-10,2,2.5
수원시 장안구,2025-11-11,2,2.642857142857143
수원시 장안구,2025-11-12,4,3.142857142857143
수원시 장안구,2025-11-13,7,3.2857142857142856
수원시 장안구,2025-11-14,1,3.642857142857143
수원시 장안구,2025-11-15,7,3.9285714285714284
수원시 장안구,2025-11-17,1,3.7142857142857144
수원시 장안구,2025-11-18,3,4.071428571428571
수원시 장안구,2025-11-19,8,4.357142857142857
수원시 장안구,2025-11-20,3,4.857142857142857
수원시 장안구,2025-11-21,7,4.857142857142857
수원시 장안구,2025-11-22,5,4.642857142857143
수원시 장안구,2025-11-23,1,5.857142857142857
수원시 장안구,2025-11-24,6,5.5
수원시 장안구,2025-11-25,6,5.714285714285714
수원시 장안구,2025-11-26,9,5.714285714285714
수원시 장안구,2025-11-27,4,5.714285714285714
수원시 장안구,2025-11-28,4,5.642857142857143
수원시 장안구,2025-11-29,18,5.571428571428571
수원시 장안구,2025-11-30,2,5.928571428571429
수원시 장안구,2025-12-01,4,6.0
수원시 장안구,2025-12-02,3,5.785714285714286
수원시 장안구,2025-12-03,8,5.928571428571429
수원시 장안구,2025-12-04,2,5.642857142857143
수원시 장안구,2025-12-05,6,5.928571428571429
수원시 장안구,2025-12-06,10,6.071428571428571
수원시 장안구,2025-12-07,2,5.0
수원시 장안구,2025-12-08,3,4.928571428571429
수원시 장안구,2025-12-09,8,5.428571428571429
수원시 장안구,2025-12-10,5,6.0
수원시 장안구,2025-12-11,8,6.071428571428571
수원시 장안구,2025-12-12,6,6.785714285714286
수원시 장안구,2025-12-13,3,7.285714285714286
수원시 장안구,2025-12-14,1,8.071428571428571
수원시 장안구,2025-12-15,11,8.0
수원시 장안구,2025-12-16,11,8.5
수원시 장안구,2025-12-17,9,8.285714285714286
수원시 장안구,2025-12-18,12,8.142857142857142
수원시 장안구,2025-12-19,13,7.714285714285714
수원시 장안구,2025-12-20,21,7.642857142857143
수원시 장안구,2025-12-21,1,7.642857142857143
수원시 장안구,2025-12-22,10,7.642857142857143
수원시 장안구,2025-12-23,5,7.285714285714286
수원시 장안구,2025-12-24,3,6.714285714285714
수원시 장안구,2025-12-25,2,6.214285714285714
수원시 장안구,2025-12-26,5,5.5
수원시 장안구,2025-12-27,3,5.0
수원시 장안구,2025-12-28,1,3.9285714285714284
수원시 장안구,2025-12-29,6,4.214285714285714
수원시 장안구,2025-12-30,3,3.857142857142857
수원시 장안구,2025-12-31,2,3.857142857142857
수원시 장안구,2026-01-01,2,4.071428571428571
수원시 장안구,2026-01-02,6,4.571428571428571
수원시 장안구,2026-01-03,6,4.928571428571429
수원시 장안구,2026-01-05,5,4.785714285714286
수원시 장안구,2026-01-06,5,5.0
수원시 장안구,2026-01-07,5,4.714285714285714
수원시 장안구,2026-01-08,6,4.714285714285714
수원시 장안구,2026-01-09,9,4.714285714285714
수원시 장안구,2026-01-10,10,4.714285714285714
수원시 장안구,2026-01-11,1,4.928571428571429
수원시 장안구,2026-01-12,4,4.571428571428571
수원시 장안구,2026-01-13,2,4.5
수원시 장안구,2026-01-14,3,4.5
수원시 장안구,2026-01-15,2,5.071428571428571
수원시 장안구,2026-01-16,2,5.357142857142857
수원시 장안구,2026-01-17,9,5.714285714285714
수원시 장안구,2026-01-18,1,5.571428571428571
수원시 장안구,2026-01-19,4,5.857142857142857
수원시 장안구,2026-01-20,5,6.071428571428571
수원시 장안구,2026-01-21,13,6.571428571428571
수원시 장안구,2026-01-22,10,6.928571428571429
수원시 장안구,2026-01-23,14,7.428571428571429
수원시 장안구,2026-01-24,8,8.0
수원시 장안구,2026-01-26,5,7.428571428571429
수원시 장안구,2026-01-27,7,8.071428571428571
수원시 장안구,2026-01-28,9,8.0
수원시 장안구,2026-01-29,8,8.642857142857142
수원시 장안구,2026-01-30,9,8.285714285714286
수원시 장안구,2026-01-31,10,8.571428571428571
수원시 장안구,2026-02-01,1,8.642857142857142
수원시 장안구,2026-02-02,10,8.785714285714286
수원시 장안구,2026-02-03,3,9.0
수원시 장안구,2026-02-04,14,9.571428571428571
수원시 장안구,2026-02-05,8,10.714285714285714
수원시 장안구,2026-02-06,14,11.571428571428571
수원시 장안구,2026-02-07,15,11.428571428571429
수원시 장안구,2026-02-09,10,10.785714285714286
수원시 장안구,2026-02-10,8,11.142857142857142
수원시 장안구,2026-02-11,15,11.214285714285714
수원시 장안구,2026-02-12,25,12.071428571428571
수원시 장안구,2026-02-13,20,11.214285714285714
수원시 장안구,2026-02-14,7,11.642857142857142
수원시 장안구,2026-02-18,1,11.5
수원시 장안구,2026-02-19,6,11.571428571428571
수원시 장안구,2026-02-20,11,11.428571428571429
수원시 장안구,2026-02-21,15,11.928571428571429
수원시 장안구,2026-02-22,2,11.714285714285714
수원시 장안구,2026-02-23,14,10.642857142857142
수원시 장안구,2026-02-24,12,9.5
수원시 장안구,2026-02-25,16,9.357142857142858
수원시 장안구,2026-02-26,8,9.785714285714286
수원시 장안구,2026-02-27,15,10.357142857142858
수원시 장안구,2026-02-28,12,11.071428571428571
수원시 장안구,2026-03-02,10,10.071428571428571
수원시 장안구,2026-03-03,4,10.571428571428571
수원시 장안구,2026-03-04,5,10.214285714285714
수원시 장안구,2026-03-05,7,10.357142857142858
수원시 장안구,2026-03-06,14,10.142857142857142
수원시 장안구,2026-03-07,21,10.714285714285714
수원시 장안구,2026-03-08,1,10.214285714285714
수원시 장안구,2026-03-09,9,9.5
수원시 장안구,2026-03-10,9,9.285714285714286
수원시 장안구,2026-03-11,14,9.214285714285714
수원시 장안구,2026-03-12,13,9.0
수원시 장안구,2026-03-13,16,8.714285714285714
수원시 장안구,2026-03-14,8,8.785714285714286
수원시 장안구,2026-03-15,2,8.571428571428571
수원시 장안구,2026-03-16,7,8.571428571428571
수원시 장안구,2026-03-17,3,8.285714285714286
수원시 장안구,2026-03-18,2,8.142857142857142
수원시 장안구,2026-03-19,3,7.5
수원시 장안구,2026-03-20,15,7.214285714285714
수원시 장안구,2026-03-21,18,6.928571428571429
수원시 장안구,2026-03-22,1,7.142857142857143
수원시 장안구,2026-03-23,5,7.214285714285714
수원시 장안구,2026-03-24,7,7.642857142857143
수원시 장안구,2026-03-25,5,7.785714285714286
수원시 장안구,2026-03-26,9,8.071428571428571
수원시 장안구,2026-03-27,12,8.714285714285714
수원시 장안구,2026-03-28,11,8.071428571428571
수원시 장안구,2026-03-29,3,8.285714285714286
수원시 장안구,2026-03-30,13,8.357142857142858
수원시 장안구,2026-03-31,5,8.714285714285714
수원시 장안구,2026-04-01,6,9.142857142857142
수원시 장안구,2026-04-02,12,9.285714285714286
수원시 장안구,2026-04-03,6,10.071428571428571
수원시 장안구,2026-04-04,21,10.214285714285714
수원시 장안구,2026-04-05,2,10.142857142857142
수원시 장안구,2026-04-06,10,10.142857142857142
수원시 장안구,2026-04-07,13,10.857142857142858
수원시 장안구,2026-04-08,7,11.5
수원시 장안구,2026-04-09,20,11.923076923076923
수원시 장안구,2026-04-10,14,11.916666666666666
수원시 장안구,2026-04-11,10,12.454545454545455
수원시 장안구,2026-04-12,3,11.6
수원시 장안구,2026-04-13,23,12.666666666666666
수원시 장안구,2026-04-14,14,13.0
수원시 팔달구,2025-04-15,2,5.142857142857143
수원시 팔달구,2025-04-16,6,5.0
수원시 팔달구,2025-04-17,2,5.0
수원시 팔달구,2025-04-18,6,4.8
수원시 팔달구,2025-04-19,12,5.090909090909091
수원시 팔달구,2025-04-20,2,5.25
수원시 팔달구,2025-04-21,6,4.923076923076923
수원시 팔달구,2025-04-22,4,4.928571428571429
수원시 팔달구,2025-04-23,5,5.285714285714286
수원시 팔달구,2025-04-24,3,5.142857142857143
수원시 팔달구,2025-04-25,8,5.571428571428571
수원시 팔달구,2025-04-26,7,5.357142857142857
수원시 팔달구,2025-04-27,1,4.928571428571429
수원시 팔달구,2025-04-28,5,4.857142857142857
수원시 팔달구,2025-04-29,7,4.714285714285714
수원시 팔달구,2025-04-30,4,5.0
수원시 팔달구,2025-05-01,8,5.0
수원시 팔달구,2025-05-02,3,5.0
수원시 팔달구,2025-05-03,6,5.071428571428571
수원시 팔달구,2025-05-05,1,4.714285714285714
수원시 팔달구,2025-05-06,4,5.0
수원시 팔달구,2025-05-07,8,4.928571428571429
수원시 팔달구,2025-05-08,5,4.714285714285714
수원시 팔달구,2025-05-09,3,4.571428571428571
수원시 팔달구,2025-05-10,9,4.285714285714286
수원시 팔달구,2025-05-11,2,5.0
수원시 팔달구,2025-05-12,5,4.857142857142857
수원시 팔달구,2025-05-13,4,5.357142857142857
수원시 팔달구,2025-05-14,4,5.571428571428571
수원시 팔달구,2025-05-15,2,5.357142857142857
수원시 팔달구,2025-05-16,4,5.428571428571429
수원시 팔달구,2025-05-17,13,5.785714285714286
수원시 팔달구,2025-05-19,4,5.5
수원시 팔달구,2025-05-20,8,5.785714285714286
수원시 팔달구,2025-05-21,7,5.714285714285714
수원시 팔달구,2025-05-22,5,5.642857142857143
수원시 팔달구,2025-05-23,6,5.571428571428571
수원시 팔달구,2025-05-24,8,6.642857142857143
수원시 팔달구,2025-05-26,5,6.785714285714286
수원시 팔달구,2025-05-27,6,6.642857142857143
수원시 팔달구,2025-05-28,4,6.857142857142857
수원시 팔달구,2025-05-29,3,6.642857142857143
수원시 팔달구,2025-05-30,3,6.5
수원시 팔달구,2025-05-31,17,6.928571428571429
수원시 팔달구,2025-06-02,6,6.642857142857143
수원시 팔달구,2025-06-03,11,6.428571428571429
수원시 팔달구,2025-06-04,7,6.428571428571429
수원시 팔달구,2025-06-05,5,6.571428571428571
수원시 팔달구,2025-06-06,5,6.857142857142857
수원시 팔달구,2025-06-07,11,7.285714285714286
수원시 팔달구,2025-06-08,2,7.714285714285714
수원시 팔달구,2025-06-09,5,6.714285714285714
수원시 팔달구,2025-06-10,5,7.142857142857143
수원시 팔달구,2025-06-11,8,7.428571428571429
수원시 팔달구,2025-06-12,8,7.285714285714286
수원시 팔달구,2025-06-13,9,7.428571428571429
수원시 팔달구,2025-06-14,9,7.571428571428571
수원시 팔달구,2025-06-15,3,7.928571428571429
수원시 팔달구,2025-06-16,12,8.142857142857142
수원시 팔달구,2025-06-17,15,8.571428571428571
수원시 팔달구,2025-06-18,5,9.0
수원시 팔달구,2025-06-19,7,9.285714285714286
수원시 팔달구,2025-06-20,7,9.285714285714286
수원시 팔달구,2025-06-21,16,10.714285714285714
수원시 팔달구,2025-06-22,5,10.857142857142858
수원시 팔달구,2025-06-23,11,10.785714285714286
수원시 팔달구,2025-06-24,11,10.571428571428571
수원시 팔달구,2025-06-25,12,9.928571428571429
수원시 팔달구,2025-06-26,8,10.0
수원시 팔달구,2025-06-27,29,10.142857142857142
수원시 팔달구,2025-06-28,11,10.0
수원시 팔달구,2025-06-29,2,10.0
수원시 팔달구,2025-06-30,9,9.785714285714286
수원시 팔달구,2025-07-01,6,9.214285714285714
수원시 팔달구,2025-07-02,6,8.714285714285714
수원시 팔달구,2025-07-03,9,8.071428571428571
수원시 팔달구,2025-07-04,5,8.214285714285714
수원시 팔달구,2025-07-05,16,6.357142857142857
수원시 팔달구,2025-07-06,2,5.714285714285714
수원시 팔달구,2025-07-07,3,5.857142857142857
수원시 팔달구,2025-07-08,4,5.428571428571429
수원시 팔달구,2025-07-09,3,5.714285714285714
수원시 팔달구,2025-07-10,10,5.571428571428571
수원시 팔달구,2025-07-11,3,5.285714285714286
수원시 팔달구,2025-07-12,2,5.214285714285714
수원시 팔달구,2025-07-13,4,4.571428571428571
수원시 팔달구,2025-07-14,3,4.5
수원시 팔달구,2025-07-15,10,4.5
수원시 팔달구,2025-07-16,4,4.357142857142857
수원시 팔달구,2025-07-17,5,4.5
수원시 팔달구,2025-07-18,4,4.357142857142857
수원시 팔달구,2025-07-19,7,4.357142857142857
수원시 팔달구,2025-07-20,1,4.5
수원시 팔달구,2025-07-21,3,4.428571428571429
수원시 팔달구,2025-07-22,2,4.5
수원시 팔달구,2025-07-23,5,4.071428571428571
수원시 팔달구,2025-07-24,8,4.0
수원시 팔달구,2025-07-25,3,4.0
수원시 팔달구,2025-07-26,4,3.9285714285714284
수원시 팔달구,2025-07-27,3,3.5
수원시 팔달구,2025-07-28,4,3.5714285714285716
수원시 팔달구,2025-07-30,4,3.9285714285714284
수원시 팔달구,2025-07-31,3,4.0
수원시 팔달구,2025-08-01,5,4.0
수원시 팔달구,2025-08-02,3,3.7857142857142856
수원시 팔달구,2025-08-03,1,3.7142857142857144
수원시 팔달구,2025-08-04,2,3.9285714285714284
수원시 팔달구,2025-08-06,8,3.9285714285714284
수원시 팔달구,2025-08-07,3,3.9285714285714284
수원시 팔달구,2025-08-08,5,4.0
수원시 팔달구,2025-08-09,5,4.0
수원시 팔달구,2025-08-11,2,4.071428571428571
수원시 팔달구,2025-08-12,7,4.142857142857143
수원시 팔달구,2025-08-13,3,4.642857142857143
수원시 팔달구,2025-08-14,4,4.571428571428571
수원시 팔달구,2025-08-15,5,4.428571428571429
수원시 팔달구,2025-08-16,3,4.571428571428571
수원시 팔달구,2025-08-18,6,4.5
수원시 팔달구,2025-08-19,4,4.571428571428571
수원시 팔달구,2025-08-20,8,4.714285714285714
수원시 팔달구,2025-08-21,1,4.285714285714286
수원시 팔달구,2025-08-22,6,4.214285714285714
수원시 팔달구,2025-08-23,5,4.357142857142857
수원시 팔달구,2025-08-24,4,4.857142857142857
수원시 팔달구,2025-08-25,6,4.785714285714286
수원시 팔달구,2025-08-26,4,4.857142857142857
수원시 팔달구,2025-08-27,1,4.857142857142857
수원시 팔달구,2025-08-28,2,4.642857142857143
수원시 팔달구,2025-08-29,6,4.642857142857143
수원시 팔달구,2025-08-30,12,4.642857142857143
수원시 팔달구,2025-08-31,2,5.5
수원시 팔달구,2025-09-01,7,5.357142857142857
수원시 팔달구,2025-09-02,4,5.285714285714286
수원시 팔달구,2025-09-03,5,5.714285714285714
수원시 팔달구,2025-09-04,1,6.071428571428571
수원시 팔달구,2025-09-05,6,6.928571428571429
수원시 팔달구,2025-09-06,17,6.928571428571429
수원시 팔달구,2025-09-07,2,6.285714285714286
수원시 팔달구,2025-09-08,5,6.214285714285714
수원시 팔달구,2025-09-09,10,6.357142857142857
수원시 팔달구,2025-09-10,6,6.642857142857143
수원시 팔달구,2025-09-11,14,6.785714285714286
수원시 팔달구,2025-09-12,6,7.142857142857143
수원시 팔달구,2025-09-13,3,7.285714285714286
수원시 팔달구,2025-09-14,1,6.571428571428571
수원시 팔달구,2025-09-15,9,6.571428571428571
수원시 팔달구,2025-09-16,8,6.714285714285714
수원시 팔달구,2025-09-17,7,6.428571428571429
수원시 팔달구,2025-09-18,6,6.642857142857143
수원시 팔달구,2025-09-19,8,5.785714285714286
수원시 팔달구,2025-09-20,7,6.285714285714286
수원시 팔달구,2025-09-21,2,6.357142857142857
수원시 팔달구,2025-09-22,7,6.428571428571429
수원시 팔달구,2025-09-23,6,6.285714285714286
수원시 팔달구,2025-09-24,9,6.428571428571429
수원시 팔달구,2025-09-25,2,6.357142857142857
수원시 팔달구,2025-09-26,13,6.785714285714286
수원시 팔달구,2025-09-27,4,7.071428571428571
수원시 팔달구,2025-09-28,2,7.142857142857143
수원시 팔달구,2025-09-29,7,7.071428571428571
수원시 팔달구,2025-09-30,10,6.642857142857143
수원시 팔달구,2025-10-01,6,6.785714285714286
수원시 팔달구,2025-10-02,12,6.785714285714286
수원시 팔달구,2025-10-03,12,7.214285714285714
수원시 팔달구,2025-10-04,8,6.357142857142857
수원시 팔달구,2025-10-07,1,6.785714285714286
수원시 팔달구,2025-10-08,1,8.0
수원시 팔달구,2025-10-09,8,10.428571428571429
수원시 팔달구,2025-10-10,9,10.357142857142858
수원시 팔달구,2025-10-11,8,10.785714285714286
수원시 팔달구,2025-10-12,1,11.857142857142858
수원시 팔달구,2025-10-13,10,11.714285714285714
수원시 팔달구,2025-10-14,19,11.214285714285714
수원시 팔달구,2025-10-15,41,11.214285714285714
수원시 팔달구,2025-10-16,9,11.214285714285714
수원시 팔달구,2025-10-17,12,10.714285714285714
수원시 팔달구,2025-10-18,27,10.285714285714286
수원시 팔달구,2025-10-19,10,9.785714285714286
수원시 팔달구,2025-10-21,1,10.142857142857142
수원시 팔달구,2025-10-31,1,9.5
수원시 팔달구,2025-11-01,1,8.285714285714286
수원시 팔달구,2025-11-03,1,5.428571428571429
수원시 팔달구,2025-11-04,3,4.928571428571429
수원시 팔달구,2025-11-05,1,4.428571428571429
수원시 팔달구,2025-11-06,6,2.857142857142857
수원시 팔달구,2025-11-07,1,2.357142857142857
수원시 팔달구,2025-11-08,2,2.9285714285714284
수원시 팔달구,2025-11-09,1,3.2142857142857144
수원시 팔달구,2025-11-10,2,3.642857142857143
수원시 팔달구,2025-11-11,5,3.857142857142857
수원시 팔달구,2025-11-12,5,3.857142857142857
수원시 팔달구,2025-11-13,3,4.142857142857143
수원시 팔달구,2025-11-14,9,4.0
수원시 팔달구,2025-11-15,5,4.357142857142857
수원시 팔달구,2025-11-17,7,4.357142857142857
수원시 팔달구,2025-11-18,4,4.571428571428571
수원시 팔달구,2025-11-19,3,4.714285714285714
수원시 팔달구,2025-11-20,5,4.642857142857143
수원시 팔달구,2025-11-21,4,4.785714285714286
수원시 팔달구,2025-11-22,6,5.357142857142857
수원시 팔달구,2025-11-23,2,5.142857142857143
수원시 팔달구,2025-11-24,4,4.928571428571429
수원시 팔달구,2025-11-25,4,4.714285714285714
수원시 팔달구,2025-11-26,4,4.642857142857143
수원시 팔달구,2025-11-27,7,4.857142857142857
수원시 팔달구,2025-11-28,11,4.642857142857143
수원시 팔달구,2025-11-29,6,4.857142857142857
수원시 팔달구,2025-11-30,2,5.571428571428571
수원시 팔달구,2025-12-01,4,5.5
수원시 팔달구,2025-12-02,3,5.571428571428571
수원시 팔달구,2025-12-03,6,5.357142857142857
수원시 팔달구,2025-12-04,2,5.428571428571429
수원시 팔달구,2025-12-05,7,5.285714285714286
수원시 팔달구,2025-12-06,16,5.0
수원시 팔달구,2025-12-07,1,5.0
수원시 팔달구,2025-12-08,5,5.071428571428571
수원시 팔달구,2025-12-09,1,5.5
수원시 팔달구,2025-12-10,5,5.714285714285714
수원시 팔달구,2025-12-11,5,5.857142857142857
수원시 팔달구,2025-12-12,7,5.857142857142857
수원시 팔달구,2025-12-13,6,5.928571428571429
수원시 팔달구,2025-12-14,3,5.928571428571429
수원시 팔달구,2025-12-15,10,6.0
수원시 팔달구,2025-12-16,6,5.928571428571429
수원시 팔달구,2025-12-17,8,6.285714285714286
수원시 팔달구,2025-12-18,2,6.357142857142857
수원시 팔달구,2025-12-19,8,6.285714285714286
수원시 팔달구,2025-12-20,16,6.214285714285714
수원시 팔달구,2025-12-21,2,6.428571428571429
수원시 팔달구,2025-12-22,4,6.357142857142857
수원시 팔달구,2025-12-23,6,5.785714285714286
수원시 팔달구,2025-12-24,6,5.428571428571429
수원시 팔달구,2025-12-25,4,5.071428571428571
수원시 팔달구,2025-12-26,6,5.357142857142857
수원시 팔달구,2025-12-27,9,4.857142857142857
수원시 팔달구,2025-12-30,2,3.7857142857142856
수원시 팔달구,2025-12-31,2,3.9285714285714284
수원시 팔달구,2026-01-01,1,4.071428571428571
수원시 팔달구,2026-01-02,3,4.071428571428571
수원시 팔달구,2026-01-03,6,4.142857142857143
수원시 팔달구,2026-01-04,1,4.285714285714286
수원시 팔달구,2026-01-05,1,3.9285714285714284
수원시 팔달구,2026-01-06,4,3.7857142857142856
수원시 팔달구,2026-01-07,6,3.7857142857142856
수원시 팔달구,2026-01-08,6,4.0
수원시 팔달구,2026-01-09,7,4.571428571428571
수원시 팔달구,2026-01-10,6,4.714285714285714
수원시 팔달구,2026-01-11,1,5.0
수원시 팔달구,2026-01-12,7,5.142857142857143
수원시 팔달구,2026-01-13,2,5.428571428571429
수원시 팔달구,2026-01-14,5,5.428571428571429
수원시 팔달구,2026-01-15,9,5.642857142857143
수원시 팔달구,2026-01-16,5,6.214285714285714
수원시 팔달구,2026-01-17,10,6.142857142857143
수원시 팔달구,2026-01-18,3,6.071428571428571
수원시 팔달구,2026-01-19,5,6.5
수원시 팔달구,2026-01-20,4,6.714285714285714
수원시 팔달구,2026-01-21,9,7.142857142857143
수원시 팔달구,2026-01-22,14,7.642857142857143
수원시 팔달구,2026-01-23,6,7.142857142857143
수원시 팔달구,2026-01-24,5,7.214285714285714
수원시 팔달구,2026-01-26,7,6.571428571428571
수원시 팔달구,2026-01-27,10,6.928571428571429
수원시 팔달구,2026-01-28,8,7.071428571428571
수원시 팔달구,2026-01-29,12,7.0
수원시 팔달구,2026-01-30,2,6.857142857142857
수원시 팔달구,2026-01-31,6,7.142857142857143
수원시 팔달구,2026-02-01,1,8.5
수원시 팔달구,2026-02-02,8,8.357142857142858
수원시 팔달구,2026-02-03,7,8.714285714285714
수원시 팔달구,2026-02-04,3,9.071428571428571
수원시 팔달구,2026-02-05,7,9.785714285714286
수원시 팔달구,2026-02-06,18,10.285714285714286
수원시 팔달구,2026-02-07,25,11.214285714285714
수원시 팔달구,2026-02-08,3,11.642857142857142
수원시 팔달구,2026-02-09,12,12.0
수원시 팔달구,2026-02-10,15,12.285714285714286
수원시 팔달구,2026-02-11,18,13.0
수원시 팔달구,2026-02-12,19,13.071428571428571
수원시 팔달구,2026-02-13,15,13.642857142857142
수원시 팔달구,2026-02-14,12,12.928571428571429
수원시 팔달구,2026-02-19,6,12.0
수원시 팔달구,2026-02-20,12,12.285714285714286
수원시 팔달구,2026-02-21,17,12.571428571428571
수원시 팔달구,2026-02-22,4,12.214285714285714
수원시 팔달구,2026-02-23,15,11.142857142857142
수원시 팔달구,2026-02-24,8,10.214285714285714
수원시 팔달구,2026-02-25,12,9.571428571428571
수원시 팔달구,2026-02-26,7,9.214285714285714
수원시 팔달구,2026-02-27,16,9.285714285714286
수원시 팔달구,2026-02-28,10,9.0
수원시 팔달구,2026-03-01,3,8.142857142857142
수원시 팔달구,2026-03-02,6,7.928571428571429
수원시 팔달구,2026-03-03,6,7.5
수원시 팔달구,2026-03-04,7,7.142857142857143
수원시 팔달구,2026-03-05,7,7.0
수원시 팔달구,2026-03-06,8,7.0
수원시 팔달구,2026-03-07,5,6.214285714285714
수원시 팔달구,2026-03-08,1,6.142857142857143
수원시 팔달구,2026-03-09,9,6.0
수원시 팔달구,2026-03-10,3,5.642857142857143
수원시 팔달구,2026-03-11,10,5.5
수원시 팔달구,2026-03-12,7,5.928571428571429
수원시 팔달구,2026-03-13,5,5.714285714285714
수원시 팔달구,2026-03-14,9,6.071428571428571
수원시 팔달구,2026-03-15,1,6.642857142857143
수원시 팔달구,2026-03-16,1,6.714285714285714
수원시 팔달구,2026-03-17,4,6.642857142857143
수원시 팔달구,2026-03-18,13,6.857142857142857
수원시 팔달구,2026-03-19,4,7.0
수원시 팔달구,2026-03-20,13,7.142857142857143
수원시 팔달구,2026-03-21,13,7.928571428571429
수원시 팔달구,2026-03-22,2,8.357142857142858
수원시 팔달구,2026-03-23,8,8.714285714285714
수원시 팔달구,2026-03-24,6,9.642857142857142
수원시 팔달구,2026-03-25,12,10.071428571428571
수원시 팔달구,2026-03-26,9,9.928571428571429
수원시 팔달구,2026-03-27,16,10.357142857142858
수원시 팔달구,2026-03-28,15,10.071428571428571
수원시 팔달구,2026-03-29,6,10.0
수원시 팔달구,2026-03-30,14,10.285714285714286
수원시 팔달구,2026-03-31,10,10.428571428571429
수원시 팔달구,2026-04-01,11,10.714285714285714
수원시 팔달구,2026-04-02,10,11.0
수원시 팔달구,2026-04-03,9,11.714285714285714
수원시 팔달구,2026-04-04,12,12.0
수원시 팔달구,2026-04-06,6,11.142857142857142
수원시 팔달구,2026-04-07,10,11.571428571428571
수원시 팔달구,2026-04-08,10,11.357142857142858
수원시 팔달구,2026-04-09,16,11.461538461538462
수원시 팔달구,2026-04-10,19,11.5
수원시 팔달구,2026-04-11,20,11.636363636363637
수원시 팔달구,2026-04-12,3,11.9
수원시 팔달구,2026-04-13,12,11.88888888888889
수원시 팔달구,2026-04-14,11,12.625
안양시 동안구,2025-04-15,20,14.0
안양시 동안구,2025-04-16,17,13.75
안양시 동안구,2025-04-17,8,13.444444444444445
안양시 동안구,2025-04-18,15,12.8
안양시 동안구,2025-04-19,19,13.272727272727273
안양시 동안구,2025-04-20,6,14.583333333333334
안양시 동안구,2025-04-21,13,14.23076923076923
안양시 동안구,2025-04-22,12,14.071428571428571
안양시 동안구,2025-04-23,11,13.928571428571429
안양시 동안구,2025-04-24,7,13.714285714285714
안양시 동안구,2025-04-25,18,14.714285714285714
안양시 동안구,2025-04-26,29,14.642857142857142
안양시 동안구,2025-04-27,10,14.214285714285714
안양시 동안구,2025-04-28,12,13.928571428571429
안양시 동안구,2025-04-29,18,13.642857142857142
안양시 동안구,2025-04-30,14,15.071428571428571
안양시 동안구,2025-05-01,22,15.714285714285714
안양시 동안구,2025-05-02,14,16.214285714285715
안양시 동안구,2025-05-03,13,15.928571428571429
안양시 동안구,2025-05-04,2,15.714285714285714
안양시 동안구,2025-05-05,9,15.571428571428571
안양시 동안구,2025-05-06,32,16.285714285714285
안양시 동안구,2025-05-07,20,15.857142857142858
안양시 동안구,2025-05-08,14,16.428571428571427
안양시 동안구,2025-05-09,14,16.071428571428573
안양시 동안구,2025-05-10,26,16.642857142857142
안양시 동안구,2025-05-11,8,18.142857142857142
안양시 동안구,2025-05-12,22,18.428571428571427
안양시 동안구,2025-05-13,12,19.357142857142858
안양시 동안구,2025-05-14,22,18.142857142857142
안양시 동안구,2025-05-15,17,18.5
안양시 동안구,2025-05-16,22,19.142857142857142
안양시 동안구,2025-05-17,34,20.214285714285715
안양시 동안구,2025-05-18,6,22.142857142857142
안양시 동안구,2025-05-19,22,22.0
안양시 동안구,2025-05-20,15,21.5
안양시 동안구,2025-05-21,25,22.071428571428573
안양시 동안구,2025-05-22,23,21.571428571428573
안양시 동안구,2025-05-23,29,22.214285714285715
안양시 동안구,2025-05-24,53,22.428571428571427
안양시 동안구,2025-05-25,6,22.571428571428573
안양시 동안구,2025-05-26,15,22.357142857142858
안양시 동안구,2025-05-27,20,22.214285714285715
안양시 동안구,2025-05-28,15,24.0
안양시 동안구,2025-05-29,26,23.428571428571427
안양시 동안구,2025-05-30,25,23.428571428571427
안양시 동안구,2025-05-31,36,24.571428571428573
안양시 동안구,2025-06-01,3,22.285714285714285
안양시 동안구,2025-06-02,20,22.214285714285715
안양시 동안구,2025-06-03,40,23.285714285714285
안양시 동안구,2025-06-04,17,24.0
안양시 동안구,2025-06-05,23,24.571428571428573
안양시 동안구,2025-06-06,45,24.714285714285715
안양시 동안구,2025-06-07,21,25.214285714285715
안양시 동안구,2025-06-08,5,27.214285714285715
안양시 동안구,2025-06-09,30,27.357142857142858
안양시 동안구,2025-06-10,30,27.785714285714285
안양시 동안구,2025-06-11,23,26.785714285714285
안양시 동안구,2025-06-12,28,27.785714285714285
안양시 동안구,2025-06-13,32,28.714285714285715
안양시 동안구,2025-06-14,64,27.714285714285715
안양시 동안구,2025-06-15,5,29.428571428571427
안양시 동안구,2025-06-16,26,30.071428571428573
안양시 동안구,2025-06-17,26,30.071428571428573
안양시 동안구,2025-06-18,31,29.571428571428573
안양시 동안구,2025-06-19,36,30.214285714285715
안양시 동안구,2025-06-20,31,31.071428571428573
안양시 동안구,2025-06-21,45,32.07142857142857
안양시 동안구,2025-06-22,14,29.5
안양시 동안구,2025-06-23,30,29.428571428571427
안양시 동안구,2025-06-24,23,28.785714285714285
안양시 동안구,2025-06-25,32,27.857142857142858
안양시 동안구,2025-06-26,40,26.428571428571427
안양시 동안구,2025-06-27,46,24.357142857142858
안양시 동안구,2025-06-28,28,23.714285714285715
안양시 동안구,2025-06-29,4,21.0
안양시 동안구,2025-06-30,17,20.285714285714285
안양시 동안구,2025-07-01,13,19.285714285714285
안양시 동안구,2025-07-02,11,18.571428571428573
안양시 동안구,2025-07-03,7,17.285714285714285
안양시 동안구,2025-07-04,22,15.571428571428571
안양시 동안구,2025-07-05,7,13.214285714285714
안양시 동안구,2025-07-06,4,12.714285714285714
안양시 동안구,2025-07-07,16,12.571428571428571
안양시 동안구,2025-07-08,13,12.071428571428571
안양시 동안구,2025-07-09,14,11.642857142857142
안양시 동안구,2025-07-10,16,11.285714285714286
안양시 동안구,2025-07-11,13,11.428571428571429
안양시 동안구,2025-07-12,21,10.785714285714286
안양시 동안구,2025-07-13,2,11.5
안양시 동안구,2025-07-14,10,11.714285714285714
안양시 동안구,2025-07-15,7,11.571428571428571
안양시 동안구,2025-07-16,6,10.785714285714286
안양시 동안구,2025-07-17,9,10.571428571428571
안양시 동안구,2025-07-18,13,10.142857142857142
안양시 동안구,2025-07-19,17,9.928571428571429
안양시 동안구,2025-07-20,7,8.928571428571429
안양시 동안구,2025-07-21,14,8.857142857142858
안양시 동안구,2025-07-22,2,8.857142857142858
안양시 동안구,2025-07-23,11,8.928571428571429
안양시 동안구,2025-07-24,10,9.785714285714286
안양시 동안구,2025-07-25,10,9.642857142857142
안양시 동안구,2025-07-26,7,9.142857142857142
안양시 동안구,2025-07-27,1,8.214285714285714
안양시 동안구,2025-07-28,10,7.785714285714286
안양시 동안구,2025-07-29,8,6.857142857142857
안양시 동안구,2025-07-30,18,6.785714285714286
안양시 동안구,2025-07-31,7,6.428571428571429
안양시 동안구,2025-08-01,6,6.142857142857143
안양시 동안구,2025-08-02,4,6.071428571428571
안양시 동안구,2025-08-03,1,7.214285714285714
안양시 동안구,2025-08-04,1,7.214285714285714
안양시 동안구,2025-08-05,1,7.571428571428571
안양시 동안구,2025-08-06,6,8.142857142857142
안양시 동안구,2025-08-07,6,7.428571428571429
안양시 동안구,2025-08-08,9,7.571428571428571
안양시 동안구,2025-08-09,23,8.642857142857142
안양시 동안구,2025-08-10,1,9.071428571428571
안양시 동안구,2025-08-11,15,9.357142857142858
안양시 동안구,2025-08-12,16,9.785714285714286
안양시 동안구,2025-08-13,8,10.5
안양시 동안구,2025-08-14,9,10.714285714285714
안양시 동안구,2025-08-15,21,10.785714285714286
안양시 동안구,2025-08-16,10,10.785714285714286
안양시 동안구,2025-08-17,5,11.357142857142858
안양시 동안구,2025-08-18,7,11.714285714285714
안양시 동안구,2025-08-19,11,11.357142857142858
안양시 동안구,2025-08-20,9,10.785714285714286
안양시 동안구,2025-08-21,7,11.071428571428571
안양시 동안구,2025-08-22,9,11.285714285714286
안양시 동안구,2025-08-23,31,10.928571428571429
안양시 동안구,2025-08-24,6,12.142857142857142
안양시 동안구,2025-08-25,10,12.142857142857142
안양시 동안구,2025-08-26,8,12.5
안양시 동안구,2025-08-27,12,12.928571428571429
안양시 동안구,2025-08-28,12,13.571428571428571
안양시 동안구,2025-08-29,16,14.571428571428571
안양시 동안구,2025-08-30,27,15.571428571428571
안양시 동안구,2025-08-31,5,14.571428571428571
안양시 동안구,2025-09-01,12,14.214285714285714
안양시 동안구,2025-09-02,17,14.785714285714286
안양시 동안구,2025-09-03,18,15.142857142857142
안양시 동안구,2025-09-04,21,15.642857142857142
안양시 동안구,2025-09-05,23,15.785714285714286
안양시 동안구,2025-09-06,17,16.285714285714285
안양시 동안구,2025-09-07,1,16.928571428571427
안양시 동안구,2025-09-08,18,17.071428571428573
안양시 동안구,2025-09-09,13,18.285714285714285
안양시 동안구,2025-09-10,19,18.642857142857142
안양시 동안구,2025-09-11,14,18.571428571428573
안양시 동안구,2025-09-12,23,18.642857142857142
안양시 동안구,2025-09-13,36,17.857142857142858
안양시 동안구,2025-09-14,7,19.571428571428573
안양시 동안구,2025-09-15,29,20.071428571428573
안양시 동안구,2025-09-16,22,20.785714285714285
안양시 동안구,2025-09-17,17,21.5
안양시 동안구,2025-09-18,22,21.857142857142858
안양시 동안구,2025-09-19,12,22.785714285714285
안양시 동안구,2025-09-20,41,23.857142857142858
안양시 동안구,2025-09-21,8,25.214285714285715
안양시 동안구,2025-09-22,28,25.071428571428573
안양시 동안구,2025-09-23,23,25.0
안양시 동안구,2025-09-24,24,26.0
안양시 동안구,2025-09-25,27,27.571428571428573
안양시 동안구,2025-09-26,38,28.928571428571427
안양시 동안구,2025-09-27,55,31.071428571428573
안양시 동안구,2025-09-28,5,29.285714285714285
안양시 동안구,2025-09-29,28,28.857142857142858
안양시 동안구,2025-09-30,36,27.0
안양시 동안구,2025-10-01,39,25.5
안양시 동안구,2025-10-02,41,25.0
안양시 동안구,2025-10-03,42,24.928571428571427
안양시 동안구,2025-10-04,16,25.928571428571427
안양시 동안구,2025-10-05,2,23.214285714285715
안양시 동안구,2025-10-07,2,26.357142857142858
안양시 동안구,2025-10-08,2,28.142857142857142
안양시 동안구,2025-10-09,17,36.214285714285715
안양시 동안구,2025-10-10,26,35.214285714285715
안양시 동안구,2025-10-11,52,35.92857142857143
안양시 동안구,2025-10-12,17,38.0
안양시 동안구,2025-10-13,49,38.857142857142854
안양시 동안구,2025-10-14,53,38.785714285714285
안양시 동안구,2025-10-15,149,38.714285714285715
안양시 동안구,2025-10-16,25,38.642857142857146
안양시 동안구,2025-10-17,51,37.57142857142857
안양시 동안구,2025-10-18,71,35.92857142857143
안양시 동안구,2025-10-19,28,32.57142857142857
안양시 동안구,2025-10-21,1,31.857142857142858
안양시 동안구,2025-11-06,1,29.0
안양시 동안구,2025-11-07,1,25.428571428571427
안양시 동안구,2025-11-08,2,14.857142857142858
안양시 동안구,2025-11-11,3,14.0
안양시 동안구,2025-11-12,5,10.857142857142858
안양시 동안구,2025-11-13,7,6.071428571428571
안양시 동안구,2025-11-14,9,4.714285714285714
안양시 동안구,2025-11-15,3,5.714285714285714
안양시 동안구,2025-11-16,1,6.357142857142857
안양시 동안구,2025-11-17,13,6.428571428571429
안양시 동안구,2025-11-18,7,6.642857142857143
안양시 동안구,2025-11-19,4,7.071428571428571
안양시 동안구,2025-11-20,9,7.071428571428571
안양시 동안구,2025-11-21,15,7.071428571428571
안양시 동안구,2025-11-22,10,7.714285714285714
안양시 동안구,2025-11-23,2,8.857142857142858
안양시 동안구,2025-11-24,5,9.071428571428571
안양시 동안구,2025-11-25,9,9.0
안양시 동안구,2025-11-26,5,9.357142857142858
안양시 동안구,2025-11-27,7,10.357142857142858
안양시 동안구,2025-11-28,18,10.714285714285714
안양시 동안구,2025-11-29,19,11.214285714285714
안양시 동안구,2025-11-30,4,11.214285714285714
안양시 동안구,2025-12-01,12,11.142857142857142
안양시 동안구,2025-12-02,12,11.5
안양시 동안구,2025-12-03,18,12.285714285714286
안양시 동안구,2025-12-04,14,13.071428571428571
안양시 동안구,2025-12-05,22,13.5
안양시 동안구,2025-12-06,10,13.571428571428571
안양시 동안구,2025-12-07,1,13.571428571428571
안양시 동안구,2025-12-08,10,13.428571428571429
안양시 동안구,2025-12-09,20,13.357142857142858
안양시 동안구,2025-12-10,16,13.857142857142858
안양시 동안구,2025-12-11,13,13.714285714285714
안양시 동안구,2025-12-12,19,13.642857142857142
안양시 동안구,2025-12-13,19,13.0
안양시 동안구,2025-12-14,2,13.571428571428571
안양시 동안구,2025-12-15,11,13.785714285714286
안양시 동안구,2025-12-16,19,14.214285714285714
안양시 동안구,2025-12-17,16,13.714285714285714
안양시 동안구,2025-12-18,13,13.714285714285714
안양시 동안구,2025-12-19,13,13.071428571428571
안양시 동안구,2025-12-20,18,13.285714285714286
안양시 동안구,2025-12-21,4,13.071428571428571
안양시 동안구,2025-12-22,16,13.928571428571429
안양시 동안구,2025-12-23,13,14.571428571428571
안양시 동안구,2025-12-24,16,14.928571428571429
안양시 동안구,2025-12-25,4,14.785714285714286
안양시 동안구,2025-12-26,22,14.285714285714286
안양시 동안구,2025-12-27,16,14.0
안양시 동안구,2025-12-29,14,14.0
안양시 동안구,2025-12-30,20,15.428571428571429
안양시 동안구,2025-12-31,24,15.214285714285714
안양시 동안구,2026-01-02,14,15.5
안양시 동안구,2026-01-03,6,15.928571428571429
안양시 동안구,2026-01-05,9,15.785714285714286
안양시 동안구,2026-01-06,18,15.0
안양시 동안구,2026-01-07,24,14.571428571428571
안양시 동안구,2026-01-08,13,14.571428571428571
안양시 동안구,2026-01-09,17,14.0
안양시 동안구,2026-01-10,22,13.571428571428571
안양시 동안구,2026-01-11,2,13.785714285714286
안양시 동안구,2026-01-12,11,13.5
안양시 동안구,2026-01-13,10,14.285714285714286
안양시 동안구,2026-01-14,14,14.285714285714286
안양시 동안구,2026-01-15,12,13.714285714285714
안양시 동안구,2026-01-16,18,13.5
안양시 동안구,2026-01-17,17,13.357142857142858
안양시 동안구,2026-01-18,2,14.214285714285714
안양시 동안구,2026-01-19,20,14.285714285714286
안양시 동안구,2026-01-20,18,14.357142857142858
안양시 동안구,2026-01-21,16,15.142857142857142
안양시 동안구,2026-01-22,10,15.0
안양시 동안구,2026-01-23,15,14.928571428571429
안양시 동안구,2026-01-24,34,14.642857142857142
안양시 동안구,2026-01-25,3,15.0
안양시 동안구,2026-01-26,12,15.0
안양시 동안구,2026-01-27,21,14.571428571428571
안양시 동안구,2026-01-28,12,13.857142857142858
안양시 동안구,2026-01-29,11,14.071428571428571
안양시 동안구,2026-01-30,14,14.785714285714286
안양시 동안구,2026-01-31,22,15.5
안양시 동안구,2026-02-01,2,14.214285714285714
안양시 동안구,2026-02-02,14,14.142857142857142
안양시 동안구,2026-02-03,8,15.285714285714286
안양시 동안구,2026-02-04,19,15.0
안양시 동안구,2026-02-05,20,15.285714285714286
안양시 동안구,2026-02-06,25,15.571428571428571
안양시 동안구,2026-02-07,16,15.785714285714286
안양시 동안구,2026-02-08,2,16.642857142857142
안양시 동안구,2026-02-09,28,16.571428571428573
안양시 동안구,2026-02-10,17,16.214285714285715
안양시 동안구,2026-02-11,16,17.428571428571427
안양시 동안구,2026-02-12,15,17.071428571428573
안양시 동안구,2026-02-13,17,15.928571428571429
안양시 동안구,2026-02-14,34,15.642857142857142
안양시 동안구,2026-02-15,1,15.857142857142858
안양시 동안구,2026-02-19,9,17.0
안양시 동안구,2026-02-20,25,16.428571428571427
안양시 동안구,2026-02-21,14,16.928571428571427
안양시 동안구,2026-02-22,4,18.428571428571427
안양시 동안구,2026-02-23,21,17.642857142857142
안양시 동안구,2026-02-24,19,17.571428571428573
안양시 동안구,2026-02-25,18,15.857142857142858
안양시 동안구,2026-02-26,20,17.0
안양시 동안구,2026-02-27,24,17.785714285714285
안양시 동안구,2026-02-28,37,17.285714285714285
안양시 동안구,2026-03-01,4,17.214285714285715
안양시 동안구,2026-03-02,16,17.214285714285715
안양시 동안구,2026-03-03,10,17.5
안양시 동안구,2026-03-04,17,17.357142857142858
안양시 동안구,2026-03-05,20,17.642857142857142
안양시 동안구,2026-03-06,18,17.714285714285715
안양시 동안구,2026-03-07,13,16.928571428571427
안양시 동안구,2026-03-08,4,16.357142857142858
안양시 동안구,2026-03-09,25,16.5
안양시 동안구,2026-03-10,17,16.5
안양시 동안구,2026-03-11,22,16.642857142857142
안양시 동안구,2026-03-12,21,16.571428571428573
안양시 동안구,2026-03-13,13,15.857142857142858
안양시 동안구,2026-03-14,29,15.285714285714286
안양시 동안구,2026-03-15,6,15.357142857142858
안양시 동안구,2026-03-16,16,15.214285714285714
안양시 동안구,2026-03-17,12,14.5
안양시 동안구,2026-03-18,16,14.714285714285714
안양시 동안구,2026-03-19,10,14.428571428571429
안양시 동안구,2026-03-20,10,14.428571428571429
안양시 동안구,2026-03-21,14,15.214285714285714
안양시 동안구,2026-03-22,2,15.714285714285714
안양시 동안구,2026-03-23,15,15.571428571428571
안양시 동안구,2026-03-24,20,15.857142857142858
안양시 동안구,2026-03-25,18,15.714285714285714
안양시 동안구,2026-03-26,21,16.071428571428573
안양시 동안구,2026-03-27,24,16.285714285714285
안양시 동안구,2026-03-28,36,17.5
안양시 동안구,2026-03-29,4,17.571428571428573
안양시 동안구,2026-03-30,20,17.571428571428573
안양시 동안구,2026-03-31,10,17.785714285714285
안양시 동안구,2026-04-01,21,18.0
안양시 동안구,2026-04-02,13,18.357142857142858
안양시 동안구,2026-04-03,27,18.857142857142858
안양시 동안구,2026-04-04,15,19.642857142857142
안양시 동안구,2026-04-05,2,20.5
안양시 동안구,2026-04-06,18,20.428571428571427
안양시 동안구,2026-04-07,23,20.5
안양시 동안구,2026-04-08,23,21.285714285714285
안양시 동안구,2026-04-09,28,21.307692307692307
안양시 동안구,2026-04-10,35,22.0
안양시 동안구,2026-04-11,48,21.545454545454547
안양시 동안구,2026-04-12,3,22.2
안양시 동안구,2026-04-13,21,24.444444444444443
안양시 동안구,2026-04-14,21,25.25
용인시 수지구,2025-04-15,19,18.285714285714285
용인시 수지구,2025-04-16,18,19.5
용인시 수지구,2025-04-17,10,20.333333333333332
용인시 수지구,2025-04-18,15,20.5
용인시 수지구,2025-04-19,42,20.727272727272727
용인시 수지구,2025-04-20,12,23.416666666666668
용인시 수지구,2025-04-21,12,22.23076923076923
용인시 수지구,2025-04-22,28,21.785714285714285
용인시 수지구,2025-04-23,27,21.5
용인시 수지구,2025-04-24,22,21.428571428571427
용인시 수지구,2025-04-25,23,22.642857142857142
용인시 수지구,2025-04-26,53,23.428571428571427
용인시 수지구,2025-04-27,8,22.714285714285715
용인시 수지구,2025-04-28,16,22.071428571428573
용인시 수지구,2025-04-29,15,21.857142857142858
용인시 수지구,2025-04-30,17,20.857142857142858
용인시 수지구,2025-05-01,27,21.071428571428573
용인시 수지구,2025-05-02,26,20.642857142857142
용인시 수지구,2025-05-03,32,20.642857142857142
용인시 수지구,2025-05-04,3,19.857142857142858
용인시 수지구,2025-05-05,9,20.0
용인시 수지구,2025-05-06,14,19.857142857142858
용인시 수지구,2025-05-07,30,20.357142857142858
용인시 수지구,2025-05-08,16,20.714285714285715
용인시 수지구,2025-05-09,23,20.642857142857142
용인시 수지구,2025-05-10,42,20.071428571428573
용인시 수지구,2025-05-11,10,21.285714285714285
용인시 수지구,2025-05-12,14,21.714285714285715
용인시 수지구,2025-05-13,22,22.285714285714285
용인시 수지구,2025-05-14,22,22.714285714285715
용인시 수지구,2025-05-15,26,22.285714285714285
용인시 수지구,2025-05-16,18,22.928571428571427
용인시 수지구,2025-05-17,49,23.071428571428573
용인시 수지구,2025-05-18,9,23.142857142857142
용인시 수지구,2025-05-19,17,23.285714285714285
용인시 수지구,2025-05-20,20,22.714285714285715
용인시 수지구,2025-05-21,24,22.928571428571427
용인시 수지구,2025-05-22,25,23.214285714285715
용인시 수지구,2025-05-23,25,23.5
용인시 수지구,2025-05-24,43,24.285714285714285
용인시 수지구,2025-05-25,12,26.285714285714285
용인시 수지구,2025-05-26,6,26.5
용인시 수지구,2025-05-27,25,26.785714285714285
용인시 수지구,2025-05-28,26,28.714285714285715
용인시 수지구,2025-05-29,30,29.071428571428573
용인시 수지구,2025-05-30,29,29.642857142857142
용인시 수지구,2025-05-31,77,31.5
용인시 수지구,2025-06-01,12,32.714285714285715
용인시 수지구,2025-06-02,21,32.642857142857146
용인시 수지구,2025-06-03,47,33.714285714285715
용인시 수지구,2025-06-04,29,34.285714285714285
용인시 수지구,2025-06-05,33,35.07142857142857
용인시 수지구,2025-06-06,51,36.07142857142857
용인시 수지구,2025-06-07,60,36.714285714285715
용인시 수지구,2025-06-08,11,37.5
용인시 수지구,2025-06-09,21,37.785714285714285
용인시 수지구,2025-06-10,33,37.714285714285715
용인시 수지구,2025-06-11,37,37.357142857142854
용인시 수지구,2025-06-12,44,38.5
용인시 수지구,2025-06-13,38,39.42857142857143
용인시 수지구,2025-06-14,88,38.642857142857146
용인시 수지구,2025-06-15,16,40.357142857142854
용인시 수지구,2025-06-16,20,40.285714285714285
용인시 수지구,2025-06-17,42,40.42857142857143
용인시 수지구,2025-06-18,45,40.92857142857143
용인시 수지구,2025-06-19,46,40.642857142857146
용인시 수지구,2025-06-20,40,39.857142857142854
용인시 수지구,2025-06-21,84,40.57142857142857
용인시 수지구,2025-06-22,10,36.714285714285715
용인시 수지구,2025-06-23,23,36.142857142857146
용인시 수지구,2025-06-24,40,34.857142857142854
용인시 수지구,2025-06-25,33,33.142857142857146
용인시 수지구,2025-06-26,33,30.642857142857142
용인시 수지구,2025-06-27,48,28.357142857142858
용인시 수지구,2025-06-28,34,26.357142857142858
용인시 수지구,2025-06-29,8,22.142857142857142
용인시 수지구,2025-06-30,2,21.571428571428573
용인시 수지구,2025-07-01,18,20.357142857142858
용인시 수지구,2025-07-02,10,18.642857142857142
용인시 수지구,2025-07-03,14,17.214285714285715
용인시 수지구,2025-07-04,12,15.142857142857142
용인시 수지구,2025-07-05,25,12.357142857142858
용인시 수지구,2025-07-06,2,11.285714285714286
용인시 수지구,2025-07-07,6,11.142857142857142
용인시 수지구,2025-07-08,16,11.428571428571429
용인시 수지구,2025-07-09,13,10.642857142857142
용인시 수지구,2025-07-10,4,10.357142857142858
용인시 수지구,2025-07-11,9,9.857142857142858
용인시 수지구,2025-07-12,19,9.642857142857142
용인시 수지구,2025-07-13,6,9.571428571428571
용인시 수지구,2025-07-14,6,9.857142857142858
용인시 수지구,2025-07-15,7,9.642857142857142
용인시 수지구,2025-07-16,6,9.0
용인시 수지구,2025-07-17,7,8.785714285714286
용인시 수지구,2025-07-18,9,9.214285714285714
용인시 수지구,2025-07-19,24,9.357142857142858
용인시 수지구,2025-07-20,6,9.357142857142858
용인시 수지구,2025-07-21,3,9.142857142857142
용인시 수지구,2025-07-22,7,9.0
용인시 수지구,2025-07-23,10,9.071428571428571
용인시 수지구,2025-07-24,10,9.5
용인시 수지구,2025-07-25,11,9.357142857142858
용인시 수지구,2025-07-26,19,8.857142857142858
용인시 수지구,2025-07-27,3,7.357142857142857
용인시 수지구,2025-07-28,4,7.0
용인시 수지구,2025-07-29,8,7.357142857142857
용인시 수지구,2025-07-30,12,7.714285714285714
용인시 수지구,2025-07-31,5,7.571428571428571
용인시 수지구,2025-08-01,2,8.071428571428571
용인시 수지구,2025-08-02,3,9.071428571428571
용인시 수지구,2025-08-04,1,8.0
용인시 수지구,2025-08-05,8,8.571428571428571
용인시 수지구,2025-08-06,12,9.214285714285714
용인시 수지구,2025-08-07,8,9.285714285714286
용인시 수지구,2025-08-08,17,9.142857142857142
용인시 수지구,2025-08-09,25,10.571428571428571
용인시 수지구,2025-08-10,4,12.285714285714286
용인시 수지구,2025-08-11,11,12.428571428571429
용인시 수지구,2025-08-12,13,13.428571428571429
용인시 수지구,2025-08-13,9,13.571428571428571
용인시 수지구,2025-08-14,10,14.142857142857142
용인시 수지구,2025-08-15,25,14.214285714285714
용인시 수지구,2025-08-16,26,14.714285714285714
용인시 수지구,2025-08-17,5,16.0
용인시 수지구,2025-08-18,15,16.0
용인시 수지구,2025-08-19,10,15.928571428571429
용인시 수지구,2025-08-20,20,16.357142857142858
용인시 수지구,2025-08-21,9,17.357142857142858
용인시 수지구,2025-08-22,24,18.071428571428573
용인시 수지구,2025-08-23,43,17.214285714285715
용인시 수지구,2025-08-24,4,18.214285714285715
용인시 수지구,2025-08-25,10,18.071428571428573
용인시 수지구,2025-08-26,19,18.0
용인시 수지구,2025-08-27,23,18.428571428571427
용인시 수지구,2025-08-28,20,18.785714285714285
용인시 수지구,2025-08-29,13,20.214285714285715
용인시 수지구,2025-08-30,40,20.785714285714285
용인시 수지구,2025-08-31,3,21.642857142857142
용인시 수지구,2025-09-01,14,21.785714285714285
용인시 수지구,2025-09-02,16,22.0
용인시 수지구,2025-09-03,25,22.071428571428573
용인시 수지구,2025-09-04,29,22.142857142857142
용인시 수지구,2025-09-05,32,21.928571428571427
용인시 수지구,2025-09-06,55,23.357142857142858
용인시 수지구,2025-09-07,6,24.785714285714285
용인시 수지구,2025-09-08,13,24.928571428571427
용인시 수지구,2025-09-09,20,25.285714285714285
용인시 수지구,2025-09-10,24,25.571428571428573
용인시 수지구,2025-09-11,17,25.428571428571427
용인시 수지구,2025-09-12,33,25.0
용인시 수지구,2025-09-13,60,25.071428571428573
용인시 수지구,2025-09-14,5,25.5
용인시 수지구,2025-09-15,19,25.714285714285715
용인시 수지구,2025-09-16,20,26.571428571428573
용인시 수지구,2025-09-17,23,28.142857142857142
용인시 수지구,2025-09-18,23,29.428571428571427
용인시 수지구,2025-09-19,33,31.071428571428573
용인시 수지구,2025-09-20,61,31.714285714285715
용인시 수지구,2025-09-21,9,34.142857142857146
용인시 수지구,2025-09-22,25,34.714285714285715
용인시 수지구,2025-09-23,42,35.285714285714285
용인시 수지구,2025-09-24,42,36.357142857142854
용인시 수지구,2025-09-25,40,38.0
용인시 수지구,2025-09-26,42,39.214285714285715
용인시 수지구,2025-09-27,94,40.07142857142857
용인시 수지구,2025-09-28,13,37.07142857142857
용인시 수지구,2025-09-29,27,36.5
용인시 수지구,2025-09-30,35,34.785714285714285
용인시 수지구,2025-10-01,46,32.07142857142857
용인시 수지구,2025-10-02,40,29.285714285714285
용인시 수지구,2025-10-03,45,28.5
용인시 수지구,2025-10-04,19,29.071428571428573
용인시 수지구,2025-10-06,1,23.714285714285715
용인시 수지구,2025-10-07,1,25.071428571428573
용인시 수지구,2025-10-08,4,27.5
용인시 수지구,2025-10-09,3,36.57142857142857
용인시 수지구,2025-10-10,29,36.214285714285715
용인시 수지구,2025-10-11,50,38.785714285714285
용인시 수지구,2025-10-12,19,44.785714285714285
용인시 수지구,2025-10-13,32,46.57142857142857
용인시 수지구,2025-10-14,61,46.57142857142857
용인시 수지구,2025-10-15,162,46.57142857142857
용인시 수지구,2025-10-16,41,46.357142857142854
용인시 수지구,2025-10-17,76,46.42857142857143
용인시 수지구,2025-10-18,129,44.57142857142857
용인시 수지구,2025-10-19,44,41.357142857142854
용인시 수지구,2025-10-31,1,40.07142857142857
용인시 수지구,2025-11-03,1,37.92857142857143
용인시 수지구,2025-11-04,1,33.857142857142854
용인시 수지구,2025-11-05,4,22.642857142857142
용인시 수지구,2025-11-06,3,20.357142857142858
용인시 수지구,2025-11-08,5,15.285714285714286
용인시 수지구,2025-11-10,1,6.428571428571429
용인시 수지구,2025-11-11,2,3.4285714285714284
용인시 수지구,2025-11-12,4,4.214285714285714
용인시 수지구,2025-11-13,5,4.857142857142857
용인시 수지구,2025-11-14,9,6.071428571428571
용인시 수지구,2025-11-15,5,7.142857142857143
용인시 수지구,2025-11-16,5,8.0
용인시 수지구,2025-11-17,2,7.928571428571429
용인시 수지구,2025-11-18,12,8.214285714285714
용인시 수지구,2025-11-19,10,9.5
용인시 수지구,2025-11-20,18,11.0
용인시 수지구,2025-11-21,19,12.071428571428571
용인시 수지구,2025-11-22,15,13.142857142857142
용인시 수지구,2025-11-23,4,14.928571428571429
용인시 수지구,2025-11-24,5,14.928571428571429
용인시 수지구,2025-11-25,20,15.5
용인시 수지구,2025-11-26,25,15.928571428571429
용인시 수지구,2025-11-27,20,16.357142857142858
용인시 수지구,2025-11-28,24,16.5
용인시 수지구,2025-11-29,30,16.214285714285715
용인시 수지구,2025-11-30,5,18.428571428571427
용인시 수지구,2025-12-01,10,18.357142857142858
용인시 수지구,2025-12-02,18,18.785714285714285
용인시 수지구,2025-12-03,16,18.857142857142858
용인시 수지구,2025-12-04,20,18.571428571428573
용인시 수지구,2025-12-05,15,18.5
용인시 수지구,2025-12-06,46,18.642857142857142
용인시 수지구,2025-12-07,3,19.428571428571427
용인시 수지구,2025-12-08,11,19.357142857142858
용인시 수지구,2025-12-09,21,19.285714285714285
용인시 수지구,2025-12-10,21,19.142857142857142
용인시 수지구,2025-12-11,19,19.357142857142858
용인시 수지구,2025-12-12,26,19.5
용인시 수지구,2025-12-13,41,20.0
용인시 수지구,2025-12-14,4,19.857142857142858
용인시 수지구,2025-12-15,9,20.071428571428573
용인시 수지구,2025-12-16,16,19.785714285714285
용인시 수지구,2025-12-17,19,19.714285714285715
용인시 수지구,2025-12-18,22,20.642857142857142
용인시 수지구,2025-12-19,22,20.142857142857142
용인시 수지구,2025-12-20,44,19.928571428571427
용인시 수지구,2025-12-21,6,18.857142857142858
용인시 수지구,2025-12-22,7,19.0
용인시 수지구,2025-12-23,20,19.214285714285715
용인시 수지구,2025-12-24,34,19.142857142857142
용인시 수지구,2025-12-25,12,18.928571428571427
용인시 수지구,2025-12-26,23,17.428571428571427
용인시 수지구,2025-12-27,26,17.357142857142858
용인시 수지구,2025-12-28,6,16.5
용인시 수지구,2025-12-29,12,16.428571428571427
용인시 수지구,2025-12-30,15,16.357142857142858
용인시 수지구,2025-12-31,16,15.857142857142858
용인시 수지구,2026-01-01,1,14.357142857142858
용인시 수지구,2026-01-02,21,14.428571428571429
용인시 수지구,2026-01-03,32,15.0
용인시 수지구,2026-01-04,5,15.642857142857142
용인시 수지구,2026-01-05,6,15.5
용인시 수지구,2026-01-06,13,15.142857142857142
용인시 수지구,2026-01-07,13,15.428571428571429
용인시 수지구,2026-01-08,13,15.642857142857142
용인시 수지구,2026-01-09,31,17.714285714285715
용인시 수지구,2026-01-10,35,18.214285714285715
용인시 수지구,2026-01-11,4,19.357142857142858
용인시 수지구,2026-01-12,7,19.142857142857142
용인시 수지구,2026-01-13,19,19.714285714285715
용인시 수지구,2026-01-14,19,20.285714285714285
용인시 수지구,2026-01-15,30,21.0
용인시 수지구,2026-01-16,28,22.142857142857142
용인시 수지구,2026-01-17,48,21.785714285714285
용인시 수지구,2026-01-18,2,22.642857142857142
용인시 수지구,2026-01-19,14,22.714285714285715
용인시 수지구,2026-01-20,21,22.714285714285715
용인시 수지구,2026-01-21,23,23.071428571428573
용인시 수지구,2026-01-22,29,23.571428571428573
용인시 수지구,2026-01-23,26,22.642857142857142
용인시 수지구,2026-01-24,47,22.357142857142858
용인시 수지구,2026-01-25,5,21.571428571428573
용인시 수지구,2026-01-26,7,21.714285714285715
용인시 수지구,2026-01-27,24,21.285714285714285
용인시 수지구,2026-01-28,26,20.571428571428573
용인시 수지구,2026-01-29,17,21.142857142857142
용인시 수지구,2026-01-30,24,21.0
용인시 수지구,2026-01-31,37,20.714285714285715
용인시 수지구,2026-02-01,4,21.428571428571427
용인시 수지구,2026-02-02,8,21.571428571428573
용인시 수지구,2026-02-03,11,22.642857142857142
용인시 수지구,2026-02-04,31,22.5
용인시 수지구,2026-02-05,27,22.642857142857142
용인시 수지구,2026-02-06,22,24.857142857142858
용인시 수지구,2026-02-07,57,26.357142857142858
용인시 수지구,2026-02-08,7,26.142857142857142
용인시 수지구,2026-02-09,22,25.928571428571427
용인시 수지구,2026-02-10,22,25.785714285714285
용인시 수지구,2026-02-11,28,27.357142857142858
용인시 수지구,2026-02-12,48,29.214285714285715
용인시 수지구,2026-02-13,45,27.5
용인시 수지구,2026-02-14,34,27.214285714285715
용인시 수지구,2026-02-15,1,24.5
용인시 수지구,2026-02-19,6,26.071428571428573
용인시 수지구,2026-02-20,33,26.214285714285715
용인시 수지구,2026-02-21,57,27.214285714285715
용인시 수지구,2026-02-22,3,27.142857142857142
용인시 수지구,2026-02-23,18,24.0
용인시 수지구,2026-02-24,19,22.142857142857142
용인시 수지구,2026-02-25,29,20.785714285714285
용인시 수지구,2026-02-26,24,21.428571428571427
용인시 수지구,2026-02-27,36,22.071428571428573
용인시 수지구,2026-02-28,27,21.285714285714285
용인시 수지구,2026-03-01,4,20.857142857142858
용인시 수지구,2026-03-02,19,21.0
용인시 수지구,2026-03-03,15,20.142857142857142
용인시 수지구,2026-03-04,10,19.857142857142858
용인시 수지구,2026-03-05,15,19.142857142857142
용인시 수지구,2026-03-06,22,18.285714285714285
용인시 수지구,2026-03-07,51,17.357142857142858
용인시 수지구,2026-03-08,5,16.571428571428573
용인시 수지구,2026-03-09,6,16.428571428571427
용인시 수지구,2026-03-10,15,15.571428571428571
용인시 수지구,2026-03-11,19,15.5
용인시 수지구,2026-03-12,12,15.857142857142858
용인시 수지구,2026-03-13,23,15.714285714285714
용인시 수지구,2026-03-14,16,15.857142857142858
용인시 수지구,2026-03-15,2,14.571428571428571
용인시 수지구,2026-03-16,7,14.428571428571429
용인시 수지구,2026-03-17,14,14.357142857142858
용인시 수지구,2026-03-18,15,14.428571428571429
용인시 수지구,2026-03-19,13,13.857142857142858
용인시 수지구,2026-03-20,24,14.0
용인시 수지구,2026-03-21,33,13.428571428571429
용인시 수지구,2026-03-22,3,14.214285714285714
용인시 수지구,2026-03-23,5,14.285714285714286
용인시 수지구,2026-03-24,16,14.857142857142858
용인시 수지구,2026-03-25,11,15.285714285714286
용인시 수지구,2026-03-26,14,15.428571428571429
용인시 수지구,2026-03-27,15,16.071428571428573
용인시 수지구,2026-03-28,27,15.857142857142858
용인시 수지구,2026-03-29,3,16.642857142857142
용인시 수지구,2026-03-30,15,16.928571428571427
용인시 수지구,2026-03-31,20,17.642857142857142
용인시 수지구,2026-04-01,17,17.857142857142858
용인시 수지구,2026-04-02,22,18.857142857142858
용인시 수지구,2026-04-03,21,19.071428571428573
용인시 수지구,2026-04-04,44,21.142857142857142
용인시 수지구,2026-04-05,7,23.428571428571427
용인시 수지구,2026-04-06,15,23.642857142857142
용인시 수지구,2026-04-07,19,22.785714285714285
용인시 수지구,2026-04-08,25,23.071428571428573
용인시 수지구,2026-04-09,17,23.53846153846154
용인시 수지구,2026-04-10,44,23.666666666666668
용인시 수지구,2026-04-11,59,23.90909090909091
용인시 수지구,2026-04-12,6,21.9
용인시 수지구,2026-04-13,3,23.555555555555557
용인시 수지구,2026-04-14,24,24.625
의왕시,2025-04-15,12,6.571428571428571
의왕시,2025-04-16,8,6.25
의왕시,2025-04-17,7,6.111111111111111
의왕시,2025-04-18,6,6.4
의왕시,2025-04-19,7,6.454545454545454
의왕시,2025-04-20,4,6.416666666666667
의왕시,2025-04-21,2,6.153846153846154
의왕시,2025-04-22,4,6.0
의왕시,2025-04-23,5,5.357142857142857
의왕시,2025-04-24,9,5.0
의왕시,2025-04-25,7,5.0
의왕시,2025-04-26,6,5.142857142857143
의왕시,2025-04-27,3,4.714285714285714
의왕시,2025-04-28,4,4.5
의왕시,2025-04-29,3,4.5
의왕시,2025-04-30,3,4.428571428571429
의왕시,2025-05-01,7,4.428571428571429
의왕시,2025-05-02,8,4.0
의왕시,2025-05-03,1,4.428571428571429
의왕시,2025-05-04,1,4.857142857142857
의왕시,2025-05-05,2,5.0
의왕시,2025-05-06,3,5.214285714285714
의왕시,2025-05-07,5,5.428571428571429
의왕시,2025-05-08,3,5.428571428571429
의왕시,2025-05-09,13,5.357142857142857
의왕시,2025-05-10,12,5.285714285714286
의왕시,2025-05-11,5,5.785714285714286
의왕시,2025-05-12,7,5.928571428571429
의왕시,2025-05-13,6,6.071428571428571
의왕시,2025-05-14,3,6.357142857142857
의왕시,2025-05-15,6,6.5
의왕시,2025-05-16,7,6.714285714285714
의왕시,2025-05-17,8,6.285714285714286
의왕시,2025-05-18,3,6.642857142857143
의왕시,2025-05-19,4,6.428571428571429
의왕시,2025-05-20,7,6.571428571428571
의왕시,2025-05-21,7,7.0
의왕시,2025-05-22,6,7.357142857142857
의왕시,2025-05-23,7,7.428571428571429
의왕시,2025-05-24,17,7.714285714285714
의왕시,2025-05-25,2,8.071428571428571
의왕시,2025-05-26,9,8.142857142857142
의왕시,2025-05-27,12,8.428571428571429
의왕시,2025-05-28,8,9.357142857142858
의왕시,2025-05-29,7,9.142857142857142
의왕시,2025-05-30,11,9.571428571428571
의왕시,2025-05-31,13,10.428571428571429
의왕시,2025-06-01,4,9.714285714285714
의왕시,2025-06-02,8,9.714285714285714
의왕시,2025-06-03,20,9.5
의왕시,2025-06-04,4,9.357142857142858
의왕시,2025-06-05,12,9.714285714285714
의왕시,2025-06-06,19,9.642857142857142
의왕시,2025-06-07,7,9.357142857142858
의왕시,2025-06-08,2,10.785714285714286
의왕시,2025-06-09,6,10.642857142857142
의왕시,2025-06-10,10,10.642857142857142
의왕시,2025-06-11,13,9.857142857142858
의왕시,2025-06-12,6,10.357142857142858
의왕시,2025-06-13,7,10.214285714285714
의왕시,2025-06-14,33,9.5
의왕시,2025-06-15,2,10.0
의왕시,2025-06-16,8,10.142857142857142
의왕시,2025-06-17,9,10.571428571428571
의왕시,2025-06-18,11,10.642857142857142
의왕시,2025-06-19,10,10.285714285714286
의왕시,2025-06-20,9,10.714285714285714
의왕시,2025-06-21,14,11.285714285714286
의왕시,2025-06-22,4,9.785714285714286
의왕시,2025-06-23,12,10.071428571428571
의왕시,2025-06-24,11,9.857142857142858
의왕시,2025-06-25,8,9.5
의왕시,2025-06-26,12,9.285714285714286
의왕시,2025-06-27,15,8.857142857142858
의왕시,2025-06-28,12,8.571428571428571
의왕시,2025-06-29,6,8.071428571428571
의왕시,2025-06-30,5,7.857142857142857
의왕시,2025-07-01,4,7.357142857142857
의왕시,2025-07-02,8,7.071428571428571
의왕시,2025-07-03,4,6.785714285714286
의왕시,2025-07-04,5,6.142857142857143
의왕시,2025-07-05,7,5.428571428571429
의왕시,2025-07-06,1,5.071428571428571
의왕시,2025-07-07,5,4.714285714285714
의왕시,2025-07-08,7,4.785714285714286
의왕시,2025-07-09,4,4.642857142857143
의왕시,2025-07-10,3,4.571428571428571
의왕시,2025-07-11,5,4.5
의왕시,2025-07-12,7,4.714285714285714
의왕시,2025-07-13,1,4.357142857142857
의왕시,2025-07-14,6,4.5
의왕시,2025-07-15,2,4.428571428571429
의왕시,2025-07-16,7,4.142857142857143
의왕시,2025-07-17,3,3.9285714285714284
의왕시,2025-07-18,8,3.9285714285714284
의왕시,2025-07-19,2,4.214285714285714
의왕시,2025-07-21,3,3.857142857142857
의왕시,2025-07-22,4,3.857142857142857
의왕시,2025-07-23,3,3.642857142857143
의왕시,2025-07-24,1,3.5714285714285716
의왕시,2025-07-25,3,3.142857142857143
의왕시,2025-07-26,9,3.0714285714285716
의왕시,2025-07-28,2,2.5714285714285716
의왕시,2025-07-29,1,2.5714285714285716
의왕시,2025-07-30,3,2.5714285714285716
의왕시,2025-07-31,1,2.357142857142857
의왕시,2025-08-01,1,2.2142857142857144
의왕시,2025-08-02,2,2.5714285714285716
의왕시,2025-08-03,1,3.0714285714285716
의왕시,2025-08-04,2,2.5
의왕시,2025-08-05,3,2.857142857142857
의왕시,2025-08-06,1,2.9285714285714284
의왕시,2025-08-07,1,2.857142857142857
의왕시,2025-08-08,6,2.9285714285714284
의왕시,2025-08-09,10,3.142857142857143
의왕시,2025-08-10,1,3.2142857142857144
의왕시,2025-08-11,7,3.2142857142857144
의왕시,2025-08-12,2,3.357142857142857
의왕시,2025-08-13,2,3.357142857142857
의왕시,2025-08-14,2,3.4285714285714284
의왕시,2025-08-15,4,3.7142857142857144
의왕시,2025-08-16,3,3.5714285714285716
의왕시,2025-08-17,1,3.2142857142857144
의왕시,2025-08-18,4,3.4285714285714284
의왕시,2025-08-19,3,3.642857142857143
의왕시,2025-08-20,2,4.071428571428571
의왕시,2025-08-21,5,4.285714285714286
의왕시,2025-08-22,4,4.357142857142857
의왕시,2025-08-23,5,4.642857142857143
의왕시,2025-08-25,4,4.785714285714286
의왕시,2025-08-26,10,5.285714285714286
의왕시,2025-08-27,8,5.285714285714286
의왕시,2025-08-28,5,5.642857142857143
의왕시,2025-08-29,3,6.214285714285714
의왕시,2025-08-30,8,6.357142857142857
의왕시,2025-09-01,5,6.142857142857143
의왕시,2025-09-02,8,6.285714285714286
의왕시,2025-09-03,4,6.357142857142857
의왕시,2025-09-04,8,6.071428571428571
의왕시,2025-09-05,10,5.928571428571429
의왕시,2025-09-06,7,6.142857142857143
의왕시,2025-09-07,1,6.5
의왕시,2025-09-08,7,6.0
의왕시,2025-09-09,5,6.071428571428571
의왕시,2025-09-10,6,6.214285714285714
의왕시,2025-09-11,6,6.142857142857143
의왕시,2025-09-12,8,6.0
의왕시,2025-09-13,8,5.785714285714286
의왕시,2025-09-14,1,6.285714285714286
의왕시,2025-09-15,6,6.5
의왕시,2025-09-16,10,6.357142857142857
의왕시,2025-09-17,3,6.642857142857143
의왕시,2025-09-18,6,6.428571428571429
의왕시,2025-09-19,7,6.571428571428571
의왕시,2025-09-20,14,6.714285714285714
의왕시,2025-09-21,4,7.357142857142857
의왕시,2025-09-22,5,7.428571428571429
의왕시,2025-09-23,9,7.5
의왕시,2025-09-24,3,7.714285714285714
의왕시,2025-09-25,8,8.428571428571429
의왕시,2025-09-26,10,8.857142857142858
의왕시,2025-09-27,17,9.285714285714286
의왕시,2025-09-28,2,8.428571428571429
의왕시,2025-09-29,7,8.214285714285714
의왕시,2025-09-30,13,8.0
의왕시,2025-10-01,13,7.857142857142857
의왕시,2025-10-02,12,9.071428571428571
의왕시,2025-10-03,13,8.785714285714286
의왕시,2025-10-04,2,9.142857142857142
의왕시,2025-10-05,1,9.142857142857142
의왕시,2025-10-09,2,11.642857142857142
의왕시,2025-10-10,7,11.714285714285714
의왕시,2025-10-11,20,11.857142857142858
의왕시,2025-10-12,4,12.428571428571429
의왕시,2025-10-13,15,12.357142857142858
의왕시,2025-10-14,17,11.642857142857142
의왕시,2025-10-15,37,11.714285714285714
의왕시,2025-10-16,8,11.857142857142858
의왕시,2025-10-17,15,12.0
의왕시,2025-10-18,21,12.0
의왕시,2025-10-19,11,10.785714285714286
의왕시,2025-11-04,3,10.571428571428571
의왕시,2025-11-05,3,9.714285714285714
의왕시,2025-11-06,3,8.642857142857142
의왕시,2025-11-07,4,6.428571428571429
의왕시,2025-11-08,7,6.0
의왕시,2025-11-11,3,5.357142857142857
의왕시,2025-11-12,1,4.142857142857143
의왕시,2025-11-13,3,3.5
의왕시,2025-11-14,2,3.5
의왕시,2025-11-17,6,3.357142857142857
의왕시,2025-11-18,2,3.642857142857143
의왕시,2025-11-19,6,3.642857142857143
의왕시,2025-11-20,4,3.5
의왕시,2025-11-21,2,3.5714285714285716
의왕시,2025-11-22,3,4.142857142857143
의왕시,2025-11-24,1,4.214285714285714
의왕시,2025-11-25,7,4.357142857142857
의왕시,2025-11-26,4,4.071428571428571
의왕시,2025-11-27,5,4.428571428571429
의왕시,2025-11-28,4,4.142857142857143
의왕시,2025-11-29,9,4.071428571428571
의왕시,2025-12-01,4,4.142857142857143
의왕시,2025-12-02,4,4.142857142857143
의왕시,2025-12-03,2,4.857142857142857
의왕시,2025-12-04,7,5.214285714285714
의왕시,2025-12-05,2,5.5
의왕시,2025-12-06,3,6.214285714285714
의왕시,2025-12-08,3,6.071428571428571
의왕시,2025-12-09,3,5.785714285714286
의왕시,2025-12-10,11,5.857142857142857
의왕시,2025-12-11,12,5.785714285714286
의왕시,2025-12-12,8,6.071428571428571
의왕시,2025-12-13,15,6.0
의왕시,2025-12-14,2,6.428571428571429
의왕시,2025-12-15,5,6.571428571428571
의왕시,2025-12-16,5,6.642857142857143
의왕시,2025-12-17,3,6.642857142857143
의왕시,2025-12-18,6,5.928571428571429
의왕시,2025-12-19,6,5.357142857142857
의왕시,2025-12-20,8,5.285714285714286
의왕시,2025-12-22,5,4.285714285714286
의왕시,2025-12-23,4,4.285714285714286
의왕시,2025-12-24,3,4.714285714285714
의왕시,2025-12-25,1,4.571428571428571
의왕시,2025-12-26,4,4.571428571428571
의왕시,2025-12-27,7,4.214285714285714
의왕시,2025-12-29,1,4.142857142857143
의왕시,2025-12-30,2,3.857142857142857
의왕시,2025-12-31,11,3.7857142857142856
의왕시,2026-01-02,3,4.214285714285714
의왕시,2026-01-03,3,5.285714285714286
의왕시,2026-01-05,1,5.285714285714286
의왕시,2026-01-06,5,5.5
의왕시,2026-01-07,4,5.214285714285714
의왕시,2026-01-08,4,5.285714285714286
의왕시,2026-01-09,10,5.571428571428571
의왕시,2026-01-10,18,5.0
의왕시,2026-01-11,1,5.214285714285714
의왕시,2026-01-12,7,5.142857142857143
의왕시,2026-01-13,3,5.285714285714286
의왕시,2026-01-14,2,5.214285714285714
의왕시,2026-01-15,6,5.071428571428571
의왕시,2026-01-16,3,4.857142857142857
의왕시,2026-01-17,6,5.285714285714286
의왕시,2026-01-18,2,4.785714285714286
의왕시,2026-01-19,3,4.785714285714286
의왕시,2026-01-20,4,4.857142857142857
의왕시,2026-01-21,2,4.928571428571429
의왕시,2026-01-22,1,5.071428571428571
의왕시,2026-01-23,16,5.0
의왕시,2026-01-24,11,5.214285714285714
의왕시,2026-01-25,1,5.5
의왕시,2026-01-26,8,5.428571428571429
의왕시,2026-01-27,4,5.428571428571429
의왕시,2026-01-28,4,5.714285714285714
의왕시,2026-01-29,5,5.928571428571429
의왕시,2026-01-30,6,6.428571428571429
의왕시,2026-01-31,10,5.928571428571429
의왕시,2026-02-01,1,5.714285714285714
의왕시,2026-02-02,3,6.357142857142857
의왕시,2026-02-03,8,6.0
의왕시,2026-02-04,5,6.0
의왕시,2026-02-05,8,6.5
의왕시,2026-02-06,9,7.642857142857143
의왕시,2026-02-07,8,8.0
의왕시,2026-02-09,10,7.785714285714286
의왕시,2026-02-10,3,8.285714285714286
의왕시,2026-02-11,4,8.5
의왕시,2026-02-12,11,8.357142857142858
의왕시,2026-02-13,21,8.785714285714286
의왕시,2026-02-14,11,8.571428571428571
의왕시,2026-02-19,7,8.428571428571429
의왕시,2026-02-20,8,8.357142857142858
의왕시,2026-02-21,6,8.214285714285714
의왕시,2026-02-23,6,8.071428571428571
의왕시,2026-02-24,11,8.0
의왕시,2026-02-25,5,7.714285714285714
의왕시,2026-02-26,7,6.5
의왕시,2026-02-27,7,6.142857142857143
의왕시,2026-02-28,8,5.928571428571429
의왕시,2026-03-01,1,5.857142857142857
의왕시,2026-03-02,3,6.0
의왕시,2026-03-03,7,5.714285714285714
의왕시,2026-03-04,4,5.285714285714286
의왕시,2026-03-06,6,5.428571428571429
의왕시,2026-03-07,4,5.071428571428571
의왕시,2026-03-09,7,5.214285714285714
의왕시,2026-03-10,8,4.928571428571429
의왕시,2026-03-11,2,5.142857142857143
의왕시,2026-03-13,5,5.071428571428571
의왕시,2026-03-14,7,5.142857142857143
의왕시,2026-03-15,2,5.785714285714286
의왕시,2026-03-16,9,5.571428571428571
의왕시,2026-03-17,4,5.928571428571429
의왕시,2026-03-18,4,5.857142857142857
의왕시,2026-03-19,2,5.714285714285714
의왕시,2026-03-20,8,5.857142857142857
의왕시,2026-03-21,13,6.285714285714286
의왕시,2026-03-22,3,6.857142857142857
의왕시,2026-03-23,9,6.785714285714286
의왕시,2026-03-24,6,6.785714285714286
의왕시,2026-03-25,6,7.071428571428571
의왕시,2026-03-26,4,7.142857142857143
의왕시,2026-03-27,11,7.285714285714286
의왕시,2026-03-28,15,6.928571428571429
의왕시,2026-03-29,1,6.142857142857143
의왕시,2026-03-30,9,6.428571428571429
의왕시,2026-03-31,8,7.142857142857143
의왕시,2026-04-01,5,7.142857142857143
의왕시,2026-04-02,4,7.214285714285714
의왕시,2026-04-03,3,7.785714285714286
의왕시,2026-04-04,2,8.285714285714286
의왕시,2026-04-06,7,7.357142857142857
의왕시,2026-04-07,19,8.428571428571429
의왕시,2026-04-08,6,8.428571428571429
의왕시,2026-04-09,7,8.461538461538462
의왕시,2026-04-10,12,8.75
의왕시,2026-04-11,18,9.181818181818182
의왕시,2026-04-12,2,9.8
의왕시,2026-04-13,16,10.666666666666666
의왕시,2026-04-14,9,11.125
하남시,2025-04-15,6,7.428571428571429
하남시,2025-04-16,8,7.75
하남시,2025-04-17,6,7.777777777777778
하남시,2025-04-18,6,7.5
하남시,2025-04-19,17,7.909090909090909
하남시,2025-04-20,3,8.916666666666666
하남시,2025-04-21,6,8.384615384615385
하남시,2025-04-22,10,8.357142857142858
하남시,2025-04-23,8,8.428571428571429
하남시,2025-04-24,5,8.428571428571429
하남시,2025-04-25,12,8.785714285714286
하남시,2025-04-26,20,8.785714285714286
하남시,2025-04-27,2,8.357142857142858
하남시,2025-04-28,8,8.357142857142858
하남시,2025-04-29,7,8.142857142857142
하남시,2025-04-30,8,8.0
하남시,2025-05-01,11,8.0
하남시,2025-05-02,6,8.214285714285714
하남시,2025-05-03,11,8.142857142857142
하남시,2025-05-04,3,7.928571428571429
하남시,2025-05-05,3,8.0
하남시,2025-05-06,8,8.142857142857142
하남시,2025-05-07,8,8.071428571428571
하남시,2025-05-08,8,8.142857142857142
하남시,2025-05-09,11,7.857142857142857
하남시,2025-05-10,17,7.785714285714286
하남시,2025-05-11,3,8.928571428571429
하남시,2025-05-12,10,9.142857142857142
하남시,2025-05-13,6,9.714285714285714
하남시,2025-05-14,9,9.642857142857142
하남시,2025-05-15,7,9.785714285714286
하남시,2025-05-16,5,9.571428571428571
하남시,2025-05-17,27,10.357142857142858
하남시,2025-05-18,6,11.071428571428571
하남시,2025-05-19,11,11.714285714285714
하남시,2025-05-20,7,12.071428571428571
하남시,2025-05-21,10,12.357142857142858
하남시,2025-05-22,5,12.714285714285714
하남시,2025-05-23,22,13.642857142857142
하남시,2025-05-24,27,14.357142857142858
하남시,2025-05-25,12,14.428571428571429
하남시,2025-05-26,15,14.214285714285714
하남시,2025-05-27,10,14.428571428571429
하남시,2025-05-28,14,15.214285714285714
하남시,2025-05-29,20,15.714285714285714
하남시,2025-05-30,15,16.428571428571427
하남시,2025-05-31,28,16.642857142857142
하남시,2025-06-01,3,16.857142857142858
하남시,2025-06-02,14,16.428571428571427
하남시,2025-06-03,18,16.714285714285715
하남시,2025-06-04,17,17.285714285714285
하남시,2025-06-05,15,17.5
하남시,2025-06-06,25,17.214285714285715
하남시,2025-06-07,30,17.5
하남시,2025-06-08,6,19.5
하남시,2025-06-09,19,20.428571428571427
하남시,2025-06-10,18,20.857142857142858
하남시,2025-06-11,17,21.142857142857142
하남시,2025-06-12,16,21.642857142857142
하남시,2025-06-13,19,21.857142857142858
하남시,2025-06-14,56,22.0
하남시,2025-06-15,16,24.0
하남시,2025-06-16,20,24.5
하남시,2025-06-17,22,24.5
하남시,2025-06-18,24,25.071428571428573
하남시,2025-06-19,18,25.642857142857142
하남시,2025-06-20,27,26.285714285714285
하남시,2025-06-21,58,27.857142857142858
하남시,2025-06-22,13,25.714285714285715
하남시,2025-06-23,19,24.928571428571427
하남시,2025-06-24,26,24.285714285714285
하남시,2025-06-25,25,23.714285714285715
하남시,2025-06-26,25,22.642857142857142
하남시,2025-06-27,41,21.785714285714285
하남시,2025-06-28,26,20.428571428571427
하남시,2025-06-29,5,17.571428571428573
하남시,2025-06-30,11,16.928571428571427
하남시,2025-07-01,14,16.0
하남시,2025-07-02,9,14.857142857142858
하남시,2025-07-03,6,13.5
하남시,2025-07-04,8,12.785714285714286
하남시,2025-07-05,18,10.5
하남시,2025-07-06,4,9.5
하남시,2025-07-07,6,9.428571428571429
하남시,2025-07-08,10,9.214285714285714
하남시,2025-07-09,6,9.071428571428571
하남시,2025-07-10,15,8.642857142857142
하남시,2025-07-11,9,8.642857142857142
하남시,2025-07-12,12,8.571428571428571
하남시,2025-07-13,4,8.214285714285714
하남시,2025-07-14,8,8.0
하남시,2025-07-15,12,8.0
하남시,2025-07-16,3,7.785714285714286
하남시,2025-07-17,6,7.857142857142857
하남시,2025-07-18,7,8.071428571428571
하남시,2025-07-19,13,7.857142857142857
하남시,2025-07-20,1,7.5
하남시,2025-07-21,6,7.428571428571429
하남시,2025-07-22,7,7.285714285714286
하남시,2025-07-23,7,6.857142857142857
하남시,2025-07-24,18,7.285714285714286
하남시,2025-07-25,6,7.285714285714286
하남시,2025-07-26,7,7.142857142857143
하남시,2025-07-27,3,6.928571428571429
하남시,2025-07-28,6,7.0
하남시,2025-07-29,6,6.928571428571429
하남시,2025-07-30,9,6.714285714285714
하남시,2025-07-31,6,6.5
하남시,2025-08-01,5,5.714285714285714
하남시,2025-08-02,10,6.0
하남시,2025-08-03,2,6.285714285714286
하남시,2025-08-04,5,6.214285714285714
하남시,2025-08-05,4,6.428571428571429
하남시,2025-08-06,4,7.0
하남시,2025-08-07,7,6.857142857142857
하남시,2025-08-08,10,7.142857142857143
하남시,2025-08-09,11,7.428571428571429
하남시,2025-08-10,2,7.857142857142857
하남시,2025-08-11,9,8.142857142857142
하남시,2025-08-12,14,8.142857142857142
하남시,2025-08-13,7,8.714285714285714
하남시,2025-08-14,10,9.0
하남시,2025-08-15,9,9.357142857142858
하남시,2025-08-16,16,9.357142857142858
하남시,2025-08-17,6,10.0
하남시,2025-08-18,5,10.0
하남시,2025-08-19,12,10.214285714285714
하남시,2025-08-20,8,10.214285714285714
하남시,2025-08-21,12,10.714285714285714
하남시,2025-08-22,10,11.142857142857142
하남시,2025-08-23,20,11.071428571428571
하남시,2025-08-24,2,12.0
하남시,2025-08-25,12,12.357142857142858
하남시,2025-08-26,14,12.5
하남시,2025-08-27,14,12.571428571428571
하남시,2025-08-28,16,12.785714285714286
하남시,2025-08-29,8,12.785714285714286
하남시,2025-08-30,29,13.071428571428571
하남시,2025-08-31,11,13.357142857142858
하남시,2025-09-01,7,13.857142857142858
하남시,2025-09-02,13,14.071428571428571
하남시,2025-09-03,11,14.0
하남시,2025-09-04,12,13.714285714285714
하남시,2025-09-05,14,14.071428571428571
하남시,2025-09-06,24,14.357142857142858
하남시,2025-09-07,9,14.857142857142858
하남시,2025-09-08,15,14.785714285714286
하남시,2025-09-09,13,15.428571428571429
하남시,2025-09-10,10,16.142857142857142
하남시,2025-09-11,21,16.928571428571427
하남시,2025-09-12,12,17.0
하남시,2025-09-13,36,17.928571428571427
하남시,2025-09-14,10,18.857142857142858
하남시,2025-09-15,16,18.714285714285715
하남시,2025-09-16,23,19.357142857142858
하남시,2025-09-17,22,19.785714285714285
하남시,2025-09-18,13,20.714285714285715
하남시,2025-09-19,27,20.785714285714285
하남시,2025-09-20,37,22.571428571428573
하남시,2025-09-21,7,24.071428571428573
하남시,2025-09-22,24,24.428571428571427
하남시,2025-09-23,19,25.857142857142858
하남시,2025-09-24,23,26.857142857142858
하남시,2025-09-25,22,27.142857142857142
하남시,2025-09-26,37,29.357142857142858
하남시,2025-09-27,57,30.071428571428573
하남시,2025-09-28,15,29.0
하남시,2025-09-29,36,28.571428571428573
하남시,2025-09-30,37,27.071428571428573
하남시,2025-10-01,26,26.714285714285715
하남시,2025-10-02,44,27.357142857142858
하남시,2025-10-03,37,29.071428571428573
하남시,2025-10-04,22,27.785714285714285
하남시,2025-10-06,1,26.0
하남시,2025-10-08,3,28.357142857142858
하남시,2025-10-09,14,32.57142857142857
하남시,2025-10-10,32,31.571428571428573
하남시,2025-10-11,46,32.42857142857143
하남시,2025-10-12,19,34.5
하남시,2025-10-13,32,34.642857142857146
하남시,2025-10-14,48,33.285714285714285
하남시,2025-10-15,95,33.42857142857143
하남시,2025-10-16,23,33.42857142857143
하남시,2025-10-17,38,32.785714285714285
하남시,2025-10-18,73,30.642857142857142
하남시,2025-10-19,39,27.428571428571427
하남시,2025-11-07,3,26.357142857142858
하남시,2025-11-08,3,24.571428571428573
하남시,2025-11-10,3,21.214285714285715
하남시,2025-11-11,5,14.571428571428571
하남시,2025-11-12,2,13.785714285714286
하남시,2025-11-13,1,11.571428571428571
하남시,2025-11-14,4,6.785714285714286
하남시,2025-11-15,7,4.642857142857143
하남시,2025-11-16,1,5.285714285714286
하남시,2025-11-17,2,5.285714285714286
하남시,2025-11-18,12,5.428571428571429
하남시,2025-11-19,7,5.642857142857143
하남시,2025-11-20,6,6.857142857142857
하남시,2025-11-21,9,7.428571428571429
하남시,2025-11-22,12,8.0
하남시,2025-11-23,3,8.857142857142858
하남시,2025-11-24,5,8.857142857142858
하남시,2025-11-25,8,9.5
하남시,2025-11-26,19,9.214285714285714
하남시,2025-11-27,9,9.071428571428571
하남시,2025-11-28,12,9.285714285714286
하남시,2025-11-29,19,9.428571428571429
하남시,2025-11-30,1,9.928571428571429
하남시,2025-12-01,11,9.928571428571429
하남시,2025-12-02,8,10.214285714285714
하남시,2025-12-03,5,10.357142857142858
하남시,2025-12-04,9,9.642857142857142
하남시,2025-12-05,11,9.857142857142858
하남시,2025-12-06,19,9.571428571428571
하남시,2025-12-07,3,9.785714285714286
하남시,2025-12-08,9,10.0
하남시,2025-12-09,10,9.857142857142858
하남시,2025-12-10,9,10.0
하남시,2025-12-11,12,10.571428571428571
하남시,2025-12-12,8,10.642857142857142
하남시,2025-12-13,22,10.928571428571429
하남시,2025-12-14,4,11.285714285714286
하남시,2025-12-15,9,11.785714285714286
하남시,2025-12-16,10,11.928571428571429
하남시,2025-12-17,13,12.0
하남시,2025-12-18,10,11.5
하남시,2025-12-19,15,11.571428571428571
하남시,2025-12-20,24,12.285714285714286
하남시,2025-12-22,10,10.785714285714286
하남시,2025-12-23,11,11.0
하남시,2025-12-24,11,10.714285714285714
하남시,2025-12-25,2,10.285714285714286
하남시,2025-12-26,13,9.5
하남시,2025-12-27,18,9.357142857142858
하남시,2025-12-28,1,9.142857142857142
하남시,2025-12-29,7,7.5
하남시,2025-12-30,5,7.285714285714286
하남시,2025-12-31,4,6.785714285714286
하남시,2026-01-01,2,6.642857142857143
하남시,2026-01-02,8,7.142857142857143
하남시,2026-01-03,12,7.071428571428571
하남시,2026-01-04,1,6.071428571428571
하남시,2026-01-05,7,6.357142857142857
하남시,2026-01-06,4,6.071428571428571
하남시,2026-01-07,9,6.142857142857143
하남시,2026-01-08,9,6.071428571428571
하남시,2026-01-10,12,6.5
하남시,2026-01-12,4,6.071428571428571
하남시,2026-01-13,5,5.357142857142857
하남시,2026-01-14,3,5.785714285714286
하남시,2026-01-15,6,5.857142857142857
하남시,2026-01-16,3,6.428571428571429
하남시,2026-01-17,8,6.857142857142857
하남시,2026-01-18,2,8.357142857142858
하남시,2026-01-19,2,7.642857142857143
하남시,2026-01-20,7,8.071428571428571
하남시,2026-01-21,8,8.071428571428571
하남시,2026-01-22,12,8.714285714285714
하남시,2026-01-23,15,9.285714285714286
하남시,2026-01-24,30,10.071428571428571
하남시,2026-01-25,2,10.857142857142858
하남시,2026-01-26,10,10.928571428571429
하남시,2026-01-27,5,11.214285714285714
하남시,2026-01-28,12,11.142857142857142
하남시,2026-01-29,14,11.357142857142858
하남시,2026-01-30,14,11.5
하남시,2026-01-31,19,11.642857142857142
하남시,2026-02-01,3,10.785714285714286
하남시,2026-02-02,6,10.857142857142858
하남시,2026-02-03,6,11.642857142857142
하남시,2026-02-04,11,11.785714285714286
하남시,2026-02-05,14,11.857142857142858
하남시,2026-02-06,17,12.0
하남시,2026-02-07,18,12.428571428571429
하남시,2026-02-08,3,11.928571428571429
하남시,2026-02-09,21,11.785714285714286
하남시,2026-02-10,7,11.428571428571429
하남시,2026-02-11,13,11.714285714285714
하남시,2026-02-12,16,11.785714285714286
하남시,2026-02-13,20,11.928571428571429
하남시,2026-02-14,12,10.785714285714286
하남시,2026-02-15,1,9.857142857142858
하남시,2026-02-18,1,10.5
하남시,2026-02-19,10,9.714285714285714
하남시,2026-02-20,12,9.857142857142858
하남시,2026-02-21,16,10.0
하남시,2026-02-22,1,10.142857142857142
하남시,2026-02-23,5,9.0
하남시,2026-02-24,12,8.357142857142858
하남시,2026-02-25,10,8.785714285714286
하남시,2026-02-26,9,9.214285714285714
하남시,2026-02-27,15,9.142857142857142
하남시,2026-02-28,18,9.071428571428571
하남시,2026-03-01,4,8.428571428571429
하남시,2026-03-02,3,8.5
하남시,2026-03-03,7,8.428571428571429
하남시,2026-03-04,7,7.785714285714286
하남시,2026-03-05,9,7.5
하남시,2026-03-06,11,7.357142857142857
하남시,2026-03-07,7,7.214285714285714
하남시,2026-03-08,2,6.5
하남시,2026-03-09,4,6.428571428571429
하남시,2026-03-10,3,7.071428571428571
하남시,2026-03-11,6,7.428571428571429
하남시,2026-03-12,7,7.642857142857143
하남시,2026-03-13,13,7.571428571428571
하남시,2026-03-14,8,7.714285714285714
하남시,2026-03-15,3,7.928571428571429
하남시,2026-03-16,12,8.0
하남시,2026-03-17,12,8.071428571428571
하남시,2026-03-18,10,8.785714285714286
하남시,2026-03-19,8,9.214285714285714
하남시,2026-03-20,13,9.428571428571429
하남시,2026-03-21,10,9.357142857142858
하남시,2026-03-22,3,10.5
하남시,2026-03-23,5,10.571428571428571
하남시,2026-03-24,13,10.142857142857142
하남시,2026-03-25,12,9.714285714285714
하남시,2026-03-26,10,9.785714285714286
하남시,2026-03-27,12,9.857142857142858
하남시,2026-03-28,24,9.214285714285714
하남시,2026-03-29,4,10.0
하남시,2026-03-30,6,10.071428571428571
하남시,2026-03-31,6,10.285714285714286
하남시,2026-04-01,11,9.714285714285714
하남시,2026-04-02,9,9.5
하남시,2026-04-03,4,9.714285714285714
하남시,2026-04-04,21,10.0
하남시,2026-04-05,4,9.428571428571429
하남시,2026-04-06,8,9.285714285714286
하남시,2026-04-07,5,9.285714285714286
하남시,2026-04-08,9,9.357142857142858
하남시,2026-04-09,13,9.23076923076923
하남시,2026-04-10,16,9.25
하남시,2026-04-11,16,9.727272727272727
하남시,2026-04-12,2,8.6
하남시,2026-04-13,6,9.11111111111111
하남시,2026-04-14,7,9.25
