{"type": "FeatureCollection", "features": [{"id": "종로구", "type": "Feature", "properties": {"SIG_CD": "11110", "SIG_ENG_NM": "Jongno-gu", "SIG_KOR_NM": "종로구", "district": "종로구", "regulation_type": "2025.10.15 신규 규제지역", "region": "종로구", "before_count": 360.0, "after_count": 290.0, "count_change": -70.0, "count_change_pct": -19.444444444444446, "before_daily_avg": 1.9672131147540983, "after_daily_avg": 1.5934065934065933, "daily_avg_change_pct": -19.001831501831507, "label_lon": 126.96673906160505, "label_lat": 37.59910448266109, "name": "종로구"}, "geometry": {"type": "MultiPolygon", "coordinates": [[[[127.00864326221884, 37.580468252047105], [127.01059113253235, 37.580253773768526], [127.0111144791085, 37.581044068617025], [127.01176090634483, 37.58156038755158], [127.01285337120136, 37.58135953897847], [127.01319532514357, 37.58142032222447], [127.01408162107425, 37.58179611367597], [127.01422123698606, 37.58207737760576], [127.014810701263, 37.58232958882372], [127.01537419316941, 37.581820746173975], [127.01635774822341, 37.58193578168718], [127.01668335907961, 37.581714160781004], [127.01686840230592, 37.58087677825998], [127.01727730841915, 37.580552648608084], [127.01757748799822, 37.579719195706424], [127.01797226020396, 37.579515860770975], [127.0182795810387, 37.57902900548886], [127.01815231098062, 37.57861512824803], [127.01769477044314, 37.57813879510484], [127.01810733009164, 37.57757844120565], [127.01841795402973, 37.577670739290596], [127.01877240094255, 37.5775180878844], [127.01950178927393, 37.57790793513549], [127.01937128077402, 37.57808026866083], [127.02140584480374, 37.5788550713267], [127.02179270308474, 37.57887134041367], [127.02232684085057, 37.57862854870708], [127.02275729689781, 37.578334804454], [127.02253011048808, 37.578084253667896], [127.02288986394761, 37.577825362625596], [127.02313874796074, 37.57802107470538], [127.0233653243673, 37.571914312786596], [127.0222050813816, 37.572022072676106], [127.0207546595126, 37.57171570277311], [127.01905353153956, 37.57102783825882], [127.01736500205286, 37.57008488677832], [127.01587955545014, 37.569761532008705], [127.00225770946939, 37.56961571318643], [126.99795832630545, 37.568840812024426], [126.99015096725911, 37.56813614207205], [126.98663917786877, 37.56823232864513], [126.98268381263847, 37.56900942482905], [126.98056428030364, 37.568989363061426], [126.97757959657581, 37.56931258369729], [126.97644485805446, 37.56923689040821], [126.97637526286931, 37.569484368019744], [126.97470665199118, 37.56920131586671], [126.9742044760442, 37.5693402952952], [126.97320520105838, 37.56931894072283], [126.97319164211014, 37.56916520187448], [126.97287928630718, 37.56919272378316], [126.97280705303962, 37.56899846221446], [126.97259140801667, 37.569060037162394], [126.9724186966137, 37.56883108967704], [126.97255201713622, 37.56847466451296], [126.97166223968382, 37.5684096888359], [126.97151250184223, 37.56871035568017], [126.97117552890222, 37.56881923506415], [126.96950710344818, 37.56815712677858], [126.96942428650055, 37.56827648523523], [126.96927453853505, 37.56813397116472], [126.96909869134876, 37.56824768178329], [126.96669820849176, 37.5658199517046], [126.95833784906519, 37.57409840438885], [126.9563702111691, 37.575685090565926], [126.9556340030282, 37.57659480355988], [126.95544937472225, 37.57654489807081], [126.95355851287458, 37.5787487424482], [126.9551068088916, 37.57929615200287], [126.95567810406195, 37.57968435800828], [126.95720210159729, 37.57981924098572], [126.95722389612912, 37.580351398742636], [126.95803152876663, 37.580735465120256], [126.9581734297389, 37.58098469406512], [126.9575498126496, 37.582302723274175], [126.95798585894545, 37.584430896361646], [126.95746395489444, 37.586024879590425], [126.95737423686833, 37.58697032211151], [126.95746405220025, 37.58795383510524], [126.95732667906364, 37.58872216186671], [126.95781953353399, 37.59146021299938], [126.95781039524464, 37.592565321205065], [126.95751199508912, 37.5930610310628], [126.95751703003393, 37.5935289861838], [126.95854085361059, 37.59418341490388], [126.95903394784365, 37.594788658334785], [126.95905132514383, 37.59503447106804], [126.95864534216308, 37.59586294127395], [126.95870696245184, 37.59637934454529], [126.95804209218099, 37.59815601261125], [126.95730812799431, 37.59853105368453], [126.95674705422645, 37.59857533275632], [126.95659878544377, 37.59886893397261], [126.95541147126949, 37.59927391868016], [126.95488117456664, 37.59930947036456], [126.95414136069803, 37.59909829154253], [126.95384119879947, 37.59867330291422], [126.95350880445974, 37.598578844215346], [126.95323773667533, 37.59859534778094], [126.95301139131139, 37.59893565554397], [126.95338061723918, 37.59953130268153], [126.95336198641067, 37.60016845246013], [126.95259710231558, 37.60122904559563], [126.95237544944285, 37.60247596804534], [126.95266990896083, 37.60271316591098], [126.95327550208299, 37.60366282562505], [126.95356694726046, 37.60447945993357], [126.95406060881398, 37.605072902425036], [126.95309631017626, 37.60550300916904], [126.9527101146262, 37.60591364400792], [126.95258628845487, 37.6066569031474], [126.95174403885129, 37.60738522029651], [126.951447918028, 37.60801521488665], [126.95059634449449, 37.60836060237792], [126.95054203475692, 37.608865975749005], [126.95033005082706, 37.60910859049794], [126.950381591966, 37.6105817180244], [126.94981032184621, 37.61165560131083], [126.95071228437281, 37.61351708714799], [126.9505650159782, 37.615121328577644], [126.95070419899342, 37.61552908245717], [126.94983619614013, 37.618765478451735], [126.94990249644259, 37.62092194957454], [126.94889856321109, 37.62326236000489], [126.94900241813596, 37.62433513962455], [126.95041269154223, 37.62641955294204], [126.9515792138162, 37.62655576690235], [126.95198008652024, 37.62686762061486], [126.9534927744538, 37.627368001081074], [126.95403493320092, 37.6273594900116], [126.95520513674339, 37.62815141113056], [126.95637915593018, 37.62821972782881], [126.95746666433266, 37.62913068613279], [126.95881396105622, 37.62958927509572], [126.96143966883837, 37.629959318164026], [126.96376722228848, 37.62979311643656], [126.96433141659648, 37.630360065259204], [126.96522847669208, 37.63076804641092], [126.9682355489004, 37.63073007376205], [126.97132755925192, 37.63161865763446], [126.97302977149718, 37.632374767564016], [126.9736721122971, 37.63203114359754], [126.97538835557, 37.63173308706113], [126.97467090514554, 37.629805111051795], [126.97495670419951, 37.62899964660662], [126.9784186825929, 37.629289247026094], [126.97953713213934, 37.62888768718279], [126.97993000380256, 37.62856115485524], [126.98018595549608, 37.62792826365092], [126.97986783859652, 37.627451813006516], [126.97960352912689, 37.62637509404298], [126.98090864933545, 37.62539016233741], [126.98183020118937, 37.624323217561226], [126.98364817000267, 37.621147273562805], [126.98317477910872, 37.62019863996845], [126.98316351473947, 37.619252608868344], [126.98372295299613, 37.617769734688885], [126.98439922559291, 37.61687307963645], [126.9845431242362, 37.61599886970647], [126.98658441204327, 37.613978974973584], [126.98613825106196, 37.61322349892159], [126.98564789907101, 37.611379242033884], [126.9858725155488, 37.609463559545965], [126.98683405877934, 37.60886959362842], [126.98670305153611, 37.60827746986823], [126.98611202273256, 37.60739105298197], [126.98637419271562, 37.606863444667844], [126.98630897622434, 37.60650839517867], [126.98675533141062, 37.60608724258822], [126.98678713694056, 37.6045105270885], [126.9866662083111, 37.60401694458974], [126.9857568152196, 37.603451739238196], [126.98473815939825, 37.603371915872714], [126.98434114625023, 37.60312070978055], [126.9839815855288, 37.60320765580616], [126.98284727494367, 37.60214404261074], [126.98256590486868, 37.6022577468686], [126.9792080834826, 37.60104083268486], [126.97850210348138, 37.60100015287464], [126.97793540192913, 37.60030685150978], [126.9776827646152, 37.600229928861914], [126.97741471555882, 37.59910083409499], [126.97671868392565, 37.597906039720506], [126.97690523595048, 37.59771631358594], [126.97795356628836, 37.59768386688773], [126.97857101827972, 37.59725207496168], [126.9785718748471, 37.59678581600267], [126.97874017673865, 37.59663493380585], [126.98026143078953, 37.59595328988108], [126.98091042761008, 37.59583880882742], [126.98148823484757, 37.59533576277069], [126.98248082384315, 37.595196553816244], [126.98292059937717, 37.59477598146701], [126.98346695436264, 37.594684553328925], [126.98384405261326, 37.5944354342089], [126.98542945970914, 37.59444945503938], [126.98577892166601, 37.594254952632184], [126.98669817044922, 37.59274958081283], [126.98717267349419, 37.59271810498266], [126.98775500415393, 37.59225501421831], [126.98851705015227, 37.5919414408559], [126.98922200495598, 37.591257335677895], [126.98986718258632, 37.5914691325358], [126.99097007246213, 37.59153005272255], [126.99143220234407, 37.5914090187972], [126.99215978143802, 37.59199471875757], [126.99356401481649, 37.59173072513806], [126.9938244668563, 37.591447770148385], [126.99431435377781, 37.591454846768585], [126.99536180478175, 37.592279865607495], [126.99641377473343, 37.592101412734], [126.99846867642223, 37.592471166713736], [126.9994523554744, 37.592229327746075], [127.000953329366, 37.59230086464747], [127.00173230282134, 37.59135229116571], [127.00178308385539, 37.59101864740446], [127.00146321998635, 37.59055126181908], [127.00146851921748, 37.59014919732417], [127.00200581390003, 37.58968435117701], [127.00221667797027, 37.58917219420126], [127.003393485017, 37.58856907998335], [127.00351730520883, 37.58814533561529], [127.00398806400376, 37.58794457819252], [127.00389163822067, 37.58774748964524], [127.00408093246988, 37.5877336916053], [127.00425159321455, 37.58717659053981], [127.00586630878388, 37.586972018446914], [127.00662605998613, 37.58612499863152], [127.00655088897183, 37.58554585734934], [127.00690163050736, 37.585280555671076], [127.00688930494825, 37.58470346588639], [127.00727077379861, 37.583333102510885], [127.00675309804777, 37.58233641080688], [127.00832718738957, 37.58105693012449], [127.00864326221884, 37.580468252047105]]]]}}, {"id": "중구", "type": "Feature", "properties": {"SIG_CD": "11140", "SIG_ENG_NM": "Jung-gu", "SIG_KOR_NM": "중구", "district": "중구", "regulation_type": "2025.10.15 신규 규제지역", "region": "중구", "before_count": 689.0, "after_count": 456.0, "count_change": -233.0, "count_change_pct": -33.81712626995646, "before_daily_avg": 3.7650273224043715, "after_daily_avg": 2.5054945054945055, "daily_avg_change_pct": -33.45348410660457, "label_lon": 126.99297280820267, "label_lat": 37.557955712435295, "name": "중구"}, "geometry": {"type": "MultiPolygon", "coordinates": [[[[127.02313682632543, 37.571960809771866], [127.02339167465009, 37.57190727119394], [127.02358460439655, 37.565179105830445], [127.02678580720445, 37.56504049576562], [127.02674951765955, 37.56389399523596], [127.0265128865668, 37.56336753464482], [127.02594318888144, 37.5626192653234], [127.02449492198268, 37.561857382252086], [127.02338965182085, 37.56072966163836], [127.0232203711711, 37.55999961209615], [127.0224115732703, 37.55904160959898], [127.02284959937681, 37.55898014685379], [127.02288888297404, 37.557829413635034], [127.02255430043662, 37.5578286267848], [127.02192254634035, 37.55747650465557], [127.02089874985602, 37.55782778387909], [127.0195773394638, 37.55749547403986], [127.0196807254514, 37.55726288565165], [127.01941498648146, 37.557436934413545], [127.01804012562913, 37.556847824278364], [127.01736088176159, 37.55591933896003], [127.01723248034725, 37.55497219013601], [127.01685837917785, 37.55447162206337], [127.01698589002226, 37.553655650463185], [127.01637483574565, 37.553114008355145], [127.01616236437265, 37.55261003875694], [127.01598288693673, 37.552588950666696], [127.01363642880067, 37.55044345103629], [127.01216690469438, 37.54941589523627], [127.01159530502825, 37.548487924425814], [127.01092761124272, 37.54818164246353], [127.01058813747107, 37.54826895706658], [127.0100171619164, 37.547904089026304], [127.00968015536587, 37.547888633767656], [127.00909870593077, 37.54705158838523], [127.00921196674615, 37.54638344174527], [127.00871208660857, 37.546015192914574], [127.00815329476744, 37.545059895059424], [127.00854044941549, 37.54457952687607], [127.00891721475394, 37.54447617811812], [127.00898807284568, 37.54413492295631], [127.00726597446224, 37.54385739666624], [127.00501730974955, 37.54617162818883], [127.0054339151504, 37.54706359678861], [127.00533013952747, 37.54734853874728], [127.00613116299357, 37.548208677669], [127.00607653851816, 37.54837113753822], [127.00569496349442, 37.54828217875658], [127.00495676065043, 37.5484317130595], [127.00468854390093, 37.5486851243668], [127.00457489535542, 37.54980010396213], [127.00433621422309, 37.550211187076286], [127.00342134211606, 37.55001946545667], [127.00282757396327, 37.54963288528071], [127.00219863377349, 37.54971116868771], [127.00168409023428, 37.550059736954566], [127.00110943154043, 37.549897837276035], [127.0005227422237, 37.550021440753184], [127.00012420422965, 37.54981758748718], [126.99832507281, 37.54969536012622], [126.99766025301473, 37.54936225286032], [126.99674827883224, 37.54852119828482], [126.99669758240793, 37.54781617049181], [126.99635546577453, 37.54744872271258], [126.99522016889088, 37.547232429665165], [126.99445932474396, 37.54748804296712], [126.99400941968987, 37.54840984653268], [126.99337195827617, 37.548811024706055], [126.99296078112081, 37.54951770609065], [126.99236880160483, 37.55006319379882], [126.99164727256755, 37.55027134570888], [126.99076465348537, 37.551080187326825], [126.99024494317001, 37.55128060932623], [126.9893792228976, 37.55127657716316], [126.98865579492421, 37.551552708332565], [126.98756446175618, 37.55149346139543], [126.98610811574132, 37.55334086984855], [126.98541823680667, 37.55370539965382], [126.9846237094517, 37.5531368176815], [126.9840278186156, 37.55303903651158], [126.98330965123832, 37.553357365047205], [126.98248454857995, 37.55347831003777], [126.98171932039372, 37.553859411306235], [126.98089034746471, 37.55386828831452], [126.98035203062122, 37.55339122669911], [126.97873200069083, 37.553204537280216], [126.97879539029304, 37.55408723185801], [126.97725810135006, 37.555011008752516], [126.97654787901351, 37.55521921469446], [126.97642851767368, 37.55308862638831], [126.97583181118678, 37.55338835675763], [126.97435064970327, 37.553548239401145], [126.97241201077775, 37.554651770008874], [126.97240821104255, 37.55487729595514], [126.969171685753, 37.554876174397116], [126.96918371564803, 37.55566257096433], [126.96701803496649, 37.55454810887678], [126.96571003490389, 37.55415184232655], [126.96234281041829, 37.55154888361952], [126.96228940897021, 37.55290570377568], [126.9617772711167, 37.55498203609259], [126.96343694411152, 37.556853543015436], [126.96305204319404, 37.55741484308906], [126.96307798545591, 37.55820322663176], [126.9628044855411, 37.55806685356475], [126.9620760579721, 37.558456578866306], [126.96156748154733, 37.5584223414648], [126.96167256191896, 37.55902575173114], [126.96320957706695, 37.55919576358421], [126.9639850638738, 37.55946293080229], [126.96683764689693, 37.56127402602344], [126.9694641244368, 37.56197576492849], [126.968619735134, 37.56342645844862], [126.96669820849176, 37.5658199517046], [126.96909869134876, 37.56824768178329], [126.96927453853505, 37.56813397116472], [126.96942428650055, 37.56827648523523], [126.96950710344818, 37.56815712677858], [126.97117552890222, 37.56881923506415], [126.97151250184223, 37.56871035568017], [126.97166223968382, 37.5684096888359], [126.97255201713622, 37.56847466451296], [126.9724186966137, 37.56883108967704], [126.97259140801667, 37.569060037162394], [126.97280705303962, 37.56899846221446], [126.97287928630718, 37.56919272378316], [126.97319164211014, 37.56916520187448], [126.97320520105838, 37.56931894072283], [126.9742044760442, 37.5693402952952], [126.97470665199118, 37.56920131586671], [126.97637526286931, 37.569484368019744], [126.97644485805446, 37.56923689040821], [126.97757959657581, 37.56931258369729], [126.98059860078763, 37.5689879636063], [126.98232830970538, 37.569045127798816], [126.98663917786877, 37.56823232864513], [126.98894530091687, 37.56810280039102], [126.99734249427871, 37.5687664603209], [127.00225770946939, 37.56961571318643], [127.01003537967932, 37.569770828781515], [127.01529854231882, 37.56970445157799], [127.01736500205286, 37.57008488677832], [127.01905353153956, 37.57102783825882], [127.0207546595126, 37.57171570277311], [127.0222050813816, 37.572022072676106], [127.02313682632543, 37.571960809771866]]]]}}, {"id": "용산구", "type": "Feature", "properties": {"SIG_CD": "11170", "SIG_ENG_NM": "Yongsan-gu", "SIG_KOR_NM": "용산구", "district": "용산구", "regulation_type": "기존 규제지역", "region": null, "before_count": null, "after_count": null, "count_change": null, "count_change_pct": null, "before_daily_avg": null, "after_daily_avg": null, "daily_avg_change_pct": null, "label_lon": 126.98045631193678, "label_lat": 37.53119738258181, "name": "용산구"}, "geometry": {"type": "MultiPolygon", "coordinates": [[[[126.96918343789535, 37.555662570962625], [126.96917140800032, 37.5548761743954], [126.97240793328987, 37.554877295953425], [126.9724117330251, 37.554651770007176], [126.97435037195059, 37.55354823939947], [126.9758315334341, 37.553388356755924], [126.976428239921, 37.5530886263866], [126.97654760126083, 37.555219214692755], [126.9772578235974, 37.555011008750796], [126.97879511254037, 37.55408723185632], [126.97873172293815, 37.5532045372785], [126.98035175286849, 37.55339122669739], [126.980890069712, 37.553868288312806], [126.98171904264105, 37.55385941130453], [126.98248427082727, 37.55347831003607], [126.98330937348564, 37.55335736504548], [126.98402754086293, 37.553039036509865], [126.98462343169905, 37.553136817679786], [126.98541795905399, 37.55370539965212], [126.98610783798867, 37.55334086984682], [126.98756418400352, 37.55149346139371], [126.98865551717154, 37.55155270833085], [126.98937894514492, 37.55127657716144], [126.99024466541734, 37.551280609324515], [126.9907643757327, 37.551080187325105], [126.99164699481487, 37.55027134570715], [126.99236852385215, 37.550063193797115], [126.99296050336811, 37.549517706088935], [126.9933716805235, 37.54881102470435], [126.9940091419372, 37.548409846530944], [126.99445904699128, 37.5474880429654], [126.9952198911382, 37.547232429663445], [126.99635518802185, 37.54744872271087], [126.99669730465526, 37.547816170490115], [126.99674800107954, 37.5485211982831], [126.99765997526205, 37.549362252858614], [126.99832479505733, 37.5496953601245], [127.00012392647697, 37.5498175874855], [127.00052246447105, 37.55002144075144], [127.00110915378775, 37.549897837274315], [127.0016838124816, 37.55005973695283], [127.00219835602081, 37.549711168685995], [127.0028272962106, 37.54963288527898], [127.0034210643634, 37.550019465454945], [127.00433593647044, 37.550211187074545], [127.00457461760274, 37.549800103960386], [127.00468826614825, 37.54868512436508], [127.00495648289773, 37.54843171305779], [127.00569468574172, 37.54828217875486], [127.00607626076545, 37.54837113753651], [127.00613088524089, 37.5482086776673], [127.0053298617748, 37.54734853874553], [127.00543363739773, 37.54706359678691], [127.00501703199687, 37.546171628187125], [127.00726569670957, 37.54385739666455], [127.00899894109045, 37.544136895421445], [127.00903292799833, 37.54273471532367], [127.00875704600838, 37.542000144567965], [127.00920904811838, 37.54127481714547], [127.00940869675036, 37.540033686790146], [127.00983134624012, 37.53945392308219], [127.0114829008572, 37.5390089301112], [127.01261229897564, 37.53934248504222], [127.01321740000422, 37.538884605202355], [127.0138735043041, 37.53906896259083], [127.01402727727431, 37.538829615692784], [127.01478589038521, 37.538797439537056], [127.01503170963423, 37.53827088947136], [127.01567328374215, 37.53826912945703], [127.01644915656651, 37.537896248097304], [127.01753034930438, 37.53765227072974], [127.0174394056361, 37.533992844884004], [127.01501965034386, 37.53213231506076], [127.01334478886476, 37.530549556424084], [127.00645617520782, 37.523440080643795], [127.0007917063805, 37.5195008583339], [126.99068376306252, 37.51309568599683], [126.98554048916714, 37.50654344686773], [126.97818783370582, 37.50655714421651], [126.97524747059495, 37.50701856758947], [126.97012076345007, 37.50900683590235], [126.96685699958229, 37.509898748608286], [126.96497443907442, 37.51081833356801], [126.96258486181972, 37.5126187170548], [126.96118965554268, 37.51345926632566], [126.95470831674898, 37.51603260832352], [126.9498865609616, 37.51751414329288], [126.94987840950252, 37.52702864934801], [126.94458518760088, 37.53378085107682], [126.94493168512713, 37.53423546065205], [126.94481992332453, 37.534521751747214], [126.94509908151133, 37.534964498387254], [126.94556223361006, 37.5349847117708], [126.94543957563103, 37.53518287210648], [126.94641130262977, 37.53573997211065], [126.94738011127792, 37.53522037592516], [126.94748504209744, 37.535827747442475], [126.94784547240742, 37.53561871920243], [126.94878617652658, 37.5355811300628], [126.94990405411416, 37.536045491206316], [126.95128649910296, 37.536289499577116], [126.9533809564274, 37.53755373518663], [126.95365130417996, 37.538335456352534], [126.9540955581034, 37.53893254325972], [126.95518532878214, 37.53918497446657], [126.95573374010007, 37.539470685881106], [126.95663931825402, 37.54059136362635], [126.95652062316442, 37.540705627370144], [126.95698645156914, 37.541636925475395], [126.9581759283973, 37.54231226525252], [126.95834999359589, 37.54275916705197], [126.95758448751712, 37.54297427591882], [126.95740788725767, 37.54322648786306], [126.9575738533619, 37.544223560409534], [126.95810592829095, 37.54442675968202], [126.95781926047636, 37.54514237480561], [126.95790800657434, 37.54545803402058], [126.95841294232739, 37.54550806226931], [126.95931613453139, 37.54604335228558], [126.96005111717814, 37.54606838992709], [126.9601315727594, 37.54637531390436], [126.96107676678585, 37.54741910664411], [126.96170100237228, 37.54759275961507], [126.96222196131033, 37.54812845634354], [126.96224098444395, 37.54862316994279], [126.96333934871237, 37.548642387906895], [126.9637310968043, 37.54879258300839], [126.96389805552538, 37.54976289563842], [126.96354856841815, 37.54994776625104], [126.9631871418593, 37.55066083789309], [126.96234253266564, 37.55154888361784], [126.96570975715125, 37.554151842324835], [126.96701775721381, 37.55454810887505], [126.96918343789535, 37.555662570962625]]]]}}, {"id": "성동구", "type": "Feature", "properties": {"SIG_CD": "11200", "SIG_ENG_NM": "Seongdong-gu", "SIG_KOR_NM": "성동구", "district": "성동구", "regulation_type": "2025.10.15 신규 규제지역", "region": "성동구", "before_count": 2557.0, "after_count": 785.0, "count_change": -1772.0, "count_change_pct": -69.29996089166993, "before_daily_avg": 13.972677595628415, "after_daily_avg": 4.313186813186813, "daily_avg_change_pct": -69.13127935810766, "label_lon": 127.0421063764522, "label_lat": 37.551625219250305, "name": "성동구"}, "geometry": {"type": "MultiPolygon", "coordinates": [[[[127.04341316154634, 37.57233714944435], [127.0479550800007, 37.57038087465097], [127.05876115945769, 37.56231425643175], [127.07085613819638, 37.56058406384625], [127.07373526396364, 37.55941443055647], [127.05621905441532, 37.52832385570575], [127.0551270503173, 37.528667581174176], [127.04601035278212, 37.53426061972404], [127.04019288899535, 37.53577437266865], [127.02117313829054, 37.53582003774261], [127.01743968338877, 37.53399284488573], [127.01753062705708, 37.53765227073145], [127.01644943431918, 37.53789624809904], [127.01567356149482, 37.53826912945874], [127.01503198738692, 37.5382708894731], [127.01478616813789, 37.53879743953878], [127.01402755502697, 37.538829615694496], [127.0138737820568, 37.539068962592566], [127.0132176777569, 37.538884605204075], [127.01261257672833, 37.53934248504392], [127.01148317860988, 37.53900893011293], [127.00992391245461, 37.53939536103553], [127.00940897450306, 37.540033686791865], [127.00920932587107, 37.5412748171472], [127.00875732376106, 37.54200014456968], [127.00903320575101, 37.54273471532541], [127.00903333058075, 37.54397837272696], [127.00891721475394, 37.54447617811812], [127.00854044941549, 37.54457952687607], [127.00815329476744, 37.545059895059424], [127.00871208660857, 37.546015192914574], [127.00921196674615, 37.54638344174527], [127.00909870593077, 37.54705158838523], [127.00932347404238, 37.547475328062774], [127.00968015536587, 37.547888633767656], [127.0100171619164, 37.547904089026304], [127.01058813747107, 37.54826895706658], [127.01092761124272, 37.54818164246353], [127.01159530502825, 37.548487924425814], [127.01216690469438, 37.54941589523627], [127.01363642880067, 37.55044345103629], [127.01598288693673, 37.552588950666696], [127.0161623643744, 37.552610047766834], [127.01637483574565, 37.553114008355145], [127.01698589002226, 37.553655650463185], [127.01685837917785, 37.55447162206337], [127.01723248034725, 37.55497219013601], [127.01736088176159, 37.55591933896003], [127.0180401369466, 37.556847824276794], [127.01941498648146, 37.557436934413545], [127.0196807254514, 37.55726288565165], [127.0195773394638, 37.55749547403986], [127.02089874985602, 37.55782778387909], [127.02192254634035, 37.55747650465557], [127.02255430043662, 37.5578286267848], [127.02288888297404, 37.557829413635034], [127.02284959937681, 37.55898014685379], [127.0224115732703, 37.55904160959898], [127.0232203711711, 37.55999961209615], [127.02338965182085, 37.56072966163836], [127.02449492198268, 37.561857382252086], [127.02594318888144, 37.5626192653234], [127.0265128865668, 37.56336753464482], [127.02674951765955, 37.56389399523596], [127.02678580720445, 37.56504049576562], [127.02358460439655, 37.565179105830445], [127.02339167465009, 37.57190727119394], [127.0246005013952, 37.57103899340898], [127.0251913591946, 37.570851353818824], [127.0257232150447, 37.57090389971137], [127.02616178150598, 37.571249283755336], [127.02727594777001, 37.570912860360984], [127.02767602180887, 37.57041216551746], [127.03028901079598, 37.56980789576529], [127.03096462238247, 37.56978154648812], [127.03256704017049, 37.57023697281201], [127.03418269578052, 37.5713855846973], [127.03564108264982, 37.57199840246147], [127.03673726457687, 37.572239383067256], [127.03812997277598, 37.5722651421058], [127.03817845226305, 37.57302083037282], [127.04190761850556, 37.57296865367881], [127.04341316154634, 37.57233714944435]]]]}}, {"id": "광진구", "type": "Feature", "properties": {"SIG_CD": "11215", "SIG_ENG_NM": "Gwangjin-gu", "SIG_KOR_NM": "광진구", "district": "광진구", "regulation_type": "2025.10.15 신규 규제지역", "region": "광진구", "before_count": 1210.0, "after_count": 477.0, "count_change": -733.0, "count_change_pct": -60.578512396694215, "before_daily_avg": 6.612021857923497, "after_daily_avg": 2.620879120879121, "daily_avg_change_pct": -60.361910816456266, "label_lon": 127.08956720252597, "label_lat": 37.548650772940015, "name": "광진구"}, "geometry": {"type": "MultiPolygon", "coordinates": [[[[127.10166464162197, 37.57240065825002], [127.10223790821144, 37.572155210155394], [127.10312968976235, 37.572279457997105], [127.10423019720186, 37.57138765444998], [127.10385347875948, 37.570493751482005], [127.10345545726375, 37.570050080099946], [127.10238671225828, 37.565637003775386], [127.10223407044766, 37.564310987221475], [127.10162468233027, 37.56329057723743], [127.10166747932624, 37.56263253985114], [127.10120468531429, 37.56157990072737], [127.10112209384008, 37.561050639387], [127.10127747002005, 37.5604659915418], [127.10185922438977, 37.55949382678656], [127.1027063689278, 37.559019246536074], [127.10285359919128, 37.558707999632574], [127.10427647796823, 37.55756392784638], [127.10492902046919, 37.556421633096704], [127.10540369898523, 37.55633533408993], [127.10639591177659, 37.556461721777616], [127.10751901918547, 37.55760666957232], [127.10854310854342, 37.558245439305075], [127.10952854172082, 37.55855426611455], [127.11034987160333, 37.558253365356514], [127.11142190364788, 37.55851563248822], [127.11229726480029, 37.559000501777774], [127.11386338743122, 37.55842942562695], [127.11356596128472, 37.55796260830798], [127.11331438817979, 37.55683041105808], [127.11525230322401, 37.556759823855906], [127.11409511440176, 37.554086569769545], [127.11155381821862, 37.55050707824096], [127.11146538446162, 37.54694293084188], [127.10845152044257, 37.542041772680534], [127.10828300471306, 37.54140813136042], [127.09014197414545, 37.52700753498048], [127.08563301979464, 37.524760598316085], [127.07997570491757, 37.52295067189276], [127.07694125405317, 37.5225151073223], [127.07431874842277, 37.52287010509219], [127.07205520268596, 37.52341517500681], [127.0686633165769, 37.52387158676846], [127.067456714063, 37.52461362315806], [127.06646362266538, 37.524960209466144], [127.06545600968843, 37.52507028414484], [127.06015619950898, 37.52709070359477], [127.05621877667579, 37.528323855704144], [127.0737349862241, 37.55941443055485], [127.07238408718561, 37.55996260012611], [127.07409316761455, 37.564589546160605], [127.07687913722555, 37.56793018845827], [127.07820168458228, 37.57186975307668], [127.08332861123911, 37.571369921694064], [127.08617055802252, 37.570831722058365], [127.08817707035489, 37.57084644807435], [127.08839590906814, 37.570181547549524], [127.09050481806959, 37.56969607319128], [127.0940049621821, 37.57062633056641], [127.09479501216859, 37.57075578461249], [127.09561144824687, 37.57062224109327], [127.09589733687805, 37.57138672608818], [127.09638492146061, 37.571352548279755], [127.09832274998209, 37.57233755650121], [127.09857588427954, 37.572634953791564], [127.09947489511548, 37.572747681639804], [127.10088786480969, 37.57376349010969], [127.10093561324317, 37.573355194625194], [127.10166464162197, 37.57240065825002]]]]}}, {"id": "동대문구", "type": "Feature", "properties": {"SIG_CD": "11230", "SIG_ENG_NM": "Dongdaemun-gu", "SIG_KOR_NM": "동대문구", "district": "동대문구", "regulation_type": "2025.10.15 신규 규제지역", "region": "동대문구", "before_count": 2202.0, "after_count": 1530.0, "count_change": -672.0, "count_change_pct": -30.517711171662125, "before_daily_avg": 12.032786885245901, "after_daily_avg": 8.406593406593407, "daily_avg_change_pct": -30.135940353924003, "label_lon": 127.05176323020314, "label_lat": 37.583569602836185, "name": "동대문구"}, "geometry": {"type": "MultiPolygon", "coordinates": [[[[127.0710794642156, 37.60732171864483], [127.07153189042609, 37.60463905561789], [127.07241019086284, 37.60287570475271], [127.07287541949381, 37.601072053044064], [127.07200423118418, 37.59963268826778], [127.06983855515193, 37.59772866999409], [127.06948973089945, 37.59724374575604], [127.06943454657126, 37.59512055507885], [127.07044381768212, 37.59290636011727], [127.0707236519309, 37.591891183402744], [127.07060371683184, 37.590955355953504], [127.07022986650179, 37.58995745429468], [127.07030252907454, 37.58953366981079], [127.07060594341311, 37.5891502857387], [127.07103848213552, 37.58895829319966], [127.07238438417934, 37.5866729280518], [127.07264250511071, 37.586509189928194], [127.0721609187466, 37.58495556756767], [127.07482850246807, 37.58178894028818], [127.07525084483171, 37.58098933142874], [127.07581914705551, 37.580937736038514], [127.07618095078473, 37.58029555511525], [127.07645684062008, 37.57934371352218], [127.07723111412265, 37.572920309342464], [127.07822585293219, 37.57188663107469], [127.07687941496506, 37.56793018845988], [127.07409344535412, 37.564589546162225], [127.07238436492516, 37.559962600127726], [127.07085613819638, 37.56058406384625], [127.05876115945769, 37.56231425643175], [127.0479550800007, 37.57038087465097], [127.04190761850556, 37.57296865367881], [127.03817845226305, 37.57302083037282], [127.03812997277598, 37.5722651421058], [127.03673726457687, 37.572239383067256], [127.03564108264982, 37.57199840246147], [127.03418268446084, 37.57138558470043], [127.03256704017049, 37.57023697281201], [127.03096462238247, 37.56978154648812], [127.03028901079598, 37.56980789576529], [127.02767602180887, 37.57041216551746], [127.02727594777001, 37.570912860360984], [127.02616178150598, 37.571249283755336], [127.0257232150447, 37.57090389971137], [127.0251913591946, 37.570851353818824], [127.0246005013952, 37.57103899340898], [127.0233653243673, 37.571914312786596], [127.02313874796074, 37.57802107470538], [127.02326887070782, 37.57838201311633], [127.02955153514255, 37.582691628889584], [127.03097882307507, 37.584280386213706], [127.03163892161147, 37.58535718586018], [127.03229747926686, 37.585670108486795], [127.03206935556418, 37.58586303271014], [127.03303302385802, 37.58644926687912], [127.03388174735434, 37.58751529936666], [127.03554301466203, 37.58893049616973], [127.03633135740411, 37.59013082877613], [127.03621615405211, 37.59118615013545], [127.03874433445623, 37.59128110956898], [127.04064286055412, 37.595408688822694], [127.04075939334231, 37.595288422828595], [127.04107960285285, 37.595563963003805], [127.04138862424963, 37.59549428504548], [127.04183998185454, 37.59645849089662], [127.04302444711107, 37.59696517207542], [127.04371432121619, 37.59626239433213], [127.04411755455438, 37.596392657908666], [127.04478531468392, 37.59636304295972], [127.0455152482388, 37.59661682357121], [127.04618962359184, 37.596190855404004], [127.04675587468259, 37.5960433829418], [127.04730583934328, 37.59615270350915], [127.04745574180308, 37.59650796628199], [127.04781736736224, 37.596763199853854], [127.04795479532038, 37.597264876706774], [127.04905638442074, 37.59813389645413], [127.04912842892826, 37.598743049428776], [127.04974567547882, 37.59975713500472], [127.05043787610758, 37.600105377534625], [127.05040285430195, 37.60057782261576], [127.05101558138082, 37.60109675882234], [127.05120246936535, 37.601156091132175], [127.0516868545744, 37.60077634709222], [127.05208453959246, 37.600148020893215], [127.05362325074425, 37.60047958926028], [127.0538893246285, 37.60042034898684], [127.05382469268152, 37.60060648473964], [127.05423663790744, 37.600651629935925], [127.05507546507282, 37.601340504412846], [127.05540275273233, 37.60102078575516], [127.05733088435835, 37.60152641347503], [127.05732478825983, 37.6011727804986], [127.05915868161438, 37.60105730315087], [127.05934114961592, 37.60135257418253], [127.06017694335587, 37.60169931955971], [127.05992508003786, 37.60227775839786], [127.06016924797201, 37.60316285298121], [127.06042759887335, 37.60341444088886], [127.06076509013734, 37.60348380981446], [127.06148818128324, 37.60446918273919], [127.06217848236422, 37.60493706160777], [127.06218801197818, 37.605125136805505], [127.06366562989206, 37.60524374821158], [127.06498370195358, 37.6058343075312], [127.06551761725449, 37.60548235679894], [127.06619365576688, 37.605578005989194], [127.06679273037372, 37.60609911072701], [127.06768740284969, 37.60651335271075], [127.06860767426978, 37.606631366424004], [127.06976534507285, 37.607259417073756], [127.07012118707247, 37.6072555527921], [127.07037085041871, 37.60703636063655], [127.0706700348689, 37.607561566413246], [127.07106098424815, 37.607628631060656], [127.0710794642156, 37.60732171864483]]]]}}, {"id": "중랑구", "type": "Feature", "properties": {"SIG_CD": "11260", "SIG_ENG_NM": "Jungnang-gu", "SIG_KOR_NM": "중랑구", "district": "중랑구", "regulation_type": "2025.10.15 신규 규제지역", "region": "중랑구", "before_count": 1077.0, "after_count": 1184.0, "count_change": 107.0, "count_change_pct": 9.935004642525534, "before_daily_avg": 5.885245901639344, "after_daily_avg": 6.5054945054945055, "daily_avg_change_pct": 10.539043129572384, "label_lon": 127.09314954778252, "label_lat": 37.59531116435376, "name": "중랑구"}, "geometry": {"type": "MultiPolygon", "coordinates": [[[[127.11130504302095, 37.62069184034603], [127.11214286102303, 37.6203070152999], [127.1150210645781, 37.619537602355706], [127.11571498794395, 37.619634355875455], [127.1162030882701, 37.61893309131208], [127.11587300888222, 37.61858315561829], [127.11714674183096, 37.61788843911029], [127.11700965494258, 37.61736853656686], [127.11725502574058, 37.61673423129188], [127.11667166623796, 37.61601542313169], [127.1167962163511, 37.61495467623207], [127.11667544053874, 37.61467295838017], [127.1170607671401, 37.61414438181702], [127.11748305800805, 37.61177128837542], [127.11678793971733, 37.61028197159767], [127.11687823366312, 37.609509021514], [127.11669777623966, 37.608849219779174], [127.11803258964073, 37.60817358791681], [127.11847692877521, 37.60761284592046], [127.11806090329297, 37.60659148998634], [127.11804700772049, 37.60460229746971], [127.11737711783684, 37.603937076979896], [127.11687180849285, 37.60305264501677], [127.1157227008173, 37.60210856870115], [127.11496423331148, 37.600766277254124], [127.1140222454959, 37.599966430316954], [127.11406385826128, 37.59952096266947], [127.11687748103861, 37.595497049650334], [127.1166644846577, 37.594016544887054], [127.1154132467687, 37.59353094820296], [127.11333736871173, 37.593259817649255], [127.1106752572824, 37.589155793988304], [127.11015440118533, 37.58743004167295], [127.1099869341852, 37.586016216784635], [127.10938000864292, 37.58456055546931], [127.10937649140502, 37.58409232557567], [127.10896665586718, 37.58337922691564], [127.107810267506, 37.58287573085055], [127.1072412877797, 37.58231481056688], [127.10599453321133, 37.58193693888313], [127.10344046498592, 37.580595297035195], [127.10289434398872, 37.57990679221926], [127.10302530575693, 37.57890687330816], [127.10195756623452, 37.577552360626], [127.10114351057538, 37.57607092739635], [127.1012484437639, 37.57516619398821], [127.10090231748329, 37.574391637102444], [127.10094914232468, 37.57382482276816], [127.09947489511548, 37.572747681639804], [127.09857588427954, 37.572634953791564], [127.09832274998209, 37.57233755650121], [127.09638492146061, 37.571352548279755], [127.09589733687805, 37.57138672608818], [127.09561144824687, 37.57062224109327], [127.09479501216859, 37.57075578461249], [127.0940049621821, 37.57062633056641], [127.09050481417482, 37.56969607557277], [127.08839590906814, 37.570181547549524], [127.08817707035489, 37.57084644807435], [127.08617055802252, 37.570831722058365], [127.08332861123911, 37.571369921694064], [127.07822327728937, 37.57188663256601], [127.07722995543007, 37.572922283068124], [127.07645656288057, 37.57934371352055], [127.07618067304513, 37.58029555511363], [127.07581886931594, 37.580937736036866], [127.07525056709214, 37.580989331427126], [127.07482822472849, 37.58178894028654], [127.07216064100706, 37.584955567566055], [127.07264222737116, 37.58650918992658], [127.0723841064398, 37.58667292805018], [127.071038204396, 37.58895829319805], [127.07060230527954, 37.589152819471316], [127.07030137155428, 37.58953732832027], [127.07022975989115, 37.58995885972973], [127.07060450654049, 37.59095873401948], [127.07072337419133, 37.5918911834011], [127.0704435399426, 37.59290636011567], [127.06943426883171, 37.595120555077266], [127.0694894531599, 37.59724374575442], [127.06983827741233, 37.59772866999248], [127.07200395344464, 37.59963268826617], [127.07287514175425, 37.60107205304243], [127.07240991312327, 37.60287570475109], [127.07153161268651, 37.60463905561625], [127.07107918647607, 37.60732171864319], [127.07173194573899, 37.61350601237126], [127.07106468881621, 37.61475201376316], [127.07014020509858, 37.61535226583869], [127.07019374715539, 37.6154535950419], [127.07112084868889, 37.61594775345449], [127.07109011204106, 37.616206515231355], [127.0713854965804, 37.616402592352834], [127.07554111893968, 37.617164198729654], [127.07749386841867, 37.617832503411535], [127.07757306342, 37.61774234534548], [127.07769710893268, 37.61790473013582], [127.07911380223521, 37.61839033657988], [127.08007860182383, 37.61862367386258], [127.08006952952343, 37.618419544786825], [127.08043718416616, 37.61848265644087], [127.08140142916379, 37.6191878626763], [127.08278725957439, 37.61940287242764], [127.08494227897468, 37.620095402724544], [127.08606599718594, 37.62029309793072], [127.08698395091085, 37.62023134126033], [127.0882318143639, 37.61987679628548], [127.08870815359431, 37.620239936713936], [127.08945592400588, 37.61964670818618], [127.09138368026724, 37.61895769099842], [127.09233104283985, 37.618348524831944], [127.09320951773532, 37.61802039329104], [127.09365361834634, 37.61806847510777], [127.09444977473667, 37.61899755435934], [127.09554728740972, 37.61917434027807], [127.09619573834198, 37.61902066422094], [127.09665091827694, 37.61956172415685], [127.0988168547908, 37.620393932405676], [127.10087069999412, 37.619404233554654], [127.10167482101504, 37.61947169497147], [127.10169326687124, 37.62002465580004], [127.10338840449943, 37.62026816314243], [127.103797554224, 37.62023880670664], [127.1040523141756, 37.62004318110749], [127.10491653216921, 37.62004327400074], [127.1055559118006, 37.62037072281961], [127.10556427881984, 37.620156732714584], [127.10643579131529, 37.62055887032517], [127.10912786247187, 37.620514775950745], [127.1100181978516, 37.620704013425005], [127.11051905140165, 37.621054654689964], [127.11130504302095, 37.62069184034603]]]]}}, {"id": "성북구", "type": "Feature", "properties": {"SIG_CD": "11290", "SIG_ENG_NM": "Seongbuk-gu", "SIG_KOR_NM": "성북구", "district": "성북구", "regulation_type": "2025.10.15 신규 규제지역", "region": "성북구", "before_count": 2467.0, "after_count": 2059.0, "count_change": -408.0, "count_change_pct": -16.538305634373735, "before_daily_avg": 13.480874316939891, "after_daily_avg": 11.313186813186814, "daily_avg_change_pct": -16.079724896101062, "label_lon": 127.02805496170157, "label_lat": 37.607098936626926, "name": "성북구"}, "geometry": {"type": "MultiPolygon", "coordinates": [[[[127.01059113253235, 37.580253773768526], [127.00864326221884, 37.580468252047105], [127.00832718738957, 37.58105693012449], [127.0067531093691, 37.582336410806384], [127.00727077379861, 37.583333102510885], [127.00688930494825, 37.58470346588639], [127.00690163050736, 37.585280555671076], [127.00655088897183, 37.58554585734934], [127.00662605998613, 37.58612499863152], [127.00586630878388, 37.586972018446914], [127.00425159321455, 37.58717659053981], [127.00408093246988, 37.5877336916053], [127.00389163822067, 37.58774748964524], [127.00398806400376, 37.58794457819252], [127.00351730520883, 37.58814533561529], [127.003393485017, 37.58856907998335], [127.00221667797027, 37.58917219420126], [127.00200581390003, 37.58968435117701], [127.00146851921748, 37.59014919732417], [127.00146321998635, 37.59055126181908], [127.00178308385539, 37.59101864740446], [127.00173230282134, 37.59135229116571], [127.000953329366, 37.59230086464747], [126.9994523554744, 37.592229327746075], [126.99846867642223, 37.592471166713736], [126.99641377473343, 37.592101412734], [126.99536180478175, 37.592279865607495], [126.99431435377781, 37.591454846768585], [126.9938244668563, 37.591447770148385], [126.99356401481649, 37.59173072513806], [126.99215978143802, 37.59199471875757], [126.99143220234407, 37.5914090187972], [126.99097007246213, 37.59153005272255], [126.98986718258632, 37.5914691325358], [126.98922200495598, 37.591257335677895], [126.98851705015227, 37.5919414408559], [126.98775500415393, 37.59225501421831], [126.98717267349419, 37.59271810498266], [126.98669817044922, 37.59274958081283], [126.98577892166601, 37.594254952632184], [126.98542945970914, 37.59444945503938], [126.98384405261326, 37.5944354342089], [126.98346695436264, 37.594684553328925], [126.98292059937717, 37.59477598146701], [126.98248082384315, 37.595196553816244], [126.98148823484757, 37.59533576277069], [126.98091042761008, 37.59583880882742], [126.98026143078953, 37.59595328988108], [126.97874017673865, 37.59663493380585], [126.9785718748471, 37.59678581600267], [126.97857101827972, 37.59725207496168], [126.97795356628836, 37.59768386688773], [126.97690523595048, 37.59771631358594], [126.97671868392565, 37.597906039720506], [126.97741471555882, 37.59910083409499], [126.9776827646152, 37.600229928861914], [126.97793540192913, 37.60030685150978], [126.97850210348138, 37.60100015287464], [126.9792080834826, 37.60104083268486], [126.98256590486868, 37.6022577468686], [126.98284727494367, 37.60214404261074], [126.9839815855288, 37.60320765580616], [126.98434114625023, 37.60312070978055], [126.98473815939825, 37.603371915872714], [126.9857568152196, 37.603451739238196], [126.9866662083111, 37.60401694458974], [126.98678713694056, 37.6045105270885], [126.98675533141062, 37.60608724258822], [126.98630897622434, 37.60650839517867], [126.98637419271562, 37.606863444667844], [126.98611202273256, 37.60739105298197], [126.98670305153611, 37.60827746986823], [126.98683405877934, 37.60886959362842], [126.9858725155488, 37.609463559545965], [126.98564789907101, 37.611379242033884], [126.98613825106196, 37.61322349892159], [126.98658441204327, 37.613978974973584], [126.9845431242362, 37.61599886970647], [126.98439922559291, 37.61687307963645], [126.98372295299613, 37.617769734688885], [126.98316351473947, 37.619252608868344], [126.98317477910872, 37.62019863996845], [126.98364817000267, 37.621147273562805], [126.98183020118937, 37.624323217561226], [126.98090864933545, 37.62539016233741], [126.97960352912689, 37.62637509404298], [126.97986783859652, 37.627451813006516], [126.98018595549608, 37.62792826365092], [126.97993000380256, 37.62856115485524], [126.97952827177838, 37.628893037346515], [126.9784186825929, 37.629289247026094], [126.97495670419951, 37.62899964660662], [126.97467092823835, 37.62974091631967], [126.9753650087073, 37.63169563722293], [126.97622421810765, 37.632231618407864], [126.97700601960011, 37.632968900833355], [126.97733171022526, 37.6335830387764], [126.97780476522976, 37.63391058630956], [126.97965239185244, 37.63420658115582], [126.98060688550949, 37.634815752291985], [126.98141567826109, 37.63482968684998], [126.98151360362391, 37.6347210275272], [126.98251597141955, 37.635786032033714], [126.98278787153097, 37.63580944688103], [126.98370664620803, 37.63645688767003], [126.98591797928707, 37.63578878339625], [126.9874295474629, 37.63496261466356], [126.9881793140296, 37.63448884143794], [126.98857242284733, 37.633792312017825], [126.98873720189759, 37.63394155899861], [126.9894004734655, 37.63403623170027], [126.98984770380697, 37.63345176719647], [126.9899340193842, 37.632798566452095], [126.99136769125072, 37.632610339993974], [126.993722101175, 37.63144825689609], [126.99425709232221, 37.63084688783618], [126.99538912468215, 37.630246395744415], [126.9960412862055, 37.62934656624972], [126.99650418366575, 37.629086996801384], [126.99677785946388, 37.628662421794616], [126.99756379483055, 37.628056542378715], [126.9978951711192, 37.627538210737264], [126.99926750557304, 37.6261929657783], [127.00020401738026, 37.62581485691883], [127.00176178473643, 37.62564479514491], [127.0021347193372, 37.62542940564603], [127.0029772247056, 37.62527229446361], [127.0035168842088, 37.624928220509794], [127.00388678156811, 37.62422629650453], [127.00456183626572, 37.62407931323609], [127.00488023338264, 37.623823642602304], [127.00518325550378, 37.62400299161667], [127.00556537319558, 37.62384586629819], [127.00571441810754, 37.62398157566862], [127.00732985109013, 37.624132421301105], [127.00785622615709, 37.62402173589156], [127.00778763747469, 37.62294366319976], [127.00755415798679, 37.62269140100333], [127.0076288154177, 37.62225582742741], [127.00744435555077, 37.62176339720347], [127.00758256086854, 37.621497601068775], [127.00720376324603, 37.62086130270528], [127.00732462170808, 37.6206867319119], [127.00721435018394, 37.620512451671004], [127.00786401712473, 37.61986005475855], [127.00775196266981, 37.61963115766188], [127.00840480104652, 37.6191119314276], [127.00855325509943, 37.61867213608397], [127.00907460080506, 37.618285520144035], [127.00953845734664, 37.61820834758427], [127.01005376148285, 37.61765758704307], [127.01013596231063, 37.61680192867941], [127.01093795213907, 37.616288029025796], [127.01140996677124, 37.616427642450155], [127.01181469190574, 37.61631694937148], [127.01209250774654, 37.61599961735941], [127.01362076586882, 37.615418337839145], [127.01444710916424, 37.61468253611242], [127.01525445156558, 37.61467456133641], [127.0165347298631, 37.61494216797586], [127.01755720712232, 37.614624437626574], [127.01847213977922, 37.61383398707574], [127.01922815873056, 37.61379782780236], [127.01952234210425, 37.6133270205717], [127.0203380478843, 37.61285895063965], [127.02039780529778, 37.612597088867105], [127.02191150562619, 37.61232655161328], [127.0221359950177, 37.61138131989854], [127.02250176636414, 37.61136746141071], [127.02456488151904, 37.6121413531272], [127.02518103419423, 37.61201396757041], [127.0257447145657, 37.61213774718497], [127.0260376226814, 37.612239885030824], [127.02643382757148, 37.612693959778014], [127.03018045910962, 37.612361710414774], [127.03034497554701, 37.61129738590284], [127.03025948980343, 37.60897372062376], [127.03273905081771, 37.61027585652477], [127.0360033903786, 37.61241055361483], [127.03676629454, 37.61242102289243], [127.03750414476342, 37.61294591020713], [127.03790961789566, 37.613767922300376], [127.03899252346821, 37.61452920984226], [127.03987945449447, 37.61543271699328], [127.04005115828008, 37.61621651444739], [127.04052365385799, 37.616154416803475], [127.04394776991654, 37.61864331175627], [127.04467917441072, 37.619443513564725], [127.04570591890308, 37.62136278901762], [127.04652791551143, 37.622325112403395], [127.04973693386948, 37.624266303123804], [127.0521115404834, 37.622242330200265], [127.05440836670515, 37.61979589210811], [127.05593351577149, 37.61891545453541], [127.05742067637773, 37.61747966873632], [127.06066644988289, 37.61566485394042], [127.06109218058187, 37.6149349804114], [127.06174805967603, 37.61449781588643], [127.06328504956296, 37.614269812103466], [127.06485820842352, 37.61476620269868], [127.06966353290233, 37.615725890640576], [127.07106496655572, 37.61475201376477], [127.07162051540072, 37.61384450530754], [127.07165685823347, 37.61240658077593], [127.07106098424815, 37.607628631060656], [127.0706700348689, 37.607561566413246], [127.07037085041871, 37.60703636063655], [127.07012118707247, 37.6072555527921], [127.06977419279279, 37.607262511335904], [127.06860767426978, 37.606631366424004], [127.06768740284969, 37.60651335271075], [127.06679273037372, 37.60609911072701], [127.06619365576688, 37.605578005989194], [127.06551761725449, 37.60548235679894], [127.06498370195358, 37.6058343075312], [127.06366562989206, 37.60524374821158], [127.06218801197818, 37.605125136805505], [127.06218095343796, 37.60493987140319], [127.06148818128324, 37.60446918273919], [127.06076509013734, 37.60348380981446], [127.06042759887335, 37.60341444088886], [127.06016924797201, 37.60316285298121], [127.05992508003786, 37.60227775839786], [127.06017694335587, 37.60169931955971], [127.05934114961592, 37.60135257418253], [127.05915868161438, 37.60105730315087], [127.05732478825983, 37.6011727804986], [127.05733088435835, 37.60152641347503], [127.05540275273233, 37.60102078575516], [127.05507546507282, 37.601340504412846], [127.05423663790744, 37.600651629935925], [127.05382469268152, 37.60060648473964], [127.0538893246285, 37.60042034898684], [127.05362325074425, 37.60047958926028], [127.05208453959246, 37.600148020893215], [127.0516868545744, 37.60077634709222], [127.05120246936535, 37.601156091132175], [127.05101558138082, 37.60109675882234], [127.05040285430195, 37.60057782261576], [127.05043787610758, 37.600105377534625], [127.04974567547882, 37.59975713500472], [127.04912842892826, 37.598743049428776], [127.04905638442074, 37.59813389645413], [127.04795479532038, 37.597264876706774], [127.04781736736224, 37.596763199853854], [127.04745574180308, 37.59650796628199], [127.04730177269106, 37.59615017332172], [127.04676915633145, 37.596042251621114], [127.04618962359184, 37.596190855404004], [127.0455152482388, 37.59661682357121], [127.04478531468392, 37.59636304295972], [127.04411755455438, 37.596392657908666], [127.04371432121619, 37.59626239433213], [127.04302444711107, 37.59696517207542], [127.04184211157688, 37.596460184018774], [127.04138862424963, 37.59549428504548], [127.04107960285285, 37.595563963003805], [127.04076453381428, 37.595287862509515], [127.04064286055412, 37.595408688822694], [127.03874433445623, 37.59128110956898], [127.03621615405211, 37.59118615013545], [127.03633135740411, 37.59013082877613], [127.03554301466203, 37.58893049616973], [127.03388174735434, 37.58751529936666], [127.03303302385802, 37.58644926687912], [127.03206935556418, 37.58586303271014], [127.03229747926686, 37.585670108486795], [127.03163892161147, 37.58535718586018], [127.03097882307507, 37.584280386213706], [127.02955153514255, 37.582691628889584], [127.02330408009102, 37.57842761457089], [127.02297630885488, 37.57782739218564], [127.02253011048808, 37.578084253667896], [127.02275729689781, 37.578334804454], [127.02182506669251, 37.57886204567941], [127.02148014559538, 37.578864356969255], [127.01937128077402, 37.57808026866083], [127.01950178927393, 37.57790793513549], [127.01877240094255, 37.5775180878844], [127.01841795402973, 37.577670739290596], [127.01810733009164, 37.57757844120565], [127.01769477044314, 37.57813879510484], [127.01815231098062, 37.57861512824803], [127.0182795810387, 37.57902900548886], [127.01797226020396, 37.579515860770975], [127.01757748799822, 37.579719195706424], [127.01727730841915, 37.580552648608084], [127.01686840230592, 37.58087677825998], [127.01668335907961, 37.581714160781004], [127.01635774822341, 37.58193578168718], [127.01537419316941, 37.581820746173975], [127.014810701263, 37.58232958882372], [127.01422123698606, 37.58207737760576], [127.01408162107425, 37.58179611367597], [127.01319532514357, 37.58142032222447], [127.01285337120136, 37.58135953897847], [127.01176090634483, 37.58156038755158], [127.0111144791085, 37.581044068617025], [127.01059113253235, 37.580253773768526]]]]}}, {"id": "강북구", "type": "Feature", "properties": {"SIG_CD": "11305", "SIG_ENG_NM": "Gangbuk-gu", "SIG_KOR_NM": "강북구", "district": "강북구", "regulation_type": "2025.10.15 신규 규제지역", "region": "강북구", "before_count": 655.0, "after_count": 751.0, "count_change": 96.0, "count_change_pct": 14.656488549618322, "before_daily_avg": 3.579234972677596, "after_daily_avg": 4.126373626373627, "daily_avg_change_pct": 15.286469255934913, "label_lon": 127.00494709630287, "label_lat": 37.6467185330411, "name": "강북구"}, "geometry": {"type": "MultiPolygon", "coordinates": [[[[127.00456669928406, 37.6850798098906], [127.00552944076968, 37.684865242063516], [127.00605076718011, 37.6850538593537], [127.0076621579951, 37.68446815575941], [127.00866351452741, 37.68444952137286], [127.00841877457314, 37.68321605329012], [127.00903469330962, 37.68164072246304], [127.00889995878038, 37.68059447851116], [127.00938342232985, 37.67959099076547], [127.01213305292356, 37.67909777304201], [127.01331073059494, 37.67782954410532], [127.01398099742319, 37.67588309735617], [127.01390614415045, 37.675239757349445], [127.0145729040818, 37.67478469468393], [127.0151170668909, 37.67415423217841], [127.01622132559804, 37.67393251468698], [127.01668567920217, 37.67290647395011], [127.01729874073607, 37.672448023942025], [127.01736533280314, 37.67164361794547], [127.01786584795167, 37.6708751913748], [127.01824835361069, 37.67068761835253], [127.01870709699968, 37.67085507923485], [127.0184059292308, 37.66888790305954], [127.01745525865617, 37.66812108217503], [127.01660035275054, 37.66788328364464], [127.0162234112025, 37.66749647145472], [127.01637374602268, 37.66737032541215], [127.0157876686505, 37.66703365006334], [127.01574860856046, 37.666545165184544], [127.0154701329284, 37.666076404078645], [127.0153742294663, 37.66555441850681], [127.01579258403352, 37.664942553682415], [127.0153321558923, 37.66407542153625], [127.01536644478303, 37.66367195255136], [127.01595128991373, 37.66329290593313], [127.01597987345949, 37.66276808526484], [127.01617621556098, 37.662538871338036], [127.01665251709741, 37.662207144739426], [127.01694311112423, 37.6622307036129], [127.01649957628234, 37.661662075078866], [127.0158807895684, 37.66132316058484], [127.01523887450803, 37.66140009905918], [127.01452143613507, 37.6620156625903], [127.01465912232035, 37.66148237891832], [127.01457004458722, 37.66045865709965], [127.01437612045693, 37.660379284553784], [127.01402424820834, 37.65922720164063], [127.0124440453936, 37.65218369964303], [127.0129050686911, 37.650746888509865], [127.01314051224232, 37.650488393679225], [127.01367788281158, 37.65049509684971], [127.01399566132297, 37.650253205746296], [127.01429889145727, 37.6502978887502], [127.01467641660865, 37.64959620342705], [127.01509340518004, 37.649283418404394], [127.01731105345081, 37.648647954571096], [127.01854671441073, 37.64868775902813], [127.02020456056104, 37.64908646925952], [127.02141165839272, 37.648893688344685], [127.0226351581085, 37.64786129968724], [127.02468223683896, 37.6473431336609], [127.0258868790747, 37.64572113385351], [127.02754482693088, 37.64496142789929], [127.03194872285881, 37.64217241020894], [127.03283057435712, 37.64140747532764], [127.03319783797653, 37.640803722687814], [127.0345676317975, 37.63778056811851], [127.0351476999529, 37.637273045736315], [127.03684796370663, 37.63675026119125], [127.03781699846505, 37.63604044710903], [127.03814025869772, 37.63425641091283], [127.03976492966157, 37.63219659264972], [127.04171434616988, 37.63081013169034], [127.04259884914953, 37.630451408785774], [127.0444253529017, 37.62882251898476], [127.04705716803234, 37.627521870534025], [127.04865054434454, 37.625839224832276], [127.04973665620577, 37.624266297591845], [127.0465276265209, 37.62232510687583], [127.0457056412401, 37.621362783485786], [127.04467889674794, 37.61944350803306], [127.043947492259, 37.61864331523445], [127.04052337619125, 37.61615440226218], [127.04005088061813, 37.61621650891587], [127.0398791655016, 37.615432702455706], [127.03899225712811, 37.614529195297486], [127.0379093402341, 37.61376791676906], [127.03750434304358, 37.612946427099914], [127.03676601687867, 37.61242101736117], [127.0360031127174, 37.612410548083574], [127.03273877315706, 37.61027585099364], [127.03025921214322, 37.608973715092695], [127.03034469788672, 37.611297380371546], [127.03018018144934, 37.6123617048834], [127.02643354991176, 37.61269395424655], [127.02603734502175, 37.612239879499406], [127.02574443690611, 37.61213774165351], [127.02518075653474, 37.61201396203895], [127.02456460385964, 37.61214134759574], [127.02250378806231, 37.6113683023932], [127.0221357173587, 37.61138131436707], [127.02191122796721, 37.612326546081725], [127.02039628200437, 37.612597930457284], [127.02033777022551, 37.612858945108016], [127.0195220644456, 37.61332701504002], [127.01922788107193, 37.61379782227062], [127.01847186212072, 37.613833981544], [127.01755692946392, 37.61462443209472], [127.01653445220488, 37.61494216244397], [127.01525417390754, 37.61467455580452], [127.01444683150633, 37.614682530580495], [127.01362048821102, 37.61541833230714], [127.012092230089, 37.61599961182731], [127.01181441424822, 37.61631694383937], [127.01140968911378, 37.61642763691805], [127.01093767448171, 37.61628802349366], [127.01013568465333, 37.61680192314722], [127.01005348382556, 37.61765758151084], [127.0095381796894, 37.61820834205196], [127.00907432314791, 37.6182855146117], [127.00855297744232, 37.61867213055161], [127.00840452338944, 37.61911192589518], [127.0077516850128, 37.61963115212939], [127.00786373946772, 37.61986004922605], [127.00721407252699, 37.620512446138456], [127.0073243440511, 37.62068672637933], [127.00720348558907, 37.62086129717269], [127.00758228321152, 37.62149759553616], [127.00744407789378, 37.62176339167079], [127.00762853776065, 37.62225582189472], [127.00755388032974, 37.6226913954706], [127.00778735981761, 37.622943657667015], [127.00785594849995, 37.62402173035871], [127.00732957343305, 37.62413241576825], [127.0057141404507, 37.62398157013573], [127.00556509553881, 37.62384586076531], [127.00518297784706, 37.62400298608378], [127.00487995572598, 37.62382363706943], [127.0045615586091, 37.62407930770318], [127.0038865039116, 37.624226290971585], [127.00351660655234, 37.62492821497679], [127.00297694704922, 37.62527228893057], [127.00213444168091, 37.62542940011295], [127.00176150708022, 37.625644789611826], [127.00020373972427, 37.62581485138568], [126.99926722791719, 37.62619296024507], [126.99789489346354, 37.62753820520391], [126.99756351717491, 37.628056536845335], [126.99677758180833, 37.62866241626115], [126.99649982759733, 37.629089802148584], [126.99604100855008, 37.629346560716186], [126.99538884702677, 37.6302463902108], [126.994256814667, 37.630846882302464], [126.99372182351985, 37.63144825136231], [126.99136741359592, 37.632610334460075], [126.98993374172963, 37.63279856091813], [126.9898474261524, 37.633451761662435], [126.9894586145991, 37.63400103994643], [126.98873692424318, 37.63394155346454], [126.98857214519292, 37.633792306483755], [126.98817903637523, 37.63448883590377], [126.98742926980864, 37.634962609129325], [126.98591770163301, 37.63578877786196], [126.98419867516972, 37.63633744974596], [126.98485569093121, 37.636814621095404], [126.98508430224918, 37.63731441646477], [126.9849599293136, 37.63780712569799], [126.98523355361742, 37.63806591552366], [126.9853938244214, 37.63859018930035], [126.98553344193095, 37.639701230496506], [126.98567622914804, 37.64004445901595], [126.98613253630558, 37.640428002328456], [126.98565713735766, 37.640740181999874], [126.98522409524703, 37.64163603652213], [126.98495609237438, 37.6414642459589], [126.98425676844272, 37.64164490871415], [126.98383069743518, 37.64214883407051], [126.9838743240833, 37.642560181584734], [126.98324715807719, 37.64368349598156], [126.98418990758935, 37.6444280701388], [126.98485798978399, 37.64559577779664], [126.98571796823036, 37.6460928386178], [126.98510028441085, 37.6459294523121], [126.98492887313512, 37.646066827214746], [126.98460293825813, 37.64761251364867], [126.98398065279346, 37.64818201078815], [126.9839369285871, 37.64961005099174], [126.98249528847397, 37.65054036398219], [126.98229821697822, 37.65125407584376], [126.98187351262658, 37.651688438217526], [126.98167645498992, 37.65231628595486], [126.98104778686886, 37.652712607654216], [126.97994407760561, 37.65481505255347], [126.97965811073921, 37.656038640851065], [126.98119335973374, 37.65648770890604], [126.98285678518863, 37.65644969238807], [126.98300998849642, 37.65700353662727], [126.98433520633371, 37.65773380581283], [126.98461681500818, 37.65822853553231], [126.98602052015934, 37.65894331812022], [126.98654402688128, 37.659485096521124], [126.98727674268342, 37.66060014276315], [126.98780194962337, 37.66359369052218], [126.98826825518451, 37.66439110540506], [126.98999716987926, 37.66449940380099], [126.99222451743371, 37.66523164126402], [126.99274903711094, 37.66553266058505], [126.99312299798763, 37.66605637850756], [126.99401724665077, 37.66678312769961], [126.99412914665461, 37.66703006445854], [126.99356058768012, 37.66780401732419], [126.99435735421417, 37.669566875769284], [126.99435059800386, 37.66981098488982], [126.99380242872888, 37.67019724229364], [126.99407385261537, 37.672761084765924], [126.9935434333351, 37.67410293987296], [126.99379581098454, 37.674226281717424], [126.99398135694226, 37.67490708611543], [126.99380969250669, 37.67525226435079], [126.99312508152752, 37.675831929853736], [126.99324726786291, 37.67766063147003], [126.99292441554492, 37.67882173518814], [126.99243321135673, 37.67914830042627], [126.99219757789741, 37.679626922961376], [126.99407574923517, 37.680324182861305], [126.99473227994922, 37.6812440597637], [126.99550331029822, 37.681506230093355], [126.99673748905637, 37.68238922896508], [126.99731116844072, 37.683466199044155], [126.99943234792154, 37.683906884344836], [127.00051075354494, 37.683973903700085], [127.00103844289906, 37.68427207420282], [127.00168675987064, 37.68434415271491], [127.00190056871773, 37.68372276191371], [127.0022397842965, 37.68359325483791], [127.0027430255755, 37.6839539182011], [127.00323777204125, 37.68394856027932], [127.0035835505612, 37.684238838410394], [127.00377682639846, 37.684824465617645], [127.00456669928406, 37.6850798098906]]]]}}, {"id": "도봉구", "type": "Feature", "properties": {"SIG_CD": "11320", "SIG_ENG_NM": "Dobong-gu", "SIG_KOR_NM": "도봉구", "district": "도봉구", "regulation_type": "2025.10.15 신규 규제지역", "region": "도봉구", "before_count": 1041.0, "after_count": 1092.0, "count_change": 51.0, "count_change_pct": 4.899135446685879, "before_daily_avg": 5.688524590163935, "after_daily_avg": 6.0, "daily_avg_change_pct": 5.4755043227665645, "label_lon": 127.03268352011838, "label_lat": 37.66640217191094, "name": "도봉구"}, "geometry": {"type": "MultiPolygon", "coordinates": [[[[127.01508681387975, 37.649288344708616], [127.01467641787589, 37.64959620440796], [127.01429889242571, 37.65029788951998], [127.01399566243673, 37.65025320643545], [127.01367788412863, 37.650495098002196], [127.01314051359257, 37.650488394831704], [127.01290506997495, 37.65074688955678], [127.01244404664422, 37.65218370029841], [127.01402424965835, 37.659227202687475], [127.01437612128164, 37.660379285600705], [127.01457004593769, 37.660458658252104], [127.0146591236044, 37.661482380070765], [127.01452143761834, 37.66201566363719], [127.01523887585851, 37.66140010021162], [127.01588079081925, 37.6613231616845], [127.01649957773245, 37.66166207617848], [127.01694311257427, 37.66223070432979], [127.01665251838149, 37.662207145839076], [127.01617621704422, 37.66253887199334], [127.01597987490956, 37.66276808636448], [127.01595129129744, 37.66329290703281], [127.01556527350998, 37.663437676907215], [127.01533901034301, 37.6637493775799], [127.01533215737561, 37.66407542258314], [127.0157925853508, 37.6649425547293], [127.01536627175764, 37.66560144228394], [127.01576446150213, 37.666994235951464], [127.01637374743778, 37.667370317057724], [127.01622341202723, 37.667496472110095], [127.01663082579309, 37.66790833695528], [127.0174552601396, 37.66812108332744], [127.01840593054825, 37.66888790421195], [127.01870709838357, 37.67085508033447], [127.018248355061, 37.67068761950492], [127.01786584940196, 37.67087519242165], [127.01736533428665, 37.671643619045064], [127.01729874205355, 37.672448025094475], [127.01668568058606, 37.67290647510254], [127.0162213268823, 37.673932515839425], [127.01511706820834, 37.674154233278074], [127.01457290549891, 37.67478469573083], [127.01390614553436, 37.67523975839633], [127.01398099874068, 37.675883098455834], [127.01331074318186, 37.67782954525666], [127.01213305437392, 37.67909777419448], [127.00938342364731, 37.67959099186521], [127.00889995960522, 37.680594479610924], [127.00903469456074, 37.68164072356277], [127.00841877589069, 37.68321605433707], [127.00866563945101, 37.68448556115935], [127.00843987453428, 37.68543159343963], [127.00858834172027, 37.687440747917485], [127.00832714910362, 37.6885067182731], [127.00829275017183, 37.69011495105599], [127.00762076445166, 37.69161848974774], [127.00971138251685, 37.69336342333857], [127.00966621339057, 37.696699830791715], [127.01212432002025, 37.69737761419281], [127.0138783481771, 37.69880068520504], [127.01496116471316, 37.700428228474756], [127.01541510754204, 37.701455279213995], [127.01982708229092, 37.70101741939921], [127.02214810051505, 37.699720768692934], [127.02338859114268, 37.70007079651778], [127.02531521256459, 37.69958052219724], [127.02689779262192, 37.7002511340839], [127.02702192450863, 37.70111547775811], [127.02768734560202, 37.70093738150464], [127.02928557651389, 37.699291623344656], [127.02960141345658, 37.69817519544764], [127.0297293100054, 37.69627243668896], [127.03097247853498, 37.69355683821999], [127.03102613213113, 37.69307452704253], [127.03154033081496, 37.692828315712674], [127.03202614981892, 37.69295038003664], [127.03241401897162, 37.69183899710546], [127.03396171674362, 37.69199793608196], [127.03425908655234, 37.69222506927667], [127.03562525590378, 37.69249159424706], [127.03577631527584, 37.6923741451296], [127.03676284873275, 37.69263991970876], [127.03752774553648, 37.69322081370082], [127.038497892596, 37.69328583377656], [127.03894981866806, 37.69398196907335], [127.03991327079275, 37.69408133345686], [127.03999720218619, 37.69468438770581], [127.0411085083828, 37.6952997779213], [127.04181260360129, 37.69538231102361], [127.04202131190662, 37.69507141468999], [127.04233009317966, 37.695053847579935], [127.04307250743373, 37.69523096160988], [127.04339784032057, 37.69440167649595], [127.04303724360317, 37.69362218656423], [127.04374988643235, 37.69350621315096], [127.04406554016114, 37.69312628717415], [127.04481711389353, 37.692936251460864], [127.04490432346311, 37.692405485724265], [127.04564977768366, 37.69237029660258], [127.04675491241211, 37.69271731851984], [127.04752645094284, 37.693313623344764], [127.04781484513242, 37.693289860059146], [127.0482110368847, 37.69394516810752], [127.04863168161688, 37.69406296483792], [127.04936572756574, 37.69168974217505], [127.04996575239993, 37.690870182708494], [127.04975102620921, 37.6892071352083], [127.04982002176587, 37.68797700400855], [127.05092067064294, 37.686158552646745], [127.05180331230214, 37.68581355860558], [127.05207143347185, 37.68441103030599], [127.05193848490198, 37.68295123576437], [127.05122736243742, 37.68199791430936], [127.05091966480036, 37.680094183978746], [127.05039918324582, 37.679170616778066], [127.04972063267364, 37.67671801094755], [127.04873693202381, 37.6747951136813], [127.04876109928365, 37.67381191843896], [127.04832643529683, 37.67234293973166], [127.04818959927375, 37.67047798122766], [127.0489198999247, 37.667584162122225], [127.05030613067449, 37.66581036444198], [127.05116771023704, 37.663979344761096], [127.05140995931126, 37.66396628611761], [127.05161513519653, 37.66069707950073], [127.05145309064464, 37.66042235113301], [127.05148194027524, 37.659875276536596], [127.05179541105007, 37.65992188579373], [127.0534079884013, 37.65751783869782], [127.05357613729605, 37.65614574270767], [127.05400635917411, 37.65530088828592], [127.05374591025988, 37.65205355635634], [127.0539490275386, 37.65057614596149], [127.05543816641934, 37.64824054219751], [127.05582468233929, 37.64704882421829], [127.05587292378269, 37.64595129604734], [127.05565063694591, 37.644598248817566], [127.0551560580127, 37.643475353343035], [127.05499414577132, 37.64235539578507], [127.05512300936601, 37.64133442231071], [127.05577698691401, 37.64062628895155], [127.05467304467129, 37.64018052841285], [127.05285851111405, 37.64179689185086], [127.05232742607171, 37.64261419947984], [127.05135287939216, 37.64481552976129], [127.05092524755985, 37.64469998824119], [127.05046715132909, 37.644831388262894], [127.05035527291008, 37.6445915496478], [127.05069272857673, 37.64380558684261], [127.04972041567193, 37.64351204444241], [127.0490366971362, 37.64214706267777], [127.04778599677475, 37.64140396508871], [127.04781171348259, 37.641198145225566], [127.04671730674889, 37.641223057684016], [127.04652440978226, 37.64105448693483], [127.04647884121697, 37.64034273242863], [127.04676649111323, 37.639709397312146], [127.04666856602847, 37.63937269457979], [127.04624125491722, 37.63885930959601], [127.04600187417543, 37.63790407586348], [127.04533370662381, 37.63748593881981], [127.04502857692854, 37.63669093897533], [127.04499215821873, 37.63586458467267], [127.0446110980711, 37.635363555518836], [127.04413916230234, 37.6338157384801], [127.04374325030493, 37.63332681200347], [127.04349184084386, 37.63325426472794], [127.04351653736718, 37.633092079859956], [127.04269474131502, 37.6326173827937], [127.04165787568988, 37.63146701948308], [127.0426560961582, 37.63090751031316], [127.04252483114928, 37.630414270207375], [127.04171434758656, 37.63081013278969], [127.03976493048613, 37.632196593304954], [127.03814025994848, 37.634256412012256], [127.03781699988177, 37.63604044820844], [127.03684796499061, 37.6367502622907], [127.0351477013032, 37.63727304678295], [127.03456763321422, 37.637780569270745], [127.03334060694799, 37.64055535801166], [127.03241843245759, 37.641833575543004], [127.02754482831439, 37.644961428946004], [127.02588688052461, 37.64572113495305], [127.02468223818927, 37.64734313476048], [127.02266490003038, 37.6478472132585], [127.02113000014923, 37.648999889461315], [127.0201703855224, 37.64908309715976], [127.01769825484463, 37.64857638374843], [127.01508681387975, 37.649288344708616]]]]}}, {"id": "노원구", "type": "Feature", "properties": {"SIG_CD": "11350", "SIG_ENG_NM": "Nowon-gu", "SIG_KOR_NM": "노원구", "district": "노원구", "regulation_type": "2025.10.15 신규 규제지역", "region": "노원구", "before_count": 3141.0, "after_count": 3497.0, "count_change": 356.0, "count_change_pct": 11.333970073225087, "before_daily_avg": 17.16393442622951, "after_daily_avg": 19.214285714285715, "daily_avg_change_pct": 11.945695183517529, "label_lon": 127.07332980349108, "label_lat": 37.65454259660556, "name": "노원구"}, "geometry": {"type": "MultiPolygon", "coordinates": [[[[127.11084941976728, 37.638408879281094], [127.1109033502133, 37.638262474411995], [127.11159851888418, 37.63799063402366], [127.11248318995305, 37.63648911954446], [127.1122134467542, 37.63628411184783], [127.112251681429, 37.63556442023334], [127.11254861178257, 37.635251340220464], [127.11234696252424, 37.634756550827454], [127.11240727565009, 37.634251108601134], [127.111602322119, 37.633848674770974], [127.11220344679573, 37.63264276638721], [127.11163231657498, 37.63150328414388], [127.1108254901099, 37.630781846147705], [127.10702529308239, 37.628048015466625], [127.10590634648973, 37.62759486320275], [127.10596351311413, 37.627330708259244], [127.105402307269, 37.62572774982031], [127.10501475108464, 37.62526549169638], [127.10491437563117, 37.62398196362047], [127.10432790599809, 37.623270702283975], [127.10406621610721, 37.62165311291431], [127.10490909517652, 37.62156734311193], [127.10566198675131, 37.62041624691726], [127.10491653365298, 37.62004327509927], [127.10405231500127, 37.62004318225939], [127.10379755557494, 37.62023880775249], [127.10338840585032, 37.6202681641355], [127.10169326822223, 37.62002465689872], [127.10167482249872, 37.61947169607004], [127.10087070137769, 37.619404234209], [127.09881685561623, 37.62039393345206], [127.09665091952837, 37.61956172530847], [127.09619573959318, 37.61902066521418], [127.09554728876, 37.619174340932496], [127.09444977608744, 37.618997555405315], [127.09365361982998, 37.61806847625925], [127.09320951918576, 37.61802039444253], [127.0923310440911, 37.61834852593083], [127.09138368175086, 37.61895769214993], [127.08945592532345, 37.61964670923222], [127.08870815487876, 37.62023993781283], [127.08823181574789, 37.6198767974371], [127.08698395226168, 37.620231342411955], [127.08606599856938, 37.62029309858523], [127.0849422802259, 37.620095403876306], [127.08278726095824, 37.619402873526525], [127.08140143051452, 37.619187863828], [127.08043718564942, 37.61848265743411], [127.08006953097366, 37.61841954593847], [127.08007860307481, 37.618623674856], [127.07911380368535, 37.61839033762597], [127.07769622478831, 37.617902758659206], [127.07757306467057, 37.61774234600017], [127.07749386966957, 37.61783250440499], [127.07554112025704, 37.61716419982865], [127.07138071654406, 37.616400902438635], [127.07109011345794, 37.616206516383144], [127.07112084993972, 37.615947754448], [127.07016414656596, 37.615397590267136], [127.06966325644677, 37.61572589168527], [127.06485793210071, 37.61476620384893], [127.06328476138079, 37.614269803805826], [127.06203123150762, 37.61442671928971], [127.06145677833703, 37.614637337942284], [127.06108957349255, 37.61493836099892], [127.06066617349366, 37.61566485509075], [127.05742040012105, 37.61747966967546], [127.05593323934214, 37.61891544617892], [127.05440808982355, 37.61979589314876], [127.05211126406095, 37.62224233129792], [127.04965864273164, 37.624334756460605], [127.04865054565181, 37.62583923101774], [127.04705716933968, 37.62752187716403], [127.04442535430822, 37.62882252561495], [127.04259885042302, 37.6304514153634], [127.04265609608143, 37.63090751584426], [127.04165787561298, 37.631467025014246], [127.04269474123835, 37.632617388324945], [127.04351653729061, 37.633092085391205], [127.04349184076726, 37.63325427025921], [127.04374325022842, 37.633326817534765], [127.04413916222593, 37.63381574401139], [127.0446110979948, 37.63536356105026], [127.0449921581425, 37.635864590204164], [127.04502857685233, 37.63669094450688], [127.04533370654771, 37.637485944351404], [127.04600187409937, 37.6379040813951], [127.04624125484126, 37.6388593151277], [127.04666856595263, 37.63937270011154], [127.04676649103739, 37.6397094028439], [127.04647884114112, 37.64034273796045], [127.04652440970644, 37.64105449246669], [127.04671730667306, 37.64122306321593], [127.04781171340694, 37.641198150757425], [127.0477859966991, 37.641403970620594], [127.04903669706079, 37.64214706820968], [127.04972041559664, 37.64351204997444], [127.05069272850164, 37.64380559237462], [127.05035527283492, 37.64459155517989], [127.05046715125397, 37.644831393795016], [127.05092524748484, 37.644699993773294], [127.05135287931718, 37.64481553529341], [127.05232742599682, 37.64261420501172], [127.05285851103922, 37.64179689738267], [127.05467304459668, 37.64018053394448], [127.05577698683963, 37.64062629448318], [127.05512300929153, 37.64133442784242], [127.05499414569687, 37.64235540131687], [127.05515605793832, 37.643475358874944], [127.0556506368716, 37.644598254349546], [127.05587292370846, 37.645951301579444], [127.0558246822651, 37.647048829750474], [127.05543816634508, 37.64824054772982], [127.0539490274642, 37.65057615149401], [127.05374591018547, 37.652053561889005], [127.05400635909984, 37.655300893818854], [127.05357613722175, 37.65614574824068], [127.05340798832704, 37.65751784423093], [127.05179541097561, 37.65992189132709], [127.05148194020073, 37.65987528206999], [127.05145309057013, 37.66042235666641], [127.05161513512206, 37.66069708503417], [127.05140995923688, 37.66396629165131], [127.05116771016262, 37.663979350294824], [127.05030613059996, 37.665810369975894], [127.04891989984999, 37.667584167656294], [127.04818959919905, 37.67047798676201], [127.04816152612757, 37.671188928012675], [127.0487610992091, 37.67381192397359], [127.0488496275523, 37.675151516612296], [127.04972063259932, 37.67671801648239], [127.05039918317169, 37.679170622313116], [127.05091966472634, 37.68009418951384], [127.05122736236352, 37.68199791984464], [127.0519384848282, 37.68295124129972], [127.05207150791385, 37.68452084596493], [127.05180330671877, 37.685805401851525], [127.05180415818549, 37.68706675949481], [127.05222706180689, 37.68742077662139], [127.05469012438132, 37.68871821462267], [127.05517851862122, 37.68920479637813], [127.05617745736362, 37.689204337677474], [127.05719054804656, 37.68963267122044], [127.05839006176116, 37.68968586839947], [127.05965985660247, 37.6903319835519], [127.060615976053, 37.69127386812961], [127.06120891477191, 37.692169745696745], [127.06236751664018, 37.69302423614671], [127.06273186424687, 37.694675911035446], [127.06338615632387, 37.69492193044962], [127.06458469976688, 37.69455387154736], [127.06532540891355, 37.6947632277125], [127.06630786117232, 37.69444172200209], [127.06782713023436, 37.69477310981693], [127.06854802067683, 37.69400040098758], [127.06902764555622, 37.69386808138573], [127.06915096810711, 37.693689501336905], [127.06982267343317, 37.693981091584384], [127.07087882024945, 37.693700048656346], [127.07265759847755, 37.693799501273645], [127.07339823098206, 37.694100876745466], [127.07393007098807, 37.694644231903645], [127.07490680308264, 37.6952196805678], [127.07819627630987, 37.695986510261505], [127.08110476912358, 37.69613746868182], [127.08384328571226, 37.69426889032683], [127.08390501607037, 37.69178245200047], [127.08517719977966, 37.69038984784225], [127.08653062714315, 37.68991220385299], [127.08845358220995, 37.689902639833946], [127.0905518842561, 37.689570247087374], [127.0930367204467, 37.68996646588949], [127.09428938657669, 37.68913181123798], [127.0950971403842, 37.68938485009702], [127.09599595819121, 37.68907104667071], [127.09558482270754, 37.68839508950617], [127.09608074763925, 37.687907043178456], [127.09642311186231, 37.68563744131399], [127.09580983361323, 37.6846403976266], [127.09428757720201, 37.68341853774455], [127.09291904966395, 37.681551498131675], [127.09279480561642, 37.68004527904011], [127.09253077669818, 37.679517298256826], [127.09194656168668, 37.67919029877812], [127.09194153637755, 37.678692516169455], [127.09247959630343, 37.67764302985689], [127.09353004221957, 37.67673871210933], [127.093853724226, 37.67665934483214], [127.0939627724632, 37.67561723189577], [127.09461462579503, 37.67353631283239], [127.09514691907016, 37.67289141731579], [127.09575076712493, 37.67267301829542], [127.09601893069583, 37.67185037868846], [127.09572040301984, 37.67134776682692], [127.09574870362685, 37.670619641687544], [127.09601296745765, 37.67007941443776], [127.09644725527606, 37.66968910650933], [127.09623735746884, 37.66882941461828], [127.09497929189394, 37.667600031767144], [127.09458062953456, 37.66617230504262], [127.09468000631924, 37.66492127968305], [127.09541063546267, 37.663889644835315], [127.09414211583675, 37.66329882519436], [127.09120691027077, 37.6593345566065], [127.09113228536357, 37.65824302911062], [127.09189131905806, 37.65743495195898], [127.09235164372834, 37.65549186297861], [127.09306632005499, 37.65378255848002], [127.09391573489967, 37.65296172979358], [127.09404075981571, 37.652540146650196], [127.09336684050201, 37.65122722262626], [127.09326587274758, 37.65061772850341], [127.09246588318534, 37.64970976776959], [127.0927156163738, 37.64934637420144], [127.09269449815008, 37.648579993221766], [127.09306875685341, 37.647837534028376], [127.0938340427815, 37.647321967150994], [127.093632406319, 37.64662584152346], [127.09447453809715, 37.6458497736402], [127.09438136149755, 37.64495591692079], [127.09456996923005, 37.644570600993575], [127.09755890898812, 37.6439648311525], [127.09890806139708, 37.64403439778201], [127.099772590643, 37.64446417653675], [127.10159264021141, 37.64477235742206], [127.10280013641903, 37.645204921833894], [127.1028823810986, 37.64540897639771], [127.10392068749499, 37.645492834465365], [127.1065763824185, 37.64537731015027], [127.10769223979547, 37.64496664653686], [127.10928861727629, 37.642858887867604], [127.10989832652044, 37.642487523477335], [127.11075129673883, 37.64273027988726], [127.1111546995062, 37.642563504449775], [127.11142379793623, 37.64208686278562], [127.11134539625512, 37.64149736365496], [127.11161500526919, 37.641247370735876], [127.11171241691373, 37.64079847584789], [127.11222324479792, 37.64037567417594], [127.11199131807496, 37.64000874350673], [127.11113544083418, 37.639943932762804], [127.1105663236908, 37.63936360882239], [127.11084941976728, 37.638408879281094]]]]}}, {"id": "은평구", "type": "Feature", "properties": {"SIG_CD": "11380", "SIG_ENG_NM": "Eunpyeong-gu", "SIG_KOR_NM": "은평구", "district": "은평구", "regulation_type": "2025.10.15 신규 규제지역", "region": "은평구", "before_count": 1584.0, "after_count": 1606.0, "count_change": 22.0, "count_change_pct": 1.3888888888888888, "before_daily_avg": 8.655737704918034, "after_daily_avg": 8.824175824175825, "daily_avg_change_pct": 1.9459706959706946, "label_lon": 126.92657472782447, "label_lat": 37.61781552336287, "name": "은평구"}, "geometry": {"type": "MultiPolygon", "coordinates": [[[[126.95171836393132, 37.65488968787264], [126.95321049599139, 37.65493307762843], [126.95394550523383, 37.655296577298486], [126.95419412377134, 37.65521127389955], [126.95403723718752, 37.65498197583462], [126.9543515459938, 37.65459531341801], [126.95523592119245, 37.65431392885313], [126.95553485584112, 37.65377814584006], [126.95710810306929, 37.65283722962926], [126.95768498513189, 37.65071029668161], [126.95778945934045, 37.64980863910323], [126.9575622601716, 37.6490424550302], [126.95785468854307, 37.64844553201035], [126.9578391596431, 37.64804769135181], [126.9583773419073, 37.64765029771261], [126.95902701255486, 37.64678338009806], [126.95891991792222, 37.64613660276959], [126.9591458848715, 37.64574987702699], [126.95890654039671, 37.644760365627064], [126.95912223049989, 37.6443462734696], [126.959019704442, 37.643879044215865], [126.95936533309072, 37.64319965165591], [126.95926778088388, 37.642132734158324], [126.95997123862112, 37.641461702149904], [126.96013162102355, 37.640538437287454], [126.9608618682505, 37.63875547709209], [126.96160295689836, 37.63798917856057], [126.9616043409894, 37.6371173571234], [126.96254077775075, 37.63581885677949], [126.96332878726157, 37.633245137431445], [126.96161913526159, 37.63188794161207], [126.95982243914982, 37.62976115510126], [126.95875943761885, 37.62958838140046], [126.95746666433266, 37.62913068613279], [126.95637915593018, 37.62821972782881], [126.95520513674339, 37.62815141113056], [126.95403493320092, 37.6273594900116], [126.9534927744538, 37.627368001081074], [126.95198008652024, 37.62686762061486], [126.9515792138162, 37.62655576690235], [126.95041269154223, 37.62641955294204], [126.94900241813596, 37.62433513962455], [126.94889875020485, 37.62325419721227], [126.94990249644259, 37.62092194957454], [126.94983619614013, 37.618765478451735], [126.95070419899342, 37.61552908245717], [126.9505650159782, 37.615121328577644], [126.95071228437281, 37.61351708714799], [126.94981032184621, 37.61165560131083], [126.95036192929278, 37.610616901845994], [126.9493425098328, 37.61002068141579], [126.94872279103042, 37.60902510021667], [126.9481960947257, 37.60862758445918], [126.94704870294835, 37.608135466690925], [126.94621225231809, 37.607391199854604], [126.9437437607391, 37.60620945127431], [126.94366592214833, 37.60504264095671], [126.94213078547244, 37.60494136487628], [126.94124183629829, 37.603134164768406], [126.93995744135721, 37.603075775863886], [126.93983616667838, 37.60187008937146], [126.94106702798342, 37.601151624649], [126.94139158390877, 37.600652312431855], [126.94087790925391, 37.5987163411029], [126.9387120041701, 37.597521405294565], [126.93754183105987, 37.59786822312605], [126.93451810508677, 37.59663303579042], [126.93383798336802, 37.59664531559812], [126.93279421980704, 37.59631219542836], [126.9315967257534, 37.5954127607528], [126.93131082683306, 37.59502404172681], [126.93024566055212, 37.59455038676407], [126.93039146730118, 37.59433789654108], [126.92996365254265, 37.594165045462034], [126.92853683911608, 37.59227577203529], [126.92776386389501, 37.59157646104301], [126.92796996224438, 37.59104472947399], [126.92765150911458, 37.590521959560434], [126.92794221082563, 37.58994015907568], [126.92760308894498, 37.58939344589403], [126.92799699897967, 37.58838739990061], [126.92773795215938, 37.58807189352864], [126.92631445295905, 37.58729108452983], [126.92573152482069, 37.58713529178186], [126.92506641718781, 37.587240728647416], [126.9238563509884, 37.587098312886965], [126.92365124251549, 37.5861512963744], [126.92241906205683, 37.585345789129896], [126.9218464310348, 37.58468599081198], [126.92199336358057, 37.58407933919493], [126.92171990454723, 37.58372720264736], [126.92175044521785, 37.583455801357935], [126.92118629878695, 37.583305629932596], [126.92085925506365, 37.582939102168645], [126.9202544237705, 37.58295698637785], [126.91985921433806, 37.58330078208455], [126.91955027684688, 37.58320567616137], [126.91888865792913, 37.583384565118166], [126.91593886366017, 37.58309528333855], [126.91559618925596, 37.58419648032414], [126.91567983914466, 37.58498997601431], [126.9163726303356, 37.58588076839815], [126.9160150611232, 37.58561584551365], [126.91531227279954, 37.58541824383696], [126.9156979829232, 37.58598050545172], [126.91284517591897, 37.58722457654123], [126.91190447872621, 37.58581185123839], [126.90414597362349, 37.57851194736965], [126.90417042927129, 37.5787445301246], [126.90182908223252, 37.57654361068407], [126.90263551361302, 37.576391121170005], [126.90208114604148, 37.576004916114215], [126.88871701731523, 37.584750495520176], [126.88586869791445, 37.58705707221235], [126.88203089594275, 37.59081768046499], [126.8826815882999, 37.59137665924179], [126.8835751475035, 37.591852545284105], [126.88513968991433, 37.59375094876596], [126.88579628174973, 37.59395375705556], [126.88673278817122, 37.5938074146824], [126.88733768598404, 37.59391977742109], [126.88561180483134, 37.59152345103294], [126.88546703727869, 37.59110491875432], [126.88577595549273, 37.59051816772787], [126.88588087505724, 37.589936856325735], [126.88575407233404, 37.58956564356999], [126.88655753045603, 37.58916210297658], [126.88715927916243, 37.588532845183785], [126.88834365283626, 37.58879527219885], [126.88925345162995, 37.588827675433116], [126.88957886260474, 37.589132066771846], [126.89144413482303, 37.588465407388725], [126.89223572513471, 37.58852217512414], [126.8933278834378, 37.58906742997258], [126.89384057547058, 37.5890712774535], [126.8942674703644, 37.58882023731708], [126.89523121731777, 37.58886446440329], [126.89685903319071, 37.5885666207769], [126.89796240808718, 37.58909045333288], [126.89808208742538, 37.589538798113175], [126.89964383698816, 37.58981692073444], [126.89975035205163, 37.58993808691655], [126.89957544798025, 37.59067307626227], [126.89969640804762, 37.59136215440345], [126.89896162866323, 37.59267836978541], [126.8997782099717, 37.59338662823492], [126.90035509799263, 37.594211236060374], [126.90182975624349, 37.595141350967886], [126.90162815241574, 37.596000493718414], [126.90121054961216, 37.59630168977018], [126.90101188035354, 37.59733709317254], [126.90125350572444, 37.59790885549033], [126.90132268640424, 37.59936653388629], [126.89998230219679, 37.6020401813689], [126.90020453949012, 37.60256772649273], [126.90015265414199, 37.603116443388835], [126.90210847286521, 37.603741757976216], [126.90202991439115, 37.60426904578592], [126.90150540779794, 37.605356538575236], [126.90174338471488, 37.605765281341405], [126.90141386149688, 37.60619070733346], [126.90077575007594, 37.60843924938794], [126.90060114835384, 37.609319521448846], [126.90070526163106, 37.610318852957], [126.90030432144151, 37.61119134447091], [126.9009619497017, 37.612350226067996], [126.90091349164295, 37.61272465953155], [126.90173423955038, 37.61406922347625], [126.90172886635051, 37.6147762005366], [126.9019170940021, 37.615092549717275], [126.90182259989255, 37.6157535644678], [126.90247318905456, 37.61666550813695], [126.90247836112391, 37.61689920878136], [126.90312556978633, 37.61730434442245], [126.90305160809267, 37.61809376671407], [126.9033401605533, 37.61830601678245], [126.90336122953278, 37.618839306446056], [126.90427428517106, 37.61883133187381], [126.90523108942806, 37.61907454315808], [126.90518925689827, 37.619813871257804], [126.90555757862438, 37.62062308012563], [126.90711746718063, 37.62194146258878], [126.90714280610618, 37.62331265662411], [126.90699953841583, 37.62393674950075], [126.90662714636596, 37.624495625425396], [126.90861082492506, 37.62626565479997], [126.90890316967173, 37.62745855546479], [126.90880184330824, 37.62908784182328], [126.9083820942201, 37.62999412088283], [126.90811827140114, 37.6300606388117], [126.90729415518864, 37.63086720615568], [126.90675739751394, 37.63273630597177], [126.90620219351779, 37.63322013443556], [126.9070962475965, 37.633397949495425], [126.90912245744425, 37.63433291253579], [126.90980659265811, 37.63494188555209], [126.91085445872754, 37.635316601112756], [126.91121037093833, 37.63590558182785], [126.91009200205268, 37.638509419003135], [126.91089206587858, 37.64028429423149], [126.9122798601688, 37.644315357191154], [126.91014078893338, 37.64507676558586], [126.90770517594486, 37.64628978414077], [126.90729156021779, 37.646944554077585], [126.90480202297938, 37.64920101507842], [126.90609415334077, 37.64863012803785], [126.90841366416788, 37.64725658793128], [126.90863540872957, 37.64741619939049], [126.90972726365698, 37.64687791002731], [126.91194558959698, 37.645365579035975], [126.91339860880419, 37.6449964982012], [126.91372082328495, 37.644755655217885], [126.91518932758154, 37.64511629146651], [126.91734150436892, 37.64525777725521], [126.92412290918418, 37.64610630208898], [126.9271340071055, 37.648103008694044], [126.92799207685405, 37.648887773871685], [126.92969937254531, 37.650048155887475], [126.93086293120773, 37.650301419937705], [126.931900565591, 37.65023065254204], [126.93570568901866, 37.65120265559098], [126.93716331814174, 37.652315704698346], [126.93845965375587, 37.654771174176865], [126.93966623084546, 37.65624105943531], [126.94033521064176, 37.65676784772566], [126.94269721761108, 37.657919458342505], [126.94502261133314, 37.65832518648465], [126.94756485216162, 37.659215385935376], [126.94800190521973, 37.65857237053193], [126.94803834081966, 37.65789243976562], [126.94775784236126, 37.6572808479636], [126.9478824320477, 37.65712581093385], [126.94883281631657, 37.656974361959634], [126.94920308323732, 37.65677040196209], [126.94979116103602, 37.655911762209676], [126.95077270660703, 37.65548642392479], [126.95137605361984, 37.654949682936724], [126.95171836393132, 37.65488968787264]]]]}}, {"id": "서대문구", "type": "Feature", "properties": {"SIG_CD": "11410", "SIG_ENG_NM": "Seodaemun-gu", "SIG_KOR_NM": "서대문구", "district": "서대문구", "regulation_type": "2025.10.15 신규 규제지역", "region": "서대문구", "before_count": 1776.0, "after_count": 1409.0, "count_change": -367.0, "count_change_pct": -20.664414414414413, "before_daily_avg": 9.704918032786885, "after_daily_avg": 7.741758241758242, "daily_avg_change_pct": -20.228504603504604, "label_lon": 126.93299346825408, "label_lat": 37.58259227944163, "name": "서대문구"}, "geometry": {"type": "MultiPolygon", "coordinates": [[[[126.95267536122061, 37.6027400820335], [126.95237538189535, 37.602475582076515], [126.95246901689863, 37.6016225072006], [126.95336191896227, 37.60016806627427], [126.95338054979528, 37.59953091643504], [126.95304590751985, 37.59907380966492], [126.95306133145408, 37.59875819245425], [126.95350873703168, 37.5985784578785], [126.95384113140089, 37.59867291658728], [126.95414129332455, 37.59909790525695], [126.95488110725879, 37.59930908410116], [126.95541140400954, 37.599273532414884], [126.95659871829245, 37.5988685476721], [126.9567469870898, 37.59857494642824], [126.95771440846315, 37.59836666865357], [126.95826871196064, 37.59778827936562], [126.95870689550134, 37.596378958013595], [126.95864527520938, 37.59586255469291], [126.95905125823033, 37.59503408440925], [126.95903388092967, 37.594788271652554], [126.958540786655, 37.594183028162604], [126.95751696298915, 37.59352859937728], [126.957511928046, 37.59306064421175], [126.95781032823055, 37.592564934307624], [126.9578194665257, 37.59145982599674], [126.95732661202341, 37.58872177460193], [126.95746398517583, 37.58795344776768], [126.95737416984029, 37.58696993468004], [126.95746388787872, 37.58602449206919], [126.95798579198387, 37.58443050869011], [126.95754974565853, 37.58230233539878], [126.95817336280989, 37.580984306066036], [126.958031461826, 37.58073507709701], [126.95722382911761, 37.58035101068054], [126.95720203458623, 37.579818852872855], [126.95567803691449, 37.57968396987822], [126.95510674169452, 37.5792957638342], [126.95355844554074, 37.57874835422291], [126.95544930756856, 37.57654450964115], [126.95563393589092, 37.57659441513553], [126.95637014410214, 37.575684702057096], [126.95833778218244, 37.57409801573464], [126.96669000010866, 37.5658282904654], [126.96860693950723, 37.56344375167594], [126.96946405860974, 37.561975375152954], [126.96683758083722, 37.561273636173496], [126.96398499756619, 37.559462540771676], [126.96320951069092, 37.55919537352591], [126.9616724954056, 37.559025361652104], [126.96090332751419, 37.55854560185161], [126.96011596935871, 37.557700091806765], [126.95979633180264, 37.55754906348546], [126.95964189664042, 37.55766275879225], [126.9591340775657, 37.557241923416704], [126.95619089178412, 37.55740695479233], [126.94137197866074, 37.55654608961344], [126.93686396367772, 37.55510137529761], [126.9265969124126, 37.558849236474074], [126.92676550498837, 37.5610891489395], [126.92828223215214, 37.563331868377716], [126.92601374588138, 37.56510426110644], [126.92358107167381, 37.56599719979048], [126.91844037063267, 37.567110073086475], [126.90908909273072, 37.5712986628537], [126.90208107408678, 37.576004527476066], [126.90263544170647, 37.57639073257037], [126.90182901025256, 37.57654322209657], [126.90417035749188, 37.57874414175403], [126.90414590184294, 37.57851155897682], [126.9119044076104, 37.58581146356475], [126.9128451048813, 37.58722418900512], [126.91569791214833, 37.58598011780534], [126.91531220199253, 37.585417856135784], [126.91601499037859, 37.58561545783344], [126.91637255962195, 37.58588038074421], [126.91567976837273, 37.58498958827343], [126.91559611848025, 37.58419609250735], [126.91593879292041, 37.58309489541774], [126.91888858745371, 37.58338417723362], [126.91955020643191, 37.58320528826172], [126.91985914395048, 37.583300394194865], [126.92025435342006, 37.58295659845653], [126.92085918476776, 37.58293871424742], [126.92118622851883, 37.583305242047295], [126.92175037499983, 37.5834554134886], [126.92171983432519, 37.58372681480382], [126.92199329338152, 37.58407895138573], [126.9218463608197, 37.58468560306018], [126.92241899189027, 37.58534540144269], [126.92365117245615, 37.58615090876756], [126.92385628094316, 37.587097925371026], [126.92506634725085, 37.587240341148586], [126.92573145494411, 37.587134904274926], [126.92631438313424, 37.5872906970394], [126.92773788245914, 37.58807150611678], [126.92799692930132, 37.58838701251959], [126.92760301922654, 37.58939305860778], [126.9279421411352, 37.58993977184249], [126.9276514393953, 37.5905215723819], [126.92796989255137, 37.5910443423462], [126.92776379418102, 37.59157607396532], [126.9285367694685, 37.59227538502649], [126.92996358301488, 37.594164658637446], [126.93039139781118, 37.59433750973419], [126.93024559104799, 37.594549999977026], [126.9313107574227, 37.59502365498799], [126.93159665636702, 37.59541237405187], [126.93279415052437, 37.59631180881659], [126.93383791417787, 37.59664492902109], [126.93451803595792, 37.59663264921416], [126.93754176219768, 37.59786783667617], [126.93871193541486, 37.59752101881497], [126.94087784068832, 37.598715954743355], [126.94139151538066, 37.60065192625828], [126.94106695942385, 37.60115123852208], [126.93983609800473, 37.601869703309504], [126.93995737268905, 37.60307538991716], [126.94124176774554, 37.603133778830916], [126.94213071699161, 37.60494097911352], [126.9436658538053, 37.60504225520795], [126.94374369239789, 37.60620906563694], [126.94621218419385, 37.60739081433681], [126.94704863489612, 37.60813508124639], [126.94819602677458, 37.60862719906478], [126.94872272312496, 37.609024714861604], [126.94934244197877, 37.61002029615736], [126.95036186152788, 37.61061651664719], [126.95032998306598, 37.60910820515532], [126.950541967016, 37.60886559038389], [126.95059627676065, 37.60836021696479], [126.95144785037238, 37.60801482944296], [126.95174397122511, 37.60738483479367], [126.95258622090775, 37.60665651757753], [126.9527100470935, 37.60591325836757], [126.95309624268019, 37.605502623490636], [126.9540605414066, 37.60507251670833], [126.95356687981126, 37.60447907415897], [126.95327543461121, 37.603662439771824], [126.95267536122061, 37.6027400820335]]]]}}, {"id": "마포구", "type": "Feature", "properties": {"SIG_CD": "11440", "SIG_ENG_NM": "Mapo-gu", "SIG_KOR_NM": "마포구", "district": "마포구", "regulation_type": "2025.10.15 신규 규제지역", "region": "마포구", "before_count": 2315.0, "after_count": 925.0, "count_change": -1390.0, "count_change_pct": -60.043196544276455, "before_daily_avg": 12.650273224043715, "after_daily_avg": 5.082417582417582, "daily_avg_change_pct": -59.823653668146115, "label_lon": 126.89780347360218, "label_lat": 37.562674903745254, "name": "마포구"}, "geometry": {"type": "MultiPolygon", "coordinates": [[[[126.88888180909403, 37.584638200543175], [126.89753431585825, 37.579095507937396], [126.90879166053696, 37.57145176869275], [126.91844037063267, 37.567110073086475], [126.92358107167381, 37.56599719979048], [126.92601374588138, 37.56510426110644], [126.92828223215214, 37.563331868377716], [126.92676550498837, 37.5610891489395], [126.9265969124126, 37.558849236474074], [126.93686396367772, 37.55510137529761], [126.94137197866074, 37.55654608961344], [126.95619089178412, 37.55740695479233], [126.9591340775657, 37.557241923416704], [126.95964189664042, 37.55766275879225], [126.95979633180264, 37.55754906348546], [126.96011596935871, 37.557700091806765], [126.96115149202991, 37.558753482222], [126.96168914430518, 37.558982011644574], [126.96156741502735, 37.55842195132806], [126.96207599149767, 37.55845618873436], [126.96280441913392, 37.55806646339781], [126.96307791907267, 37.558202836478614], [126.96305197681212, 37.557414452860826], [126.9634368777668, 37.55685315273492], [126.96277188461727, 37.556004600147396], [126.96247680059348, 37.55591017828725], [126.96214702886664, 37.55553785171339], [126.96177359188286, 37.55479468891725], [126.96228934254086, 37.55290531311618], [126.9623496547006, 37.551512455489224], [126.96318735327382, 37.55066044702438], [126.96354877986849, 37.549947375315575], [126.96389826700793, 37.54976250468642], [126.96373130827645, 37.548792191963585], [126.96333956015002, 37.548641996846634], [126.96224119578304, 37.54862277887742], [126.96222217265004, 37.548128065231055], [126.96170121366775, 37.54759236845007], [126.96107697802606, 37.54741871546073], [126.96013178391966, 37.54637492261887], [126.9600513283326, 37.54606799861216], [126.95931634561997, 37.54604296096608], [126.95841315333739, 37.54550767089617], [126.95790821753924, 37.545457642641175], [126.95781947143476, 37.54514198339589], [126.95810613927848, 37.54442636820506], [126.95757406430262, 37.544223168911685], [126.95740809818822, 37.54322609626985], [126.95758469846473, 37.54297388430213], [126.95835020461328, 37.542758775417106], [126.9581761394012, 37.54231187357459], [126.95698666246939, 37.541636533729665], [126.95652083402729, 37.5407052355344], [126.95663952912808, 37.54059097178011], [126.95573395089815, 37.53947029392553], [126.95518553953234, 37.53918458248216], [126.95409576875694, 37.538932151248005], [126.95365151479643, 37.53833506428268], [126.95338116702332, 37.537553343041566], [126.95128670951685, 37.53628910730541], [126.94990426440502, 37.5360450989072], [126.94878638671932, 37.5355807377161], [126.94784568251542, 37.53561832685646], [126.94748525217209, 37.535827355115316], [126.94738032134609, 37.53521998353983], [126.94642336133009, 37.53573592726738], [126.94627507530828, 37.53569164626045], [126.94543978552505, 37.5351824797117], [126.94556244351607, 37.53498431935752], [126.94509929137581, 37.53496410597062], [126.94482013316608, 37.53452135928762], [126.9449318949801, 37.53423506816555], [126.94458539742492, 37.53378045854601], [126.94421946143467, 37.53423500398022], [126.93855818352647, 37.53783496804252], [126.93290285471251, 37.54052268629462], [126.93033332333621, 37.5413557005705], [126.92764949237545, 37.53907272142304], [126.92710041316242, 37.53903475125267], [126.9230761215263, 37.540454120224986], [126.92283453224336, 37.54061873299455], [126.9224162426202, 37.54142536113161], [126.9048332844963, 37.54141642253627], [126.90219913472473, 37.54410454431439], [126.90182183955518, 37.54502351715062], [126.8989432216755, 37.548007558678236], [126.89468390757366, 37.54939271365594], [126.88825762583431, 37.55221358270491], [126.88682506600703, 37.553089259915026], [126.87304243208135, 37.56004900676635], [126.86895104088015, 37.562018775791735], [126.86629133584086, 37.56305218476322], [126.85607042984746, 37.56944268144053], [126.85501967704643, 37.570257613731805], [126.85363177727677, 37.57179010227337], [126.85362850743672, 37.57379873120617], [126.85928568766032, 37.57491530139248], [126.85929409137816, 37.57524051360122], [126.86494110875697, 37.57747205031629], [126.86837929377478, 37.57752074786741], [126.87060045459829, 37.578008079658574], [126.87391517455745, 37.57828031102717], [126.87626048370508, 37.57818484048811], [126.87625918104024, 37.57896250730389], [126.87707649505917, 37.57890255511112], [126.87763159007478, 37.57974809268774], [126.87736741872597, 37.580114966951406], [126.8774178433591, 37.58063956495661], [126.87662537453599, 37.58137556442423], [126.87704960019609, 37.58220576623509], [126.87698766274738, 37.58338767680509], [126.87733116957578, 37.584047451864734], [126.87716491263437, 37.584237889300226], [126.87662336553831, 37.58416411252655], [126.87653782272166, 37.58443994873836], [126.87719330168446, 37.58493562416785], [126.87754226867644, 37.586247483121824], [126.8784651544328, 37.58636895551039], [126.87913301983455, 37.58677199366867], [126.87943727530819, 37.587874330330294], [126.88034906380875, 37.58950577270728], [126.88198632679493, 37.590539627818714], [126.8818867441316, 37.59063919382788], [126.88205598696133, 37.59079225326673], [126.88586862444603, 37.58705668458038], [126.88888180909403, 37.584638200543175]]]]}}, {"id": "양천구", "type": "Feature", "properties": {"SIG_CD": "11470", "SIG_ENG_NM": "Yangcheon-gu", "SIG_KOR_NM": "양천구", "district": "양천구", "regulation_type": "2025.10.15 신규 규제지역", "region": "양천구", "before_count": 1905.0, "after_count": 1374.0, "count_change": -531.0, "count_change_pct": -27.874015748031493, "before_daily_avg": 10.40983606557377, "after_daily_avg": 7.549450549450549, "daily_avg_change_pct": -27.47771913126244, "label_lon": 126.86190008320474, "label_lat": 37.52701324509472, "name": "양천구"}, "geometry": {"type": "MultiPolygon", "coordinates": [[[[126.87404967110731, 37.54693630093923], [126.87796260407954, 37.54709953878909], [126.88025588741047, 37.547735709011356], [126.87994934857129, 37.54813155049546], [126.88048004741565, 37.54819066004709], [126.88081123912896, 37.54807696965151], [126.88212800121948, 37.54672456038519], [126.88274608775585, 37.5457546540485], [126.88409212076685, 37.5446367978059], [126.88424549645343, 37.54356504968681], [126.88442665807385, 37.54337602122353], [126.88508676049715, 37.543313604470335], [126.88551364454463, 37.54155400030502], [126.88653166168599, 37.53936191821651], [126.88826046042365, 37.53671467108297], [126.88943067308861, 37.53553694664189], [126.88999596702303, 37.534707955661105], [126.89015365564956, 37.5341117642212], [126.89003652022838, 37.53370986485967], [126.88979718973177, 37.5333956245817], [126.88869311812809, 37.532805055181285], [126.88853050869223, 37.532554874102274], [126.88862661193951, 37.53212432724189], [126.88908655522948, 37.53190866272592], [126.89028887411138, 37.5318686978393], [126.89068428465217, 37.531656209871095], [126.8895401964901, 37.529996176325334], [126.88846161705169, 37.53041241697532], [126.8871538537706, 37.53017999898353], [126.88600296287112, 37.52944597467438], [126.88417725122301, 37.528668482377505], [126.88391041425562, 37.5283900261149], [126.88374710451585, 37.527586861554596], [126.88343039786629, 37.52732750955664], [126.88272682089601, 37.52724880497104], [126.88135020265959, 37.52777702567936], [126.88090575798901, 37.52770674562665], [126.88060326512449, 37.52740123364184], [126.88117345061903, 37.52652149072228], [126.88094152251821, 37.52591183973915], [126.88054478138754, 37.525745029430425], [126.87928487164466, 37.525715855528105], [126.87875380928753, 37.52535496110007], [126.87861433924074, 37.52468352121056], [126.87886031133739, 37.52408771501728], [126.87892354997923, 37.522918172578514], [126.8794291156541, 37.52050487694448], [126.87910398215105, 37.520023355003815], [126.87835138085742, 37.51948592190981], [126.87819577339131, 37.5187793162105], [126.87873957504547, 37.51794195701535], [126.87932491189677, 37.517853590677994], [126.87959090371986, 37.51764466340039], [126.87931649251735, 37.51748812018204], [126.87855500346862, 37.517542515914464], [126.87855072515106, 37.51735104991567], [126.87900250291008, 37.516902994760436], [126.87848272786856, 37.516347495263126], [126.87794844743954, 37.5161354828802], [126.87758414725654, 37.514663099314795], [126.87790656132603, 37.513344324896025], [126.87772620619127, 37.51329148181525], [126.87725573090422, 37.51372797094892], [126.87664837311382, 37.5136839745507], [126.87638160373608, 37.513305264882284], [126.87639409809597, 37.51281311797458], [126.87609660609735, 37.512418328320166], [126.87559634307476, 37.512176220989986], [126.87518179784595, 37.51244945598268], [126.87393643358635, 37.51117067590969], [126.87419432925651, 37.51072889826465], [126.87467728507758, 37.51074996955168], [126.87489258621953, 37.51103429373328], [126.87482194986943, 37.511631128118026], [126.87518019372985, 37.51183086625378], [126.87569756997935, 37.51135642217091], [126.87656459146511, 37.51114729316271], [126.87684485968192, 37.51083871868506], [126.87652181078543, 37.510620732580456], [126.87611816120474, 37.511047710488626], [126.87552378528105, 37.51107242306577], [126.87518451630207, 37.51052104730368], [126.87560326224568, 37.50974043845186], [126.87551345312535, 37.509548322278995], [126.87501338125962, 37.509305924262726], [126.87422244705633, 37.509470065134586], [126.87379954096296, 37.50906022278353], [126.87390093542619, 37.50866924569993], [126.87480060383221, 37.50826053992027], [126.87503551894768, 37.507708363427255], [126.87421308910432, 37.50717476552851], [126.87434254531864, 37.50679986493177], [126.87471246705103, 37.506667365511426], [126.874171364087, 37.50531190887217], [126.87370560638203, 37.504756445562585], [126.87358041467695, 37.50356024487666], [126.8718658913021, 37.504126842061396], [126.87146925447857, 37.50468869157242], [126.87144863130324, 37.50507017818472], [126.8710151593885, 37.50526961341673], [126.87063082833991, 37.50575910548989], [126.87025622287533, 37.50584569014551], [126.86901285524394, 37.50485207882752], [126.86796330329271, 37.50488327880047], [126.86713908090596, 37.505294271083734], [126.86656882550682, 37.50519985425841], [126.86604799427148, 37.50552502271662], [126.86543788532026, 37.505572750108], [126.86484336874558, 37.505504209689015], [126.86455166565969, 37.504992276601804], [126.86351343619259, 37.50501444019052], [126.86313930936133, 37.505317242181796], [126.86283650824873, 37.50593885446327], [126.86276320456662, 37.506399970776336], [126.86294227320415, 37.506558981694184], [126.86258384134346, 37.50677873733582], [126.86408201668031, 37.508339493721614], [126.86316785283795, 37.50784964488775], [126.86269949897692, 37.50740028188381], [126.86031598439213, 37.506616121438576], [126.85832797611933, 37.50991785466445], [126.85561267843391, 37.50915544260385], [126.85519594267939, 37.509711013187115], [126.8528670909964, 37.51068596597139], [126.85139059649957, 37.51012829215761], [126.85075657033626, 37.510010075859114], [126.8500867105777, 37.51013479993609], [126.84871380492493, 37.50888345810745], [126.84729420113928, 37.50948472231557], [126.84662090847475, 37.509047984364045], [126.84623474448904, 37.50897652391165], [126.84628477494837, 37.50854241746721], [126.84605102401986, 37.5080862688735], [126.84505796175131, 37.50752971860806], [126.84438207313072, 37.50648985510923], [126.8446771650523, 37.50574044664758], [126.8435843755395, 37.505820359794555], [126.84242849484225, 37.505480655688544], [126.84074497415389, 37.50604262585472], [126.8404988708647, 37.50552253258651], [126.84011713086237, 37.5053772845156], [126.83995119394334, 37.5048846087725], [126.83958959497271, 37.50449583801144], [126.83879552459541, 37.50454514869386], [126.83848971736109, 37.50442421871606], [126.83815106449795, 37.50381191977924], [126.83749451736685, 37.50327970099854], [126.83691817152462, 37.503320291201675], [126.83639387932892, 37.503079669030285], [126.83524681125134, 37.50286942524939], [126.83399368919784, 37.503378970849454], [126.83362273748928, 37.50387089324293], [126.83200790111233, 37.504679205232044], [126.83118666790035, 37.5058693040496], [126.83056581807898, 37.506356071732064], [126.83102536122846, 37.50803090459912], [126.830646222341, 37.508220692298345], [126.82949271565894, 37.50831981264617], [126.82811089022924, 37.50879954605639], [126.82698851309118, 37.50850309619056], [126.82704941077915, 37.509215820130336], [126.82641655517419, 37.509449142772894], [126.8270748552648, 37.51035956416276], [126.82406015977438, 37.510481213305084], [126.82385670162006, 37.51087508420368], [126.82440812483303, 37.51317655080416], [126.82425573459746, 37.51446756585448], [126.82340130931743, 37.514953376675194], [126.82310455535766, 37.5162202416245], [126.82449619303542, 37.51771572553694], [126.82561738504943, 37.520079979781286], [126.82565439635815, 37.52103002541925], [126.82548036025857, 37.52175252579391], [126.82566075354802, 37.5222351147385], [126.82513734532544, 37.52300552220603], [126.82582079479198, 37.52370819891938], [126.82650693056921, 37.524932316755745], [126.82795903203757, 37.525688194766715], [126.82825863791989, 37.52629990476809], [126.82883740205418, 37.52651586456342], [126.82842776152141, 37.5267027797328], [126.82793917695547, 37.52800315128902], [126.82787505315663, 37.52836486891468], [126.82821397365036, 37.52902928158601], [126.82706975453819, 37.529708693837904], [126.82531258897393, 37.52995892205739], [126.82473550729473, 37.53060029647824], [126.82457884111432, 37.53121696266776], [126.82343072763821, 37.5326165689889], [126.82355280538104, 37.53376326593582], [126.8227028653338, 37.53375465707221], [126.82262295210445, 37.5342010948898], [126.82186800384864, 37.53490300219259], [126.82243403110728, 37.53654309979747], [126.82232182614744, 37.53792397890848], [126.82159056859643, 37.53971190301258], [126.82205433025023, 37.540660902103305], [126.82538737805795, 37.54168009391144], [126.82535654432512, 37.54208888167372], [126.82608219126284, 37.54296673433073], [126.82608069334036, 37.543301783623434], [126.8257148703957, 37.5439122285608], [126.82574065933532, 37.54430222479187], [126.82601316556269, 37.544884057454944], [126.82696009419347, 37.54596523518262], [126.82758448245838, 37.54768226396505], [126.82797782887957, 37.54756008274313], [126.82975864616974, 37.5477321806691], [126.83010657558866, 37.54620748058039], [126.83045569614052, 37.5457746644042], [126.82968282334446, 37.54409601465673], [126.83023357023349, 37.54263270438034], [126.8300106534075, 37.54252151389182], [126.82998509442521, 37.541656173835044], [126.83031010137502, 37.54148207839999], [126.8305440756558, 37.541759472188446], [126.83310251435472, 37.54184931029709], [126.83373412154198, 37.53984212468916], [126.83516050204837, 37.53753253103026], [126.83510890148031, 37.53673086375227], [126.83441278606018, 37.5364556368671], [126.84048705607114, 37.52648417285626], [126.84887071287122, 37.52789747685759], [126.86397302858475, 37.52978897021804], [126.86344007883675, 37.536104309146], [126.86377757540971, 37.540710737264206], [126.86343396654925, 37.541720293644865], [126.86227605073309, 37.54365606572248], [126.8621151202351, 37.54435611726374], [126.86420766630054, 37.55115203885427], [126.86446082683564, 37.55124008940565], [126.86575276439623, 37.55065320819944], [126.87100015174623, 37.54756986225463], [126.87243046981102, 37.5471147402138], [126.87404967110731, 37.54693630093923]]]]}}, {"id": "강서구", "type": "Feature", "properties": {"SIG_CD": "11500", "SIG_ENG_NM": "Gangseo-gu", "SIG_KOR_NM": "강서구", "district": "강서구", "regulation_type": "2025.10.15 신규 규제지역", "region": "강서구", "before_count": 2622.0, "after_count": 2091.0, "count_change": -531.0, "count_change_pct": -20.251716247139587, "before_daily_avg": 14.327868852459016, "after_daily_avg": 11.489010989010989, "daily_avg_change_pct": -19.813538863882112, "label_lon": 126.81848681288959, "label_lat": 37.56572608211003, "name": "강서구"}, "geometry": {"type": "MultiPolygon", "coordinates": [[[[126.80902115950983, 37.60064326054996], [126.8113686400499, 37.5989608237154], [126.81395295357872, 37.59761940467918], [126.81655598654991, 37.59568160651697], [126.81752570846574, 37.595330333255184], [126.8193022510074, 37.59284975454792], [126.82781148396668, 37.587484836573914], [126.83175937118158, 37.585843184150576], [126.83714886726037, 37.58256334325223], [126.83809766006887, 37.58179291268309], [126.8432399478809, 37.57887904148085], [126.84838099897912, 37.57515714559119], [126.85352206413035, 37.5718959318774], [126.85501947547715, 37.57025800306045], [126.85607022817933, 37.56944307084379], [126.86382514339631, 37.56448989134579], [126.8662911332194, 37.56305257474506], [126.86906021931995, 37.56196692316649], [126.88046370572407, 37.5562694260662], [126.87923701484603, 37.55474689510795], [126.87921716902308, 37.55315128450695], [126.87824427203671, 37.553581333484416], [126.87792833332009, 37.553336609703926], [126.87804773171173, 37.55170087894438], [126.87932727303671, 37.5501553175745], [126.88035592542356, 37.54845660462885], [126.88079166060076, 37.548088203295], [126.87994907083181, 37.548131550494034], [126.88025560967097, 37.54773570900992], [126.87795542546662, 37.54709840532844], [126.87417457255792, 37.546935030447045], [126.87243019207152, 37.547114740212365], [126.87065607151041, 37.54771785692699], [126.86575248665676, 37.55065320819801], [126.8644605490962, 37.55124008940424], [126.8642073885611, 37.55115203885285], [126.86211484249566, 37.54435611726233], [126.86227577299363, 37.54365606572103], [126.8634336888098, 37.54172029364343], [126.86377729767027, 37.540710737262806], [126.86343980109729, 37.53610430914458], [126.86397275084532, 37.52978897021661], [126.8488704351318, 37.5278974768562], [126.8404772349608, 37.526487259261636], [126.83441250832077, 37.53645563686572], [126.83510862374087, 37.5367308637509], [126.83516022430895, 37.537532531028866], [126.83373384380256, 37.53984212468776], [126.8331022366153, 37.54184931029572], [126.83054379791638, 37.54175947218706], [126.83030982363557, 37.54148207839858], [126.82998481668582, 37.541656173833665], [126.83001037566812, 37.542521513890414], [126.83023329249401, 37.54263270437893], [126.82968254560504, 37.54409601465533], [126.83045541840107, 37.5457746644028], [126.83010629784924, 37.546207480579014], [126.82975836843035, 37.547732180667715], [126.82797755114014, 37.547560082741704], [126.82758420471896, 37.547682263963644], [126.82695981645406, 37.54596523518122], [126.82601288782327, 37.54488405745356], [126.8257403815959, 37.544302224790485], [126.82571459265628, 37.543912228559435], [126.82608041560094, 37.54330178362205], [126.82608191352342, 37.54296673432935], [126.82535626658573, 37.54208888167234], [126.82538710031854, 37.54168009391007], [126.82212101918448, 37.540677897435444], [126.81931951435223, 37.54074399394733], [126.81631213319251, 37.54055180157403], [126.81233393170588, 37.54073667702753], [126.81055973411141, 37.54151514297445], [126.80624041693015, 37.5444075850567], [126.80621594606929, 37.544301678201656], [126.80732458609114, 37.543590597660206], [126.80441123532356, 37.54324677324114], [126.80184971712207, 37.542715949154896], [126.79965283258636, 37.54138832547938], [126.80054579538486, 37.541469252809854], [126.80066139971312, 37.54128024139585], [126.8003001002094, 37.541186707151006], [126.8003328046433, 37.540856774931925], [126.80078190671559, 37.541043368545886], [126.8008143440667, 37.54081226543202], [126.79927334162939, 37.54063197003564], [126.79936186510196, 37.54019373540379], [126.79886126329458, 37.54029254504993], [126.79873604016936, 37.539398664040164], [126.79924249595423, 37.53928775560755], [126.79942637314166, 37.53901917858301], [126.79944211518868, 37.53888799416257], [126.79914579674778, 37.53889114478903], [126.79946204217048, 37.53772574940088], [126.79908786289622, 37.537565182641494], [126.79825391970742, 37.53770509780291], [126.79834955683722, 37.53725223484556], [126.79816761451161, 37.53732512726733], [126.79780983412401, 37.53704829371311], [126.79700612555921, 37.537060140244606], [126.79661709119338, 37.5367742480397], [126.7960417196766, 37.536749597355936], [126.7944248924838, 37.53582888807106], [126.79396312232068, 37.53736032168302], [126.79422308509399, 37.53829189877846], [126.79393566810542, 37.53942354343058], [126.79388475275563, 37.53954959267829], [126.79326218130042, 37.539702791180595], [126.79437611759613, 37.54023408250513], [126.79494420098203, 37.541372019971185], [126.79301718657838, 37.54159443979856], [126.7918098471322, 37.541902864518214], [126.79153567937453, 37.5428312446124], [126.79181899816366, 37.54374625338142], [126.7907596874858, 37.543839818516695], [126.78938520851003, 37.544462978144935], [126.78819224290413, 37.54516585397568], [126.7872605188362, 37.54607641961536], [126.78548166602278, 37.54600475756519], [126.78447475631444, 37.5461206075282], [126.7833946039173, 37.54600852536484], [126.78203807043165, 37.546327548190696], [126.78183602744308, 37.546068705536605], [126.77874684224776, 37.54671303654268], [126.77756273849099, 37.546711923074085], [126.77674333173607, 37.54820432412671], [126.77529308082173, 37.54897162136827], [126.77258014815403, 37.54875324585555], [126.77195679268735, 37.5483775665012], [126.77155154087247, 37.54831792537223], [126.77135130563116, 37.5486295028252], [126.77099255295384, 37.54874565233107], [126.77084321653692, 37.54935042905665], [126.7699219291849, 37.55017500400891], [126.76984036453912, 37.55064898949202], [126.7702674439269, 37.551086526977514], [126.76978884872565, 37.55106672204264], [126.76938881200707, 37.55131736629717], [126.76932030344788, 37.55157204927565], [126.76807882596971, 37.55157128638272], [126.76804878480408, 37.55179478934455], [126.76746477590487, 37.55195073863852], [126.76771364635519, 37.55283307434966], [126.76736984551026, 37.55313197183014], [126.76762499561907, 37.553530327012865], [126.7672873043573, 37.553683942911704], [126.76764117693811, 37.553954661572156], [126.7675520695218, 37.55417466860288], [126.76672698393068, 37.55406491228412], [126.76636507371954, 37.5537634872197], [126.76620407810672, 37.55424237520887], [126.76633631211169, 37.554870798714994], [126.76478380577572, 37.5550746443562], [126.76449458333654, 37.55527509264119], [126.76455894170653, 37.55544387779008], [126.76600873569922, 37.55613378176039], [126.7667243364501, 37.556315683788576], [126.76675151816579, 37.55650409839962], [126.7662840799348, 37.55691706397399], [126.76661882854039, 37.55697432143775], [126.7673500958948, 37.55661932504719], [126.76873533126313, 37.556816614411545], [126.76899458152505, 37.55709644051602], [126.76986702632338, 37.55723048345308], [126.77243075313883, 37.55701277003981], [126.77318390977626, 37.557527512740755], [126.77177113549146, 37.5586318611846], [126.77244585640335, 37.55872270325536], [126.77274208309719, 37.55940859589251], [126.77319198830008, 37.55928642786298], [126.77359070926211, 37.56005725435686], [126.77418671202527, 37.5596954765194], [126.77428874005817, 37.55975593096734], [126.7741649649877, 37.56015916397997], [126.77444812518526, 37.56043619493049], [126.77480830231674, 37.5604568799567], [126.77466288728564, 37.560703813626766], [126.77493286697715, 37.56090198166324], [126.77467906221972, 37.56131932727651], [126.77545913578199, 37.56143316748026], [126.77553452070589, 37.5618283407052], [126.77575824570927, 37.56194139211034], [126.77588609097378, 37.56177044888469], [126.77610863157501, 37.561863504454166], [126.77718132833456, 37.560703273579165], [126.77734783378693, 37.56031588583835], [126.77784184121617, 37.55993305601233], [126.7779297435521, 37.56028658085708], [126.77750924878775, 37.56228231807735], [126.77694844001395, 37.56222972530236], [126.77663197792732, 37.56237412787724], [126.77674274091433, 37.56323984516004], [126.77710136323364, 37.56371945606455], [126.77610667056491, 37.56480607070383], [126.77594257869052, 37.56520584955639], [126.77575114008276, 37.56535020015814], [126.77534262251349, 37.565343507825006], [126.77557515078308, 37.56559200371427], [126.7751317854811, 37.565879479208505], [126.774761912604, 37.567708330843864], [126.77553030200991, 37.56826109066931], [126.77540138493984, 37.56731847507162], [126.77633323708581, 37.56709191000678], [126.77657088753242, 37.56610662956198], [126.77672227379763, 37.566051164831535], [126.7771964516304, 37.56662926580866], [126.7778081783951, 37.56699391151577], [126.77900308496652, 37.56715468913094], [126.77917031016867, 37.56831671818619], [126.7803180658575, 37.567504039936026], [126.78054223791547, 37.56789160462845], [126.78047403764137, 37.568287064094385], [126.78093333386863, 37.568713639195195], [126.78136036343085, 37.56892504182635], [126.78162555202987, 37.568901605832004], [126.78189799810956, 37.569236036508784], [126.7818034642924, 37.5693884696866], [126.78112384671094, 37.569601466530465], [126.78099581247363, 37.56989742668502], [126.78048444086768, 37.57027488462598], [126.78052067073297, 37.5704638802338], [126.78148701987641, 37.57018159519728], [126.78239345916711, 37.5703012561513], [126.782629915418, 37.57054749281301], [126.78137463266812, 37.57134956822939], [126.78189929731231, 37.571808354371804], [126.78218118895312, 37.572666229551345], [126.78213956279764, 37.57316901039416], [126.78240801261279, 37.57360620768574], [126.78399408635869, 37.57419816004109], [126.7852488747844, 37.57486184279862], [126.78761395774745, 37.575583561380206], [126.78804546843787, 37.57616885672069], [126.78859499785844, 37.57574553903865], [126.78920181366263, 37.57558107582496], [126.78846995447752, 37.576798349105545], [126.78934254797012, 37.577723421438776], [126.78995482162811, 37.5776316106728], [126.79001611643582, 37.57734959500507], [126.7905945375339, 37.57778367037148], [126.79081743077074, 37.578972242465234], [126.7906855271143, 37.57901424514794], [126.79082112470796, 37.57954156342381], [126.79072753892387, 37.580612433048024], [126.79126000621895, 37.58092056433584], [126.79134865652115, 37.58141373198948], [126.79160064090361, 37.58131760379189], [126.79237369168632, 37.57972761153707], [126.79273676915359, 37.57683891205504], [126.79321898100223, 37.5768938229781], [126.79325420543769, 37.57853367821777], [126.7930665873489, 37.57863921283189], [126.79284617362619, 37.58016824539036], [126.7933099325707, 37.58024705347564], [126.79382206124147, 37.58182777824], [126.793911962359, 37.58296148300471], [126.79373148892178, 37.58303859608], [126.79344078840444, 37.58451964458429], [126.7937830564796, 37.584469278712724], [126.794224286805, 37.58407164813034], [126.79454062306729, 37.58354794746125], [126.79440909098531, 37.5826853035082], [126.79469760894114, 37.582622181813456], [126.79492800693579, 37.58342614622038], [126.79493282204183, 37.585203066731545], [126.79524396556049, 37.58521544075154], [126.79521723732537, 37.58534997403644], [126.79554008325124, 37.58515457376607], [126.79572151974114, 37.583120638923795], [126.79629952603135, 37.583738251835875], [126.79709711256815, 37.5842731895817], [126.79629402958936, 37.58490333204031], [126.79642864558976, 37.58503083000318], [126.7966849643755, 37.584908515949614], [126.7972272826874, 37.58538556276828], [126.79759828845738, 37.58640544242235], [126.79876788200644, 37.58807287161987], [126.79913976705603, 37.588195142577476], [126.80049774126061, 37.58779399339378], [126.80073787533199, 37.58783494634955], [126.80094007168424, 37.58816612231345], [126.80082142443308, 37.588276570460415], [126.80099890010668, 37.58852970611215], [126.80077336816946, 37.58904147792077], [126.80109838189357, 37.58896714043792], [126.80122703333768, 37.58934886227499], [126.80051999741774, 37.590308901716945], [126.8000867968779, 37.59035152760888], [126.79944937329729, 37.59113485224574], [126.79880099456811, 37.59132266770436], [126.79899243715249, 37.59242613303449], [126.79961125183438, 37.592442960347164], [126.8000495435418, 37.59202841009107], [126.80028693455567, 37.592041771165825], [126.80050123786816, 37.59241322421774], [126.79865947172907, 37.5936675122054], [126.79760789566146, 37.59488230629266], [126.79708221470878, 37.5977389258023], [126.79748369092472, 37.59766950604829], [126.79753591559874, 37.59778559777216], [126.79764206613166, 37.599282825971564], [126.7980526861396, 37.600208158189766], [126.79817371888386, 37.60033647737391], [126.79853481884886, 37.60008651786015], [126.79921818791463, 37.60111931525327], [126.79996597920604, 37.601496466122626], [126.79978561780322, 37.60191202408126], [126.79994068398237, 37.60254466093566], [126.80258111544781, 37.60503275007689], [126.8058635798271, 37.60258025181965], [126.80902115950983, 37.60064326054996]]]]}}, {"id": "구로구", "type": "Feature", "properties": {"SIG_CD": "11530", "SIG_ENG_NM": "Guro-gu", "SIG_KOR_NM": "구로구", "district": "구로구", "regulation_type": "2025.10.15 신규 규제지역", "region": "구로구", "before_count": 1894.0, "after_count": 1846.0, "count_change": -48.0, "count_change_pct": -2.534318901795143, "before_daily_avg": 10.349726775956285, "after_daily_avg": 10.142857142857142, "daily_avg_change_pct": -1.9987931814753441, "label_lon": 126.85393334231593, "label_lat": 37.49587783135705, "name": "구로구"}, "geometry": {"type": "MultiPolygon", "coordinates": [[[[126.87948428363137, 37.51777520665127], [126.88172932583738, 37.516419821486544], [126.88201632407012, 37.51610335812714], [126.88268079592812, 37.51581007861074], [126.88270731115976, 37.51513829575011], [126.88431012595507, 37.514355471883995], [126.88441524030623, 37.51381187906333], [126.88750479334749, 37.513186177289974], [126.88861129479363, 37.5122586462374], [126.8897054637238, 37.5122329273821], [126.88967408831745, 37.51182324163072], [126.89023588383712, 37.511369048274794], [126.8906723789259, 37.510667230924156], [126.89108904515739, 37.51034496524106], [126.89147601407099, 37.510387556063826], [126.8918856994164, 37.51011762896014], [126.89296801337242, 37.50739932050593], [126.89301233049153, 37.50693506834746], [126.89325459917852, 37.50670073400363], [126.89397485114701, 37.50500977823358], [126.89377803518141, 37.50473057797492], [126.8931690989436, 37.50460162890182], [126.89330344095681, 37.50395415997176], [126.89269348926202, 37.50331417058527], [126.89313353091319, 37.5026765515069], [126.89273186430925, 37.50207308132869], [126.8929327920896, 37.501574888127244], [126.89276085909779, 37.500842398700314], [126.89292572271896, 37.50035741687336], [126.89362480811054, 37.49958573964374], [126.8940427987954, 37.49816112844754], [126.8946004973202, 37.49515962347343], [126.89570098620115, 37.4908524315113], [126.89601301572334, 37.4902096219524], [126.89612431689041, 37.48933856249666], [126.89814597812291, 37.486932146250986], [126.90171274478614, 37.48522724025674], [126.90319861828972, 37.485002686207224], [126.89976113985583, 37.48077492818837], [126.89899049683228, 37.47914879237425], [126.89584857979483, 37.47850660168546], [126.89508528306143, 37.47850479039548], [126.88988125382194, 37.479389727519944], [126.88878523822925, 37.479789632603136], [126.88773015309152, 37.48044072101648], [126.88615534583695, 37.482349595706], [126.8827240043123, 37.48474876839194], [126.88135373123329, 37.48555855355364], [126.87846288204264, 37.486662123780384], [126.87762412796283, 37.48608038141217], [126.87455644219213, 37.48536674926884], [126.87502262073316, 37.48601427563365], [126.87513916043712, 37.48679235999058], [126.87597425668743, 37.486911227212076], [126.8766887329987, 37.48785269138115], [126.87679035402306, 37.488570778553935], [126.87604346683263, 37.48904723838435], [126.87581682317678, 37.489028130544405], [126.87518944934256, 37.48850713399981], [126.87471601428147, 37.488577301297276], [126.87434416308948, 37.48886014897884], [126.87326952807948, 37.488298105978814], [126.87274847287328, 37.488430734080815], [126.8724137145056, 37.489330800982245], [126.87283922129392, 37.49001434007724], [126.87375273716869, 37.49047567919024], [126.87409063969825, 37.49021447489893], [126.87411046915382, 37.48977723212721], [126.87432243905009, 37.48969552359448], [126.87465123962787, 37.48989887233713], [126.8744536993769, 37.49042687111426], [126.87483955852211, 37.49074546444565], [126.87413007220563, 37.49133766743561], [126.87329769361206, 37.49084544301282], [126.87271698590536, 37.49081947528602], [126.87225463525017, 37.49060244214608], [126.87156796413385, 37.490761337015506], [126.87154776429449, 37.490085285792425], [126.87134237296974, 37.48983362671408], [126.87065821254555, 37.48956087716881], [126.87022812331243, 37.4895961607229], [126.87023340422105, 37.49011283584015], [126.86968037830395, 37.490430948663004], [126.86999311896142, 37.49102426302481], [126.86929819341718, 37.49185183022207], [126.86946292730245, 37.49211275465406], [126.87002239541606, 37.49226204352422], [126.87001353013923, 37.49248137292167], [126.86936892426338, 37.49271744530801], [126.86958044091871, 37.4931068052281], [126.87006689520236, 37.4934857670882], [126.87001659124729, 37.493657180247574], [126.86950267552379, 37.494328401016645], [126.86822945383891, 37.49512831090474], [126.86678678216423, 37.494242569373405], [126.86703572390091, 37.4939545333191], [126.86761348127156, 37.49425842975755], [126.8677807693045, 37.49407588763364], [126.86776468755046, 37.49358227512878], [126.86737000034829, 37.49307446604771], [126.8670420521624, 37.492884604104454], [126.86660209804744, 37.49289198627952], [126.86668607340025, 37.492663453598915], [126.86620480680449, 37.49255534211508], [126.86540403843895, 37.49150813688821], [126.86505362411958, 37.49154124084607], [126.86455544547357, 37.49102118419055], [126.86451819436871, 37.4912030257553], [126.86281108772748, 37.490828236468616], [126.86176820716781, 37.49032612392776], [126.85797103143491, 37.48608462009501], [126.85744917076369, 37.48579453864879], [126.85572971197368, 37.48549818097544], [126.85516502800746, 37.48517087031872], [126.85386405306346, 37.4828384898545], [126.85363711116983, 37.482621686597376], [126.85315536253749, 37.48262220894768], [126.85295867169505, 37.482477504391376], [126.8531284204864, 37.48230738351748], [126.85270046673926, 37.481818620068566], [126.85070181736579, 37.481525513257466], [126.84813416997413, 37.48209715469297], [126.84701576521097, 37.48191013653426], [126.84651717442993, 37.481598935652244], [126.84598677888522, 37.48069554407745], [126.84536055066536, 37.47381246447009], [126.84495516494135, 37.473472376503295], [126.84449095422833, 37.47397997968211], [126.84424978713449, 37.47459994463548], [126.84404832654762, 37.474472968471794], [126.84353557012385, 37.47454042683748], [126.84278164206967, 37.47497161800096], [126.84082529091974, 37.47465756064565], [126.84010860670536, 37.474763298529176], [126.83956769592955, 37.47519193978652], [126.83830073693345, 37.475392075040986], [126.83720472447014, 37.47488121092666], [126.83617964954553, 37.47480882724908], [126.83572502813658, 37.474383872576084], [126.83464015740338, 37.47436264061146], [126.83487200396526, 37.47575105979511], [126.83348008275355, 37.47715577696377], [126.83174817061479, 37.47765140189119], [126.83045759115446, 37.477339533207356], [126.82962164325714, 37.47689569427988], [126.82920442013442, 37.4761956934009], [126.8278721187829, 37.47598961225867], [126.82611785179076, 37.4762215610159], [126.82417304663323, 37.47619472768334], [126.82395070366219, 37.47647284821051], [126.82365421697148, 37.47613144543424], [126.82314834053336, 37.476121952214704], [126.82318036874415, 37.4759457286704], [126.822107374828, 37.47574843400533], [126.82191346648008, 37.475286078937096], [126.82171754746444, 37.47522046740949], [126.82177949697092, 37.47620349999429], [126.81942344826182, 37.476328006205286], [126.8191432380823, 37.476205938915975], [126.81905591448968, 37.47593690931626], [126.8190692968566, 37.47544981266252], [126.81941264585801, 37.47517949227923], [126.8183212293953, 37.47529916116681], [126.81863262466902, 37.47408075980877], [126.81791836372737, 37.473689122131375], [126.81764049669664, 37.47318778726958], [126.81707625332344, 37.4732879913136], [126.8169530530868, 37.473678887695954], [126.81656242711729, 37.4739941951069], [126.81547348670233, 37.47405048318397], [126.81462854489153, 37.474649442085386], [126.8149648677668, 37.475860117320856], [126.8152955320958, 37.47636211809384], [126.81610873704956, 37.47674491673834], [126.81607187782691, 37.477080463760224], [126.81641149625528, 37.477537146015656], [126.81721043123164, 37.478135587245575], [126.8182562951039, 37.47816422589935], [126.81936736294685, 37.479863501304386], [126.81998645836615, 37.4816442092969], [126.81955542302094, 37.482516957960684], [126.81939061119641, 37.48330930486188], [126.81957333806568, 37.48365224570327], [126.81930758108682, 37.484183146870706], [126.81949155799069, 37.48480849911926], [126.8192899595715, 37.48547520754303], [126.82129202881747, 37.48617739999683], [126.82163678705193, 37.48651551190747], [126.82239065947762, 37.486723328491415], [126.82358711967188, 37.48774241883607], [126.82301073539182, 37.48815037793389], [126.82304706518435, 37.489291043874104], [126.82276239365662, 37.48997931026114], [126.82151297342624, 37.49032964995044], [126.82096305241419, 37.49066668548997], [126.82079376513076, 37.490527321436545], [126.82097616936167, 37.490793413018984], [126.82020966534297, 37.490748594883485], [126.81857411098791, 37.49155922521839], [126.81788934763625, 37.49153563797892], [126.81587266754514, 37.492626073623086], [126.81548837154106, 37.49320153160146], [126.8145749342355, 37.49319333233973], [126.81431768320672, 37.49375887818994], [126.81435277152734, 37.494425095930104], [126.81386745792331, 37.49489820615434], [126.81301239793999, 37.49640065587054], [126.81403660034003, 37.497351712159684], [126.81428291775954, 37.49826803911542], [126.81464245825514, 37.49800224641055], [126.81514196159216, 37.4980095136278], [126.81577225525875, 37.49764419659196], [126.81609666300496, 37.49764385924287], [126.81758266152956, 37.49822732569722], [126.81820857079124, 37.49885589748853], [126.81891244629767, 37.498748867798724], [126.81964020389664, 37.49921062547245], [126.81941531929316, 37.50078899790391], [126.82000041007757, 37.501434390742574], [126.82156445213371, 37.50215645506375], [126.82156354496476, 37.50290202883524], [126.82197625058924, 37.50389572669421], [126.82182698805556, 37.50453773936035], [126.82202006483237, 37.50508088346616], [126.82255053677105, 37.50568507679292], [126.82222289017345, 37.50768732407972], [126.82627359047916, 37.50876811100434], [126.82692174250089, 37.50849146477104], [126.82811089020844, 37.5087995550663], [126.82949271563827, 37.50831982165611], [126.83064622232045, 37.50822070130828], [126.83104246392305, 37.50789578882337], [126.83061448977327, 37.50694405147744], [126.83056581805846, 37.506356080742], [126.83118666787988, 37.505869313059534], [126.83160118925755, 37.50511221671482], [126.83207392182136, 37.50463115967663], [126.83362273746913, 37.50387090225287], [126.83399368919784, 37.503378970849454], [126.83524681125134, 37.50286942524939], [126.83639387930909, 37.50307967804023], [126.83691817150485, 37.503320300211605], [126.83749451734715, 37.5032797100085], [126.83815106447828, 37.5038119287892], [126.83848971734149, 37.50442422772601], [126.83879552457587, 37.5045451577038], [126.83958959495324, 37.50449584702135], [126.8399511939239, 37.50488461778245], [126.84011713084298, 37.50537729352555], [126.84049887084535, 37.50552254159645], [126.84074497413458, 37.50604263486468], [126.84242849482312, 37.50548066469848], [126.8435843755395, 37.505820359794555], [126.84467716503346, 37.505740455657545], [126.84438207311182, 37.50648986411917], [126.84505796175131, 37.50752971860806], [126.84605102401986, 37.5080862688735], [126.84628477492971, 37.508542426477156], [126.84623474447037, 37.508976532921594], [126.84662090845615, 37.509047993373976], [126.84729420112076, 37.50948473132551], [126.84871380490658, 37.50888346711738], [126.85008671055948, 37.51013480894603], [126.85075657031814, 37.510010084869066], [126.85139059649957, 37.51012829215761], [126.8528670909785, 37.51068597498135], [126.85519594266184, 37.50971102219707], [126.85561267841636, 37.50915545161379], [126.8583279761021, 37.50991786367437], [126.86031598437516, 37.506616130448535], [126.86269949896024, 37.507400290893756], [126.86316785283795, 37.50784964488775], [126.86408201668031, 37.508339493721614], [126.86258384132674, 37.50677874634577], [126.86294227318749, 37.506558990704136], [126.86276320454995, 37.50639997978629], [126.86283650823205, 37.50593886347322], [126.86313930934466, 37.50531725119178], [126.86351343617599, 37.50501444920046], [126.86455166564325, 37.504992285611785], [126.86484336872917, 37.50550421869895], [126.86543788532026, 37.505572750108], [126.86604799427148, 37.50552502271662], [126.86656882549059, 37.50519986326838], [126.86713908090596, 37.505294271083734], [126.86796330327665, 37.504883287810436], [126.86901285522798, 37.504852087837484], [126.87025622285952, 37.50584569915547], [126.87063082832421, 37.50575911449984], [126.87101515937283, 37.50526962242669], [126.8714486312876, 37.505070187194676], [126.87146925447857, 37.50468869157242], [126.8718658912865, 37.504126851071355], [126.87356858287464, 37.50355488914703], [126.87375690051609, 37.50420914509362], [126.87370560638203, 37.504756445562585], [126.87417136407171, 37.505311917882125], [126.87471246703575, 37.50666737452137], [126.87434254530334, 37.50679987394172], [126.87421308908903, 37.50717477453846], [126.87503551893249, 37.50770837243719], [126.87480060381698, 37.508260548930224], [126.87390093542619, 37.50866924569993], [126.87379954094763, 37.50906023179348], [126.87422244704103, 37.50947007414453], [126.87501338124443, 37.50930593327268], [126.87551345312535, 37.509548322278995], [126.87560326223057, 37.509740447461816], [126.87518451630207, 37.51052104730368], [126.87552378526587, 37.511072432075736], [126.87611816118968, 37.511047719498556], [126.87652181077041, 37.51062074159041], [126.87684485966697, 37.510838727695024], [126.87656459145009, 37.51114730217267], [126.87569756996423, 37.51135643118083], [126.87518019372985, 37.51183086625378], [126.87482194986943, 37.511631128118026], [126.87489258621953, 37.51103429373328], [126.87467728506238, 37.510749978561634], [126.87419432924119, 37.51072890727461], [126.87393643358635, 37.51117067590969], [126.87518179783075, 37.51244946499264], [126.87559634305966, 37.51217622999993], [126.87609660608229, 37.512418337330104], [126.87639409809597, 37.51281311797458], [126.87638160373608, 37.513305264882284], [126.87664837311382, 37.5136839745507], [126.87725573088929, 37.51372797995888], [126.87772620617639, 37.5132914908252], [126.87790656131119, 37.51334433390599], [126.87758414724162, 37.51466310832474], [126.87794844742469, 37.51613549189014], [126.87848272785378, 37.51634750427308], [126.87900250291008, 37.516902994760436], [126.87855072513628, 37.51735105892558], [126.87855500345385, 37.51754252492439], [126.87939159325086, 37.51749974861489], [126.87958087553822, 37.51761369484379], [126.87948428363137, 37.51777520665127]]]]}}, {"id": "금천구", "type": "Feature", "properties": {"SIG_CD": "11545", "SIG_ENG_NM": "Geumcheon-gu", "SIG_KOR_NM": "금천구", "district": "금천구", "regulation_type": "2025.10.15 신규 규제지역", "region": "금천구", "before_count": 484.0, "after_count": 580.0, "count_change": 96.0, "count_change_pct": 19.834710743801654, "before_daily_avg": 2.6448087431693987, "after_daily_avg": 3.1868131868131866, "daily_avg_change_pct": 20.493143220415945, "label_lon": 126.89983156602791, "label_lat": 37.46003679260414, "name": "금천구"}, "geometry": {"type": "MultiPolygon", "coordinates": [[[[126.87455644219213, 37.48536674926884], [126.87762412796283, 37.48608038141217], [126.87846288204264, 37.486662123780384], [126.88135373123329, 37.48555855355364], [126.88615534585082, 37.482349586695996], [126.88773015310518, 37.48044071200648], [126.88878523824276, 37.479789623593156], [126.88988125383531, 37.479389718509935], [126.8950852830742, 37.47850478138548], [126.8958485798075, 37.478506592675465], [126.89899049683228, 37.47914879237425], [126.8989437954713, 37.47894010690898], [126.90523884892566, 37.48011276829945], [126.90551654019644, 37.47998290763997], [126.90978601702575, 37.480765953759835], [126.90993467163726, 37.48025333618366], [126.90897688169278, 37.48008844551981], [126.90909915183626, 37.47964085157495], [126.90881165923446, 37.479556436787064], [126.90862253056274, 37.47907679322088], [126.90947722953484, 37.4780179380715], [126.91042861218412, 37.47835514538484], [126.91066193006613, 37.47795015350951], [126.9118233847412, 37.47780631288908], [126.91179661332694, 37.476860528857074], [126.91118314798437, 37.475217985105225], [126.91136137984424, 37.47447845238195], [126.91103142764568, 37.47389085473889], [126.91075003673917, 37.47360091258121], [126.90856121444394, 37.472955841210606], [126.90819427176774, 37.47272889578448], [126.90958882484848, 37.47069935384494], [126.9095543391765, 37.47044675786488], [126.91024220008481, 37.469239109101444], [126.90995628591014, 37.46876332041703], [126.91104001365841, 37.46808023953528], [126.91109095668726, 37.467727202333414], [126.91161237015639, 37.46711885518958], [126.91163766213594, 37.46680295556195], [126.91237977267814, 37.46625024736571], [126.9123789844689, 37.465876330249124], [126.91369215597143, 37.46542625292985], [126.91289241123812, 37.46394153131397], [126.91328729191763, 37.46306053667637], [126.91371219449587, 37.46278970493235], [126.91394560781417, 37.461935888272144], [126.91438914962963, 37.46157920213136], [126.91418482495949, 37.4609562230104], [126.91424586915564, 37.459947431337056], [126.91399952644254, 37.459469996021106], [126.91423696879757, 37.458940272704375], [126.91401660232496, 37.45845356716408], [126.91402644798114, 37.45788987876299], [126.91494914872584, 37.45731419432036], [126.91560013560753, 37.457432367627725], [126.91626143122829, 37.457342466686164], [126.91689893560384, 37.45752171125389], [126.91745727211595, 37.457122577010715], [126.91831610983827, 37.45692721610901], [126.91967646693546, 37.4567586598175], [126.92087585331663, 37.45682931214035], [126.92218695987498, 37.45662747327146], [126.92252988113256, 37.45632924496989], [126.92282673246008, 37.45515644217805], [126.92331228078014, 37.454224512095564], [126.9241792077072, 37.45367772162906], [126.92478578820766, 37.45282891909055], [126.92543352810694, 37.45299432999848], [126.92627543752397, 37.45253760850453], [126.92730629614194, 37.45100964957556], [126.92836934381148, 37.45100242843011], [126.9285064622854, 37.45055144251655], [126.92827965862014, 37.449352684592014], [126.9265177951597, 37.44839060241364], [126.92601753260337, 37.44770158158039], [126.92498213492931, 37.446781600606386], [126.92325327383426, 37.44577274652273], [126.92289722826202, 37.44517334966832], [126.92276280760996, 37.4440410817834], [126.92165737767942, 37.44280596025245], [126.92116945069641, 37.4425460313773], [126.92027474434586, 37.44046634505759], [126.91926389420276, 37.439852393138935], [126.91785726812085, 37.44014958549875], [126.91612479353878, 37.440053182258126], [126.91482962637981, 37.439379015593865], [126.9131900851411, 37.43909539001333], [126.91280880147744, 37.43872033930171], [126.91230879015022, 37.438579459855966], [126.91180197897282, 37.43776592564085], [126.91143192209181, 37.437623167815296], [126.91120308366825, 37.43720121331131], [126.91133355067474, 37.43617134344262], [126.91067830676938, 37.43549818499568], [126.91002862191414, 37.4343241204895], [126.9094059784327, 37.43386468124117], [126.90854960070381, 37.43368155663141], [126.90793375792998, 37.43372471557591], [126.90725397122853, 37.43351779045141], [126.90647025906527, 37.43381336951983], [126.90636800930122, 37.43370206676603], [126.90610563937433, 37.43399468308712], [126.90352591010006, 37.43416179126931], [126.90298757065891, 37.434067584859754], [126.90275059115481, 37.43586152003685], [126.90084922734299, 37.43698420314291], [126.9003371033118, 37.43773301713267], [126.89897791062478, 37.43870182595638], [126.89880521371308, 37.43935012227638], [126.89928134638637, 37.43964393014865], [126.89992591364624, 37.439556358299406], [126.89935793618166, 37.44084938227077], [126.89899887135972, 37.44117878606567], [126.89877892204537, 37.44205932976523], [126.89726919364526, 37.445436775147726], [126.8967641788491, 37.44570437817006], [126.89578235063978, 37.445633396652], [126.89465006799828, 37.446698097988055], [126.89472608542386, 37.44763070835826], [126.8950035217208, 37.448222523402784], [126.8952348090942, 37.448374497093255], [126.89558079217836, 37.44833426240487], [126.89604983439521, 37.448042981065115], [126.89398299830496, 37.4527173396376], [126.89325450148779, 37.452762851137656], [126.89258816624634, 37.45194908133846], [126.89196376435716, 37.45230440147468], [126.8910486001657, 37.45224245248696], [126.89020976414142, 37.452504083392384], [126.88984950878405, 37.45227736592404], [126.88964213410112, 37.45231546255833], [126.88950365600344, 37.45270106991165], [126.88965276828384, 37.45359855853018], [126.88908517218603, 37.45397165788575], [126.88902148711392, 37.45416699831456], [126.88926488964927, 37.454482293265954], [126.88920324901532, 37.45472383025595], [126.88876416964837, 37.454765642313916], [126.88801665547757, 37.45557865162331], [126.88724150848378, 37.45550356276821], [126.88634681456473, 37.45623560786479], [126.88586914346838, 37.45758834262964], [126.88632186349912, 37.458450929121035], [126.88633715939125, 37.458957200492925], [126.88610351883297, 37.45929738108904], [126.88537652126274, 37.459469265334725], [126.88544367545039, 37.460124532714175], [126.88612808166573, 37.460899787308584], [126.8874735958946, 37.46106552660738], [126.88833586726696, 37.46078084528232], [126.88887551514897, 37.460946920387016], [126.88712180340187, 37.46290436124254], [126.88514123034474, 37.46246797244008], [126.88431710947776, 37.46272394418531], [126.8827456159941, 37.464390926274746], [126.88287347261193, 37.46496149813304], [126.88434480978937, 37.46545739179317], [126.88457429334275, 37.46564823540449], [126.88461752826551, 37.46601233764917], [126.88424971021252, 37.466529770896734], [126.8830140936414, 37.46706435601808], [126.88252982426127, 37.46793389614999], [126.8816312078905, 37.46845923683746], [126.8814468272233, 37.46899599338397], [126.88159293997808, 37.46941679299345], [126.88020447204359, 37.470934971077234], [126.87801141347549, 37.473827737338844], [126.87598571160675, 37.47710383527694], [126.87419885121791, 37.48047956156736], [126.87337901245321, 37.482433559185424], [126.87297138637781, 37.48227037766359], [126.87274429626167, 37.48242499442202], [126.87278663337891, 37.48348878006119], [126.87329741420588, 37.4841811327217], [126.87220838054907, 37.48443335234148], [126.87176262264342, 37.48526938853614], [126.87244469692659, 37.48611003908286], [126.87289532249035, 37.4862518703906], [126.87393954825865, 37.48524866643055], [126.87421949118986, 37.48518759221175], [126.87455644219213, 37.48536674926884]]]]}}, {"id": "영등포구", "type": "Feature", "properties": {"SIG_CD": "11560", "SIG_ENG_NM": "Yeongdeungpo-gu", "SIG_KOR_NM": "영등포구", "district": "영등포구", "regulation_type": "2025.10.15 신규 규제지역", "region": "영등포구", "before_count": 2540.0, "after_count": 1543.0, "count_change": -997.0, "count_change_pct": -39.25196850393701, "before_daily_avg": 13.879781420765028, "after_daily_avg": 8.478021978021978, "daily_avg_change_pct": -38.9181881111015, "label_lon": 126.91457707340872, "label_lat": 37.5204906093952, "name": "영등포구"}, "geometry": {"type": "MultiPolygon", "coordinates": [[[[126.88046390965637, 37.55626903548084], [126.88682506600703, 37.553089259915026], [126.88825762583431, 37.55221358270491], [126.89468390757366, 37.54939271365594], [126.8989432216755, 37.548007558678236], [126.90182183955518, 37.54502351715062], [126.90219913472473, 37.54410454431439], [126.9048332844963, 37.54141642253627], [126.9224162426202, 37.54142536113161], [126.92283453224336, 37.54061873299455], [126.9230761215263, 37.540454120224986], [126.92710041316242, 37.53903475125267], [126.92764949237545, 37.53907272142304], [126.93033332333621, 37.5413557005705], [126.93290285471251, 37.54052268629462], [126.93855818352647, 37.53783496804252], [126.94421946143467, 37.53423500398022], [126.94987861983465, 37.527028256190924], [126.94988677134091, 37.517513749230744], [126.94956114062633, 37.517620599728446], [126.93928147612056, 37.51607718000951], [126.93413781237182, 37.51591302557299], [126.93238594087502, 37.51557469831053], [126.92970795100132, 37.51544724049967], [126.92686202473793, 37.51554402709659], [126.92690016593396, 37.514521699684494], [126.92666823885082, 37.5143909084739], [126.92701904515336, 37.51387305727693], [126.92696384643814, 37.51321472734473], [126.92675909679349, 37.51313576073993], [126.92678912431762, 37.51279819432057], [126.92538598241593, 37.51252305297573], [126.92028988248558, 37.500031272974205], [126.92021697854499, 37.498337345244], [126.91981963674803, 37.4977995622404], [126.91940585071727, 37.49759909143393], [126.91486434522767, 37.4966089745248], [126.91289532336405, 37.496417177889086], [126.91212911586133, 37.49618036770789], [126.907518297782, 37.49000662704572], [126.90682090240094, 37.48920249519969], [126.90663504264887, 37.48920459859268], [126.9031974968628, 37.48500115276548], [126.90171267325017, 37.4852268429662], [126.89814413070462, 37.486932017857754], [126.89612424484356, 37.489338156569225], [126.89601294366197, 37.49020921610757], [126.89570091410847, 37.490852025726646], [126.89460042510639, 37.495159218095466], [126.89404272650309, 37.49816073236366], [126.89362402090853, 37.499587018898524], [126.89292565031487, 37.500357020995104], [126.89276078668944, 37.50084199385775], [126.89293271967989, 37.50157449236497], [126.89273179189196, 37.502072676603305], [126.89313345851583, 37.502676155850274], [126.8926934168349, 37.50331376597797], [126.89330336858117, 37.50395375542746], [126.89316902655257, 37.50460122441875], [126.89377796284438, 37.50473017350613], [126.89397477881333, 37.50500938280197], [126.89325452677139, 37.50670033873082], [126.89301225807448, 37.50693466408623], [126.89296794094898, 37.50739891628881], [126.89188562686873, 37.51011723400848], [126.89147594148503, 37.5103871611366], [126.89108897255014, 37.510344561298545], [126.89067230626625, 37.51066683602098], [126.89023581114805, 37.51136864442713], [126.88967401557554, 37.511822837824546], [126.8897053909692, 37.51223253262502], [126.88861122195404, 37.51225824246929], [126.88750472040375, 37.513185773606686], [126.88441516708171, 37.51381147542971], [126.88431005271838, 37.51435506830185], [126.882707237775, 37.51513789223743], [126.88268072253753, 37.51580967516202], [126.88201625061835, 37.51610295470424], [126.88172925235823, 37.51641941809289], [126.87948420992883, 37.517774812389554], [126.87873950127508, 37.51794156276713], [126.87820511521424, 37.51874880258456], [126.87835130704417, 37.519485527807525], [126.87910390840278, 37.52002296095521], [126.87943684239087, 37.52059768994081], [126.87860868949592, 37.52506858524863], [126.87881755858535, 37.525425533125265], [126.87928479788376, 37.52571546202295], [126.88054470773989, 37.525744635932085], [126.88094144890545, 37.525911446257986], [126.8811741505672, 37.526518440155215], [126.88067115058388, 37.52713314341744], [126.88067455062726, 37.52755013597126], [126.88118447951416, 37.527793078055815], [126.88272674743718, 37.52724841162308], [126.88343032447037, 37.527327116218444], [126.88374703114715, 37.52758646824211], [126.88391034089761, 37.52838963287955], [126.88417717788755, 37.52866808916957], [126.88600288969612, 37.52944558154636], [126.88715378069547, 37.53017960592915], [126.88846154409313, 37.53041202394728], [126.88954012363068, 37.52999578326103], [126.8906842118874, 37.53165581696864], [126.89028880130995, 37.53186830495589], [126.88908648231966, 37.531908269842475], [126.88862653898721, 37.53212393437757], [126.88853043572911, 37.53255448127871], [126.88869304517837, 37.5328046623821], [126.88979491308902, 37.5333936079698], [126.89003644739505, 37.53370947215096], [126.89014775166025, 37.53422849515851], [126.88992106170623, 37.53486009354965], [126.88826038741544, 37.536714278655225], [126.88653158850897, 37.53936152603575], [126.88551357126504, 37.54155360833013], [126.88508668717031, 37.54331321266193], [126.8844265846873, 37.54337562941902], [126.88424542304963, 37.54356465789975], [126.88409204734396, 37.54463640612063], [126.88274601420615, 37.54575426246562], [126.88212792760935, 37.546724168892915], [126.88035612938467, 37.54845621329771], [126.87932747689672, 37.55015492640222], [126.87804793544882, 37.55170048791557], [126.8779539824832, 37.55344971614883], [126.87824447578222, 37.553580942635655], [126.87921737285839, 37.553150893620206], [126.87923721867527, 37.55474650437348], [126.88046390965637, 37.55626903548084]]]]}}, {"id": "동작구", "type": "Feature", "properties": {"SIG_CD": "11590", "SIG_ENG_NM": "Dongjak-gu", "SIG_KOR_NM": "동작구", "district": "동작구", "regulation_type": "2025.10.15 신규 규제지역", "region": "동작구", "before_count": 2321.0, "after_count": 1093.0, "count_change": -1228.0, "count_change_pct": -52.90822921154674, "before_daily_avg": 12.683060109289617, "after_daily_avg": 6.0054945054945055, "daily_avg_change_pct": -52.6494832182036, "label_lon": 126.94771395265413, "label_lat": 37.49646898665625, "name": "동작구"}, "geometry": {"type": "MultiPolygon", "coordinates": [[[[126.95470859450165, 37.516032608325226], [126.96118993329539, 37.513459266327345], [126.96258513957241, 37.5126187170565], [126.96497471682711, 37.51081833356972], [126.96692090903262, 37.50987511608639], [126.97012104120277, 37.50900683590407], [126.97524774834764, 37.507018567591174], [126.97817079562766, 37.5065585463539], [126.980403614601, 37.50654460460937], [126.98039709660836, 37.504589726354794], [126.97983928041232, 37.504375638277146], [126.97983491546054, 37.5041782648364], [126.98038821896797, 37.50286261940057], [126.98341225025291, 37.50125709183749], [126.98538509944267, 37.499860829771706], [126.98292560393092, 37.496993886003814], [126.98281095105975, 37.49267357512114], [126.98218861087246, 37.486727999050565], [126.98169132659544, 37.4765305521285], [126.97842316675393, 37.476650188392156], [126.9742859330543, 37.47620105877382], [126.97052284651959, 37.47537655240129], [126.97024062375229, 37.47651793998229], [126.96882971516015, 37.47660343266271], [126.96778165345505, 37.4778355379457], [126.96727882586862, 37.47801531443623], [126.96634216444133, 37.478923645809104], [126.96479423903183, 37.47949136471688], [126.96435469913853, 37.479912724965104], [126.96394447830808, 37.48101857483236], [126.96327636054373, 37.481374544451526], [126.96269427470187, 37.482060800659376], [126.96204785673024, 37.48244633224842], [126.96182587842178, 37.48294406114206], [126.96106731179385, 37.483581541606426], [126.96162592239699, 37.48422792054065], [126.96163592103453, 37.48471023880447], [126.96198564786489, 37.485175777407406], [126.96167322188025, 37.48598686160871], [126.96194621516486, 37.488596755786084], [126.96175219115152, 37.488989463758884], [126.9613897525619, 37.48913238404428], [126.9608725937171, 37.49017595303319], [126.96078072069074, 37.4908223890022], [126.96139750667152, 37.49148427646492], [126.96137785673328, 37.49287406212947], [126.96094743317144, 37.492922623165896], [126.96105255035847, 37.49325828162203], [126.96028935401782, 37.49374371066608], [126.95932214651417, 37.49379574431306], [126.95894644689396, 37.4936049940543], [126.95845317085437, 37.4926246897519], [126.95760047494873, 37.49235520218055], [126.95747860738474, 37.491977304497986], [126.95622958167243, 37.49149732918554], [126.95540610681797, 37.49144182442934], [126.95487298332132, 37.49099534084458], [126.954177958844, 37.49093677872519], [126.95371473016682, 37.490626026500124], [126.95280269115537, 37.49146527790337], [126.95224142713874, 37.49165594002015], [126.95169495576984, 37.49217941704055], [126.94996142901535, 37.49257623949749], [126.94956925471595, 37.49273796836917], [126.94942280730895, 37.492966532575245], [126.94881382838761, 37.49313914632199], [126.94878013922845, 37.493819097705426], [126.94833162552122, 37.4936854405936], [126.94753455869332, 37.49372477714329], [126.94697350463746, 37.49408266679612], [126.94609562366257, 37.493497734773314], [126.94453823187399, 37.49314250466122], [126.94443959591159, 37.49250049474197], [126.94395547682596, 37.49250166543542], [126.94283768829098, 37.49216408758664], [126.94157898502242, 37.492191611992006], [126.94106838224249, 37.49240703319008], [126.94083211166044, 37.49289092012387], [126.94038310355991, 37.49295797530507], [126.93973851543741, 37.492790675763246], [126.93923527207235, 37.492207293519755], [126.93834394967725, 37.49237407289641], [126.93725914034039, 37.49192917785221], [126.93635371139887, 37.49206242636605], [126.93537338571413, 37.4927629765597], [126.93438067342763, 37.493069035837564], [126.93382776360997, 37.49314699020053], [126.93244240939264, 37.49292319097838], [126.93136152873195, 37.49321537899055], [126.92787953710474, 37.495070733547315], [126.92745203186436, 37.494992187502305], [126.92660762916968, 37.49411233380515], [126.92649234060701, 37.49349423807061], [126.92557657414145, 37.49279903638495], [126.92481980763876, 37.49092334175528], [126.92415062078516, 37.49034006660416], [126.92415524926723, 37.48996362280806], [126.92130169332242, 37.490331976900734], [126.91870843484593, 37.4901426627094], [126.9166527519427, 37.48955386917768], [126.91421742542586, 37.48835517023159], [126.91356660461514, 37.48801315440825], [126.91231246237298, 37.48677446492478], [126.91124812353092, 37.486257833788486], [126.90939318786434, 37.48589825437362], [126.90609793413037, 37.484960571719824], [126.90319861830156, 37.48500267719723], [126.90663511376334, 37.489204995488315], [126.90682097349872, 37.48920289209491], [126.90751836882127, 37.49000702386214], [126.91212918651823, 37.496180763921515], [126.91289539395333, 37.496417574077704], [126.91486441564109, 37.49660937068875], [126.91940592072787, 37.49759948748899], [126.91981970672248, 37.49779995827502], [126.92021704848648, 37.49833774122619], [126.92028995242914, 37.50003166879492], [126.92538605196474, 37.51252344759114], [126.92678919374175, 37.51279858890534], [126.92675916622203, 37.513136155292685], [126.92696391584866, 37.51321512188933], [126.92701911456219, 37.513873451758684], [126.92666830829378, 37.514391302907455], [126.9269002353567, 37.51452209410486], [126.92686209416918, 37.51554442141979], [126.92970802017645, 37.515447634823104], [126.93238600981027, 37.51557509261343], [126.93413788115139, 37.5159134198382], [126.939281544439, 37.51607757424303], [126.94956120802945, 37.517620993783126], [126.95470859450165, 37.516032608325226]]]]}}, {"id": "관악구", "type": "Feature", "properties": {"SIG_CD": "11620", "SIG_ENG_NM": "Gwanak-gu", "SIG_KOR_NM": "관악구", "district": "관악구", "regulation_type": "2025.10.15 신규 규제지역", "region": "관악구", "before_count": 1299.0, "after_count": 1160.0, "count_change": -139.0, "count_change_pct": -10.700538876058506, "before_daily_avg": 7.098360655737705, "after_daily_avg": 6.373626373626373, "daily_avg_change_pct": -10.209882496256633, "label_lon": 126.95070785081411, "label_lat": 37.4648637396465, "name": "관악구"}, "geometry": {"type": "MultiPolygon", "coordinates": [[[[126.92801917197241, 37.49502238277226], [126.93136152873195, 37.49321537899055], [126.93244240939264, 37.49292319097838], [126.93382776360997, 37.49314699020053], [126.93438067342763, 37.493069035837564], [126.93537338571413, 37.4927629765597], [126.93635371139887, 37.49206242636605], [126.93725914034039, 37.49192917785221], [126.93834394967725, 37.49237407289641], [126.93923527207235, 37.492207293519755], [126.93973851543741, 37.492790675763246], [126.94038310355991, 37.49295797530507], [126.94083211166044, 37.49289092012387], [126.94106838224249, 37.49240703319008], [126.94157898502242, 37.492191611992006], [126.94283768829098, 37.49216408758664], [126.94395547682596, 37.49250166543542], [126.94443959591159, 37.49250049474197], [126.94453823187399, 37.49314250466122], [126.94609562366257, 37.493497734773314], [126.94697350463746, 37.49408266679612], [126.94753455869332, 37.49372477714329], [126.94833162552122, 37.4936854405936], [126.94878012792054, 37.4938190977004], [126.94881382838761, 37.49313914632199], [126.94942280730895, 37.492966532575245], [126.94956925471595, 37.49273796836917], [126.94996142901535, 37.49257623949749], [126.95169495576984, 37.49217941704055], [126.95224142713874, 37.49165594002015], [126.95280269115537, 37.49146527790337], [126.95371473016682, 37.490626026500124], [126.954177958844, 37.49093677872519], [126.95487298332132, 37.49099534084458], [126.95540610681797, 37.49144182442934], [126.95622958167243, 37.49149732918554], [126.95747860738474, 37.491977304497986], [126.95760047494873, 37.49235520218055], [126.95845317085437, 37.4926246897519], [126.95894644689396, 37.4936049940543], [126.95932214651417, 37.49379574431306], [126.96028935401782, 37.49374371066608], [126.96105255035847, 37.49325828162203], [126.96094743317144, 37.492922623165896], [126.96137785673328, 37.49287406212947], [126.96140104022588, 37.49149497253472], [126.96078072069074, 37.4908223890022], [126.9608725937171, 37.49017595303319], [126.9613897525619, 37.48913238404428], [126.96175219115152, 37.488989463758884], [126.96194621516486, 37.488596755786084], [126.96167322188025, 37.48598686160871], [126.96198564786489, 37.485175777407406], [126.96163592103453, 37.48471023880447], [126.96162592239699, 37.48422792054065], [126.96106731179385, 37.483581541606426], [126.96182587842178, 37.48294406114206], [126.96204785673024, 37.48244633224842], [126.96269427470187, 37.482060800659376], [126.96327636054373, 37.481374544451526], [126.96394447830808, 37.48101857483236], [126.96435469913853, 37.479912724965104], [126.96479423903183, 37.47949136471688], [126.96634216444133, 37.478923645809104], [126.96727882586862, 37.47801531443623], [126.96778165345505, 37.4778355379457], [126.96882971516015, 37.47660343266271], [126.97024062375229, 37.47651793998229], [126.97052284651959, 37.47537655240129], [126.9742859330543, 37.47620105877382], [126.97842316675393, 37.476650188392156], [126.98169132659544, 37.4765305521285], [126.98171788100882, 37.47568023555166], [126.98215769470357, 37.47372315951513], [126.98319367162632, 37.471613292916686], [126.98492176754256, 37.46963330522601], [126.98727379329715, 37.467619031172205], [126.98710465887146, 37.46722820028868], [126.98724719025714, 37.4672276499512], [126.98793449925746, 37.46593732217968], [126.98833947923248, 37.463999362190606], [126.98754222631023, 37.46022378214], [126.9878643469309, 37.45929155898895], [126.98863578225537, 37.45816595684046], [126.98678106742443, 37.457403264485656], [126.98661263093796, 37.45721233836176], [126.98438784081246, 37.45710561014191], [126.982888227254, 37.45682691859278], [126.98190364969814, 37.456935717896755], [126.98239804442959, 37.45589120022148], [126.97979047679421, 37.45564719887413], [126.97847746333656, 37.45573479827263], [126.97775711739003, 37.455199115969876], [126.97457955924607, 37.4544128746978], [126.97337156679833, 37.45323762757182], [126.97284353285205, 37.45238238291625], [126.97175282424836, 37.45173733531907], [126.97056939152056, 37.44945270108411], [126.96766297666693, 37.44838054453289], [126.96428976527393, 37.44626723699955], [126.96393361660907, 37.44521463094728], [126.9644192765775, 37.44431265091283], [126.96438164477829, 37.44257707360617], [126.96463403909576, 37.442039647550224], [126.9637842622444, 37.44128675864584], [126.96380340667983, 37.4407869847601], [126.96294292661412, 37.44028045783548], [126.96005591129185, 37.44040054894646], [126.95954253282795, 37.439978578954985], [126.95896605534534, 37.43906976938132], [126.95636819658932, 37.438754011543054], [126.95510885520224, 37.43869214719114], [126.95390418053333, 37.43900955277963], [126.95241109150963, 37.43919026984282], [126.95115838547981, 37.43844415866037], [126.95092530576544, 37.43873378730615], [126.95003271072318, 37.43862162286695], [126.94984307722754, 37.43837967351083], [126.94928419905375, 37.43825019629547], [126.94876590383727, 37.43864584208182], [126.94836312643514, 37.438712678641814], [126.94678934812933, 37.43816712993798], [126.94567627001356, 37.437305299611324], [126.94509063667948, 37.4370882209136], [126.94197961615998, 37.43750565484939], [126.94142443048479, 37.437404298828795], [126.94053039255225, 37.43628039172613], [126.94042679415895, 37.435801956814366], [126.9402203065323, 37.435712316715005], [126.93936430322762, 37.43602581715362], [126.93862190725254, 37.436028514961215], [126.93857480024265, 37.436420428543975], [126.93774665815084, 37.4373857574786], [126.93774446560059, 37.43787905827528], [126.93727295972435, 37.43863227098156], [126.93724738940712, 37.43921283959504], [126.93769385878775, 37.43968442575339], [126.93786433349207, 37.440197533508005], [126.93735385168914, 37.44087159874577], [126.93664719966107, 37.441745758087535], [126.93598597971572, 37.44214155737063], [126.93564340618761, 37.44217796588556], [126.93489561640253, 37.44321229972784], [126.93456421468721, 37.44319662416966], [126.93174984657426, 37.444976170621665], [126.93055434515804, 37.44546848097188], [126.93016343937578, 37.446377983274665], [126.93036824855187, 37.447697513910775], [126.93017425427699, 37.44836555640482], [126.92891080059692, 37.449865521298634], [126.9283987165257, 37.45021266066204], [126.92838860393292, 37.45098836663288], [126.92788081707133, 37.45109194638618], [126.92730629614194, 37.45100964957556], [126.92627543752397, 37.45253760850453], [126.92570097615433, 37.45291341133633], [126.92543352810694, 37.45299432999848], [126.92478578820766, 37.45282891909055], [126.9241792077072, 37.45367772162906], [126.92309353570323, 37.45451240060528], [126.92252988113256, 37.45632924496989], [126.92218695987498, 37.45662747327146], [126.92088592431517, 37.45682876038814], [126.91967646693546, 37.4567586598175], [126.91831610983827, 37.45692721610901], [126.91745727211595, 37.457122577010715], [126.91689893560384, 37.45752171125389], [126.91626143122829, 37.457342466686164], [126.91560013560753, 37.457432367627725], [126.91494914872584, 37.45731419432036], [126.91402644798114, 37.45788987876299], [126.91401660232496, 37.45845356716408], [126.91423696879757, 37.458940272704375], [126.91399952644254, 37.459469996021106], [126.91424586915564, 37.459947431337056], [126.91418482495949, 37.4609562230104], [126.91438914962963, 37.46157920213136], [126.91394560781417, 37.461935888272144], [126.91371219449587, 37.46278970493235], [126.91328730322094, 37.4630605366848], [126.91289241123812, 37.46394153131397], [126.91369215597143, 37.46542625292985], [126.9123789844689, 37.465876330249124], [126.91237977267814, 37.46625024736571], [126.91163766213594, 37.46680295556195], [126.91161237015639, 37.46711885518958], [126.91109095668726, 37.467727202333414], [126.91104001365841, 37.46808023953528], [126.90995628591014, 37.46876332041703], [126.91024220008481, 37.469239109101444], [126.9095543391765, 37.47044675786488], [126.90959165751198, 37.470694004091], [126.90819998190186, 37.47268243558873], [126.90856121444394, 37.472955841210606], [126.91075003673917, 37.47360091258121], [126.91136137984424, 37.47447845238195], [126.91118314798437, 37.475217985105225], [126.91179661332694, 37.476860528857074], [126.9118233847412, 37.47780631288908], [126.91066193006613, 37.47795015350951], [126.91042861218412, 37.47835514538484], [126.90947722953484, 37.4780179380715], [126.90862253056274, 37.47907679322088], [126.90881165923446, 37.479556436787064], [126.90909915183626, 37.47964085157495], [126.90897688169278, 37.48008844551981], [126.90993467163726, 37.48025333618366], [126.90978601702575, 37.480765953759835], [126.90551654019644, 37.47998290763997], [126.90523884892566, 37.48011276829945], [126.8989437954713, 37.47894010690898], [126.8997101901329, 37.480703633117436], [126.90319861830156, 37.48500267719723], [126.90609793413037, 37.484960571719824], [126.90939318786434, 37.48589825437362], [126.91124812353092, 37.486257833788486], [126.91231070018432, 37.486773049023626], [126.91356660461514, 37.48801315440825], [126.91421742542586, 37.48835517023159], [126.9166527519427, 37.48955386917768], [126.91870843484593, 37.4901426627094], [126.92130169332242, 37.490331976900734], [126.92415524926723, 37.48996362280806], [126.92415062078516, 37.49034006660416], [126.92481980763876, 37.49092334175528], [126.92557657414145, 37.49279903638495], [126.92649234060701, 37.49349423807061], [126.92660762916968, 37.49411233380515], [126.92745203186436, 37.494992187502305], [126.92801917197241, 37.49502238277226]]]]}}, {"id": "서초구", "type": "Feature", "properties": {"SIG_CD": "11650", "SIG_ENG_NM": "Seocho-gu", "SIG_KOR_NM": "서초구", "district": "서초구", "regulation_type": "기존 규제지역", "region": null, "before_count": null, "after_count": null, "count_change": null, "count_change_pct": null, "before_daily_avg": null, "after_daily_avg": null, "daily_avg_change_pct": null, "label_lon": 127.01374237038596, "label_lat": 37.476504256790406, "name": "서초구"}, "geometry": {"type": "MultiPolygon", "coordinates": [[[[127.01317164880014, 37.52259182651724], [127.01522447107588, 37.52484852680746], [127.016939903316, 37.52302455708107], [127.01782245481363, 37.52181196916008], [127.020515428097, 37.51279901992904], [127.03408735028397, 37.484368973013076], [127.04175077639766, 37.4854360101373], [127.04160894208297, 37.485239225678065], [127.04388936026083, 37.480560539068485], [127.04414355359921, 37.479290035113095], [127.04503980300424, 37.477316802246165], [127.05082640583427, 37.47163539260382], [127.04866941508308, 37.470059796743435], [127.04885955095398, 37.46989303511039], [127.05043588098695, 37.46975020573741], [127.05103474948633, 37.469356046646176], [127.05109605496988, 37.46858960938304], [127.05075556244397, 37.46729596461762], [127.05324319377269, 37.46815902748622], [127.05421019144093, 37.46811382037995], [127.05504440461374, 37.468853115285484], [127.05608443762455, 37.46843817800877], [127.05653203094988, 37.46847852464778], [127.05719725310797, 37.469008390552176], [127.05870858002783, 37.46890545895074], [127.05908677983459, 37.469194722655025], [127.06034626488332, 37.469125121539186], [127.06091881781228, 37.46891798275603], [127.06213547296854, 37.4690822575478], [127.06259969852431, 37.46934077766193], [127.06323548460735, 37.46903974644859], [127.06381302978876, 37.469001430065425], [127.06415585327433, 37.46920594780294], [127.06561950330683, 37.46953824582162], [127.06645352964223, 37.470135552062565], [127.06786842797113, 37.47042787143341], [127.06857423956879, 37.47100777308844], [127.06961941122474, 37.47104828813946], [127.06993706034221, 37.470928442431116], [127.07042256459786, 37.4710506426858], [127.0707476752949, 37.47136186634293], [127.07191836656311, 37.47188346808305], [127.07268396415002, 37.4719579008474], [127.07384505619439, 37.4729353515785], [127.07422996704214, 37.47295256777989], [127.07537191745787, 37.47348937076167], [127.07646611173574, 37.47445866515938], [127.07691106730523, 37.475157785251795], [127.07793462229304, 37.4747361884337], [127.0785154808879, 37.47496106197633], [127.07899079549577, 37.47476703577791], [127.08187591471876, 37.475293880250135], [127.08275014085338, 37.47530370709492], [127.08323243498822, 37.47552665194291], [127.08391681106718, 37.47541861503749], [127.08450471456723, 37.47561389230538], [127.08488209336373, 37.4755122639124], [127.08450592786015, 37.47510595139441], [127.08448054536352, 37.474039975207916], [127.08417255369024, 37.47281876486089], [127.08502762057834, 37.4712000256538], [127.0858960123942, 37.47110001012663], [127.0867119144625, 37.47066075339006], [127.0871854645022, 37.4698841338067], [127.08753205124229, 37.469762255625], [127.0875949476215, 37.46931789812024], [127.08816482476925, 37.46831567408648], [127.08844594041493, 37.4680958480526], [127.08898503847111, 37.46812164242978], [127.08903833994727, 37.468240418283955], [127.08946039970961, 37.46757393003398], [127.09016645573914, 37.4670457477947], [127.0904368317879, 37.46702499277005], [127.0916174733765, 37.465626416568135], [127.09202781642432, 37.46478901637613], [127.09202443462821, 37.46227409128919], [127.09319432300049, 37.46127222776594], [127.09463859801886, 37.46095011572855], [127.09567658490865, 37.461004200494976], [127.0956065899108, 37.4602499442703], [127.09506009631406, 37.45976946687917], [127.09517415331634, 37.45946162938963], [127.09489619639454, 37.45848031275404], [127.09543969398608, 37.457558604547934], [127.095213864146, 37.45632130737597], [127.09431220713168, 37.45622516070295], [127.09354041449288, 37.455888454835126], [127.09272551056276, 37.45363404111582], [127.09188225681017, 37.45346687656304], [127.0911288417133, 37.4529558411611], [127.09030286642236, 37.451266799235334], [127.08961957134014, 37.45088691482172], [127.08954279223009, 37.45016616714391], [127.08882113448126, 37.449749707728024], [127.08895959068268, 37.44946185100854], [127.08843214066175, 37.448994843028494], [127.08832681890053, 37.448627760332165], [127.08864240554249, 37.447597001957355], [127.08836935735776, 37.447240458364455], [127.08838657746928, 37.44639772514842], [127.08816133791245, 37.44538538405349], [127.08785512511972, 37.444894271018086], [127.08642135239948, 37.44426264050273], [127.08570306400809, 37.44441716342052], [127.08386195268672, 37.44392178923734], [127.08380507825345, 37.44341669718278], [127.0824318711051, 37.44157986945862], [127.08125017434124, 37.441118906106574], [127.08017165425842, 37.44105149450764], [127.07957539706116, 37.441386947463116], [127.0790834043159, 37.44129914379234], [127.07853068007704, 37.44155797725046], [127.0781789593945, 37.44155201596789], [127.07774846025126, 37.44186342130314], [127.07735854165537, 37.44163138338084], [127.07707800330661, 37.44165127709513], [127.07672145612372, 37.4419378536832], [127.07601062940618, 37.44213933659515], [127.0752429068254, 37.44194216393133], [127.07475603975705, 37.44221923808443], [127.073853082627, 37.44221303656771], [127.07299337217401, 37.44201759043656], [127.07213849890711, 37.44226307020745], [127.07162594538303, 37.441523981523304], [127.07221171528941, 37.439382901290394], [127.07200782646834, 37.438856771339594], [127.07376019160115, 37.437789433348485], [127.07384350850883, 37.437407859494826], [127.07302422780492, 37.43640683317547], [127.07168875098485, 37.435981060089226], [127.07127208990141, 37.43560147756923], [127.07151982015054, 37.434116919433706], [127.07073081619843, 37.43294072058796], [127.07057109003318, 37.43241682323661], [127.0712067522182, 37.43081771765056], [127.07116966417561, 37.430420457494144], [127.07090517204377, 37.4301914142918], [127.07033486861478, 37.430479503015256], [127.0698736752117, 37.43097223522962], [127.06961542698717, 37.43061169225977], [127.06896419455808, 37.43043243139879], [127.06827026308842, 37.43067947658389], [127.06782991454178, 37.430406610487864], [127.06670036547101, 37.43012876377184], [127.06596140574757, 37.429532817832616], [127.06568165676369, 37.42898531841441], [127.06438564828535, 37.429113570685146], [127.06331619953501, 37.42975159881437], [127.06288082563778, 37.42970339636001], [127.06114498841302, 37.42998528249386], [127.05996134551742, 37.42956887743468], [127.05905737597026, 37.429663647583006], [127.05806993007134, 37.43001073342448], [127.05368439586758, 37.42897461598339], [127.05232462063944, 37.428297477788135], [127.05135906293314, 37.4291983398457], [127.05019350936831, 37.4299021715819], [127.0498652277243, 37.43030973375838], [127.0473692370877, 37.43070182039954], [127.04722475310247, 37.43204044271686], [127.04653643276833, 37.43265085220541], [127.04631164454587, 37.4334472042956], [127.04590560668855, 37.43348142461414], [127.04462617867408, 37.43406868017058], [127.04418572977666, 37.435055453584035], [127.04264623728812, 37.43637230975182], [127.04144290431593, 37.43710958504838], [127.04114044473712, 37.43741490340528], [127.0410903148162, 37.43776912458396], [127.04005277484173, 37.43823714473271], [127.03903241471747, 37.4381513185796], [127.03843734730143, 37.4383607020343], [127.03706776269212, 37.438274967489725], [127.03632275489541, 37.43877834821964], [127.03557372419804, 37.439004097752324], [127.03517185994545, 37.440941947592854], [127.0364309895444, 37.441832733078044], [127.03683662870917, 37.44235970202062], [127.03697477841166, 37.442896886404334], [127.03748293649677, 37.44326670455644], [127.03756796302918, 37.44383797140384], [127.03793486051839, 37.44417883613904], [127.0382303936381, 37.4451802682999], [127.03820566023022, 37.44585885145298], [127.03725402484277, 37.44644845565963], [127.03753151304188, 37.44736148784738], [127.03715924009401, 37.44801032556762], [127.03737475544551, 37.44856437948196], [127.03781196544591, 37.44892239615178], [127.03774439777162, 37.44941881742195], [127.03691352884128, 37.450808024592085], [127.03640970194807, 37.451496876545434], [127.03607673262356, 37.451663101897026], [127.0357764211572, 37.45219590919686], [127.03537133799799, 37.452226714193394], [127.03475468810625, 37.45261742128206], [127.03482359676663, 37.45310619762355], [127.03546919264814, 37.45343741290437], [127.03558815702281, 37.45408750843805], [127.03626740615852, 37.45426216885668], [127.03642493289126, 37.4546506811524], [127.03712769780061, 37.455207680413054], [127.03674064864143, 37.456443867848606], [127.0357632912174, 37.45748143750346], [127.0350160995665, 37.45789358224305], [127.0349242191416, 37.46017540347828], [127.03450420101247, 37.46006458073616], [127.0340129793078, 37.46030038365896], [127.0337322217248, 37.46123694685559], [127.03469338681593, 37.46415480913823], [127.03347971199355, 37.464635775316886], [127.03314058561402, 37.46501738774714], [127.03192176334836, 37.46551888212869], [127.03119554461638, 37.46562606097512], [127.03016627679696, 37.46536221268452], [127.02952727466919, 37.465374475368684], [127.02960614622593, 37.463275396119364], [127.0293162856884, 37.4627013536495], [127.0280430930552, 37.461245118320186], [127.02815696479239, 37.46062199386285], [127.02846178724177, 37.46013143574491], [127.02836192051653, 37.45989353912199], [127.02657228231892, 37.459641650722666], [127.02640126558548, 37.4594544490158], [127.02644504311743, 37.458336625878985], [127.02599541478983, 37.45781695700318], [127.02527761413451, 37.45749386786688], [127.02279276564477, 37.457250502276196], [127.02169546650688, 37.45631505469021], [127.02036582578184, 37.45615816591655], [127.01969200778642, 37.4557866066898], [127.01906048800623, 37.4557489770242], [127.01754537430124, 37.45613521003067], [127.01725979499403, 37.45605725738288], [127.01694632038618, 37.45596973000069], [127.01628798900153, 37.45522958397601], [127.015064993282, 37.454831882450144], [127.01450961481038, 37.454861227501375], [127.01338671791525, 37.45534760936838], [127.0123725603877, 37.45554873925505], [127.01082326534475, 37.45542300995268], [127.01058424700292, 37.4561688899427], [127.00871086819963, 37.45776493362644], [127.0082140272964, 37.45909985602099], [127.00726944930435, 37.46014141346659], [127.00704092211457, 37.46021546895323], [127.00602429108247, 37.46182493185106], [127.00615746834572, 37.461888276330164], [127.00576948063818, 37.46254827677929], [127.00496875543924, 37.4631868988166], [127.0047483685774, 37.463836186819755], [127.00446966943686, 37.46407327537696], [127.00480545140142, 37.46488050321829], [127.00468359982563, 37.46517220663692], [127.00490546369151, 37.465842601564106], [127.0044888389734, 37.466328316992886], [127.00452453256743, 37.46679768506152], [127.00367535606367, 37.46772038557684], [127.00273481913929, 37.46712461028117], [127.00196279531595, 37.46708744931698], [127.00148591712369, 37.46732311671379], [127.00047686262296, 37.46706294730436], [126.99877950685855, 37.467234110919726], [126.99780190795862, 37.46702262765774], [126.99742674212075, 37.46724223495172], [126.99675187409682, 37.46707243352735], [126.99623104524456, 37.46660839439955], [126.99664318071517, 37.465427529261504], [126.99661920275504, 37.46477852599102], [126.99719359363377, 37.46418416491999], [126.99737076909305, 37.463687492644944], [126.99698490292789, 37.46315898535269], [126.99676862735106, 37.46187335153413], [126.99428992917856, 37.46142131809098], [126.99335441216691, 37.46149586939025], [126.99289511832632, 37.460947917793845], [126.99265518196037, 37.46034393850891], [126.99169847065936, 37.4605190002328], [126.99133205924016, 37.4601360421669], [126.98999453627609, 37.459462976788025], [126.98949912834557, 37.45852279175216], [126.98864584515967, 37.458144838375176], [126.98787601483131, 37.45927242298966], [126.98752412648518, 37.46066949807773], [126.98833947923248, 37.463999362190606], [126.98793449925746, 37.46593732217968], [126.98724719025714, 37.4672276499512], [126.98710465887146, 37.46722820028868], [126.98727379329715, 37.467619031172205], [126.98492176754256, 37.46963330522601], [126.98319367162632, 37.471613292916686], [126.98215769470357, 37.47372315951513], [126.98171788100882, 37.47568023555166], [126.98218861087246, 37.486727999050565], [126.98262555865396, 37.4900755659836], [126.98292560393092, 37.496993886003814], [126.98538509944267, 37.499860829771706], [126.98341225025291, 37.50125709183749], [126.98038821896797, 37.50286261940057], [126.97983491546054, 37.5041782648364], [126.97983928041232, 37.504375638277146], [126.98039709660836, 37.504589726354794], [126.980403614601, 37.50654460460937], [126.98554076691984, 37.50654344686945], [126.99068404081518, 37.51309568599851], [127.00079198413317, 37.519500858335604], [127.00645645296052, 37.523440080645486], [127.00857826409263, 37.52559503575671], [127.01317164880014, 37.52259182651724]]]]}}, {"id": "강남구", "type": "Feature", "properties": {"SIG_CD": "11680", "SIG_ENG_NM": "Gangnam-gu", "SIG_KOR_NM": "강남구", "district": "강남구", "regulation_type": "기존 규제지역", "region": null, "before_count": null, "after_count": null, "count_change": null, "count_change_pct": null, "before_daily_avg": null, "after_daily_avg": null, "daily_avg_change_pct": null, "label_lon": 127.06245762275111, "label_lat": 37.49595949812928, "name": "강남구"}, "geometry": {"type": "MultiPolygon", "coordinates": [[[[127.0396797185555, 37.53584014091858], [127.04601035278212, 37.53426061972404], [127.0551270503173, 37.528667581174176], [127.06015647724853, 37.52709070359635], [127.06545628742798, 37.52507028414643], [127.06646390040493, 37.524960209467764], [127.06750115244091, 37.524583748538774], [127.06772805939859, 37.51932125070216], [127.06981675995786, 37.50273918637527], [127.07698758427098, 37.5020697692056], [127.08421431207812, 37.49965278756956], [127.09479425275705, 37.49668091038596], [127.09780109709652, 37.495479043154866], [127.09740069972094, 37.49518935517273], [127.0987943966712, 37.49489482349114], [127.09976267834828, 37.49450884508913], [127.10330757160392, 37.49282041663353], [127.10700696377918, 37.49029156125319], [127.11151155500656, 37.4840249335703], [127.11297266148418, 37.481715596306636], [127.12420693151269, 37.46652088391932], [127.12185935468467, 37.46513885188179], [127.12143936548847, 37.464372299428014], [127.12074573212328, 37.46389181117884], [127.11747484840247, 37.46220061073935], [127.11698929338198, 37.46148450853586], [127.1168960931216, 37.45864052496169], [127.11549606642566, 37.458697916947884], [127.1151485268679, 37.45906005903591], [127.11395536322324, 37.459516766160206], [127.11327111468039, 37.460054918423396], [127.11323341161092, 37.46035341179556], [127.11276301005698, 37.460530398331535], [127.11329187757546, 37.460836808442174], [127.11333392509766, 37.46108764431463], [127.11222985331014, 37.46150538924724], [127.10989109840983, 37.461941453684645], [127.10945918345193, 37.461870894888186], [127.10815354523012, 37.462274432640996], [127.10730178649659, 37.46218087200361], [127.10688012707713, 37.46236990094104], [127.10616736510624, 37.46240685373119], [127.1056082520876, 37.462178438387596], [127.10434122976966, 37.46217475422643], [127.10478030772228, 37.46116018293145], [127.10402341504731, 37.46055744820554], [127.1039416597281, 37.46005099237339], [127.10344287724082, 37.45975183056723], [127.10269190459195, 37.45972432846851], [127.10263417039292, 37.45986740334971], [127.10185265391691, 37.459177962944764], [127.10138119348747, 37.4589728160604], [127.10116480641837, 37.45854051641958], [127.10127779735978, 37.458241683937445], [127.1007658885492, 37.45775979801174], [127.09973877493525, 37.45735463622947], [127.09909570479192, 37.45621877626303], [127.09889319330318, 37.45611617463901], [127.09823745972533, 37.45637124705309], [127.09636531689682, 37.45634686043856], [127.0957693378965, 37.45651965446549], [127.09522278220821, 37.45639422766437], [127.09543969398608, 37.457558604547934], [127.09489619639454, 37.45848031275404], [127.09517415331634, 37.45946162938963], [127.09506009631406, 37.45976946687917], [127.0956065899108, 37.4602499442703], [127.09567658490865, 37.461004200494976], [127.09463859801886, 37.46095011572855], [127.09319432300049, 37.46127222776594], [127.09202443462821, 37.46227409128919], [127.09202781642432, 37.46478901637613], [127.0916174733765, 37.465626416568135], [127.0904368317879, 37.46702499277005], [127.09016645573914, 37.4670457477947], [127.08946039970961, 37.46757393003398], [127.08903833994727, 37.468240418283955], [127.08898503847111, 37.46812164242978], [127.08844594041493, 37.4680958480526], [127.08816482476925, 37.46831567408648], [127.0875949476215, 37.46931789812024], [127.08753205124229, 37.469762255625], [127.0871854645022, 37.4698841338067], [127.0867119144625, 37.47066075339006], [127.0858960123942, 37.47110001012663], [127.08502762057834, 37.4712000256538], [127.08417255369024, 37.47281876486089], [127.08448054536352, 37.474039975207916], [127.08450592786015, 37.47510595139441], [127.08488209336373, 37.4755122639124], [127.08450471456723, 37.47561389230538], [127.08391681106718, 37.47541861503749], [127.08323243498822, 37.47552665194291], [127.08275014085338, 37.47530370709492], [127.08187591471876, 37.475293880250135], [127.07899079549577, 37.47476703577791], [127.0785154808879, 37.47496106197633], [127.07793462229304, 37.4747361884337], [127.07691106730523, 37.475157785251795], [127.07646611173574, 37.47445866515938], [127.07537191745787, 37.47348937076167], [127.07422996704214, 37.47295256777989], [127.07384505619439, 37.4729353515785], [127.07268396415002, 37.4719579008474], [127.07191836656311, 37.47188346808305], [127.0707476752949, 37.47136186634293], [127.07042256459786, 37.4710506426858], [127.06993706034221, 37.470928442431116], [127.06961941122474, 37.47104828813946], [127.06857423956879, 37.47100777308844], [127.06786842797113, 37.47042787143341], [127.06645352964223, 37.470135552062565], [127.06561950330683, 37.46953824582162], [127.06415585327433, 37.46920594780294], [127.06381302978876, 37.469001430065425], [127.06323548460735, 37.46903974644859], [127.06259969852431, 37.46934077766193], [127.06213547296854, 37.4690822575478], [127.06091881781228, 37.46891798275603], [127.06034626487627, 37.46912511252914], [127.05908677983459, 37.469194722655025], [127.05870858002783, 37.46890545895074], [127.05719725310797, 37.469008390552176], [127.05653203094988, 37.46847852464778], [127.05608443762455, 37.46843817800877], [127.05504440461374, 37.468853115285484], [127.05421019144093, 37.46811382037995], [127.05324319377269, 37.46815902748622], [127.05075556244397, 37.46729596461762], [127.05109605496988, 37.46858960938304], [127.05103474948633, 37.469356046646176], [127.05043588098695, 37.46975020573741], [127.04885955095398, 37.46989303511039], [127.04866941508308, 37.470059796743435], [127.05082640583427, 37.47163539260382], [127.04503980300424, 37.477316802246165], [127.04414355359921, 37.479290035113095], [127.04388936026083, 37.480560539068485], [127.04160894208297, 37.485239225678065], [127.04175077639766, 37.4854360101373], [127.03408735028397, 37.484368973013076], [127.020515428097, 37.51279901992904], [127.01782245481363, 37.52181196916008], [127.016939903316, 37.52302455708107], [127.01522447107588, 37.52484852680746], [127.01317710071716, 37.52258796070942], [127.00857826409263, 37.52559503575671], [127.01229082121961, 37.529536047894155], [127.01501992809655, 37.53213231506248], [127.01774734383378, 37.534248459917166], [127.02117313829054, 37.53582003774261], [127.0396797185555, 37.53584014091858]]]]}}, {"id": "송파구", "type": "Feature", "properties": {"SIG_CD": "11710", "SIG_ENG_NM": "Songpa-gu", "SIG_KOR_NM": "송파구", "district": "송파구", "regulation_type": "기존 규제지역", "region": null, "before_count": null, "after_count": null, "count_change": null, "count_change_pct": null, "before_daily_avg": null, "after_daily_avg": null, "daily_avg_change_pct": null, "label_lon": 127.10585998882432, "label_lat": 37.50486447900639, "name": "송파구"}, "geometry": {"type": "MultiPolygon", "coordinates": [[[[127.11310504443003, 37.54317092044701], [127.11304693895895, 37.54298035249964], [127.11652237528318, 37.54195918663328], [127.1173345646759, 37.54148818321221], [127.11895205196673, 37.541120837158076], [127.11884843339664, 37.54099396333745], [127.1202568045588, 37.54032891193362], [127.12184930842851, 37.53928891549016], [127.12343992286678, 37.538644480098164], [127.12060575514745, 37.53062881321525], [127.11909281044241, 37.52795972911483], [127.13816543171552, 37.519527292463884], [127.13831163152416, 37.519350861544616], [127.13856491621928, 37.51935226181518], [127.1438280914949, 37.51703244407964], [127.14511225762774, 37.516832679955904], [127.14532885675075, 37.5166071585463], [127.145439164237, 37.516064741958026], [127.14460354991515, 37.51560624930487], [127.14061437913841, 37.51558876854764], [127.14120966909782, 37.515044369138096], [127.14342993290137, 37.51388028478865], [127.14352835019399, 37.51265678496953], [127.14288466271738, 37.51273329479371], [127.14143961997223, 37.51240024113513], [127.14110499585983, 37.51112685340008], [127.14121718369498, 37.510822634461526], [127.14094688700922, 37.510397800563155], [127.1403430419583, 37.51022478158155], [127.13993485240206, 37.50852350296223], [127.14030926541815, 37.50830457191094], [127.14034712547246, 37.50775154054108], [127.14088483141843, 37.507437531627154], [127.14151664749895, 37.50670810314908], [127.14081284704795, 37.50597856876642], [127.14104839440135, 37.505406716117115], [127.14212255506811, 37.50507573154297], [127.14223298513444, 37.50488441741666], [127.14342402412322, 37.50441363611534], [127.1441032644032, 37.50439648316136], [127.14454718042411, 37.50421574703677], [127.14487373781864, 37.504030088105715], [127.14512606107252, 37.5035564786168], [127.14541597451337, 37.5036138437426], [127.14550249916657, 37.503305705255485], [127.1459520640863, 37.50322688680515], [127.14719428265877, 37.50338388304985], [127.14769491898168, 37.503212066086796], [127.14805382252851, 37.50357737241132], [127.14860243288537, 37.503722823432575], [127.15020456782659, 37.504742044374886], [127.15210913859636, 37.50297029809197], [127.15284424549631, 37.50305523282929], [127.15323082939584, 37.50267941743589], [127.15395405920354, 37.50266384522903], [127.15643795751409, 37.501859005431385], [127.15772923694657, 37.5031789514376], [127.15886611567932, 37.502390196048566], [127.1593968992291, 37.5013626388365], [127.16050426865414, 37.501094512480826], [127.16143108684174, 37.500022479643775], [127.16135443068762, 37.49953745902498], [127.1606329818805, 37.49854929913691], [127.16056656075108, 37.49755491172606], [127.15977942795506, 37.49682362825323], [127.1600262140979, 37.49437455423622], [127.1597569954961, 37.49364143894106], [127.15865086712908, 37.49242657551761], [127.15823539572978, 37.49061189305688], [127.1572823190581, 37.48995007182556], [127.15838209058464, 37.48989430456311], [127.15851360244915, 37.48966557332504], [127.15043019994377, 37.48524889316852], [127.1499217061505, 37.48490572920611], [127.14909469754353, 37.483882669847965], [127.14868305120142, 37.484043191964304], [127.14752532372962, 37.48201386271685], [127.14714532953985, 37.477221797874954], [127.14437047303531, 37.47733114286968], [127.144269215385, 37.47639475505786], [127.1436188551117, 37.47517065392565], [127.14352658768853, 37.47393041836933], [127.13639695170741, 37.474170482121316], [127.13285604904866, 37.47462645849702], [127.13268704252977, 37.47428578808394], [127.13259256358691, 37.47279498634896], [127.13282423602105, 37.47120092769387], [127.13265674841733, 37.4712075288201], [127.13198277646599, 37.469798241493095], [127.1327996003443, 37.468393664287454], [127.13054470801572, 37.46773862269512], [127.1292681550886, 37.467975928274676], [127.12826831047175, 37.46838965536553], [127.12666597403866, 37.46862540771729], [127.12520301429086, 37.46961974523676], [127.1248783408622, 37.4695972802255], [127.12516820257547, 37.468751439965565], [127.12519937020745, 37.46783323102833], [127.12504794426228, 37.467264631071835], [127.12420970039707, 37.466517103857846], [127.11297260886842, 37.48171519933902], [127.11151150224994, 37.48402453681668], [127.10700691059218, 37.49029116507885], [127.10351513910113, 37.492702711679755], [127.09976262449587, 37.49450844929258], [127.09879434273059, 37.49489442772828], [127.09740064565467, 37.49518895943372], [127.09780104306465, 37.49547864744441], [127.09479419845142, 37.496680514780486], [127.08421425681453, 37.49965239221455], [127.076987528351, 37.50206937405833], [127.06981670339432, 37.50273879127042], [127.06970039209354, 37.50346527926221], [127.06770890001462, 37.519503598810374], [127.06750109557048, 37.52458335549623], [127.06866353755319, 37.52387119366337], [127.07205542396747, 37.5234147818682], [127.07431896990907, 37.52286971190836], [127.07695403238299, 37.52251470609357], [127.07997592690901, 37.522950278732694], [127.0856332422835, 37.52476020534338], [127.0901421970271, 37.527007142233195], [127.10828322915208, 37.54140774002636], [127.10845174489391, 37.542041381406904], [127.10914270662028, 37.54316586737684], [127.11310504443003, 37.54317092044701]]]]}}, {"id": "강동구", "type": "Feature", "properties": {"SIG_CD": "11740", "SIG_ENG_NM": "Gangdong-gu", "SIG_KOR_NM": "강동구", "district": "강동구", "regulation_type": "2025.10.15 신규 규제지역", "region": "강동구", "before_count": 3165.0, "after_count": 1521.0, "count_change": -1644.0, "count_change_pct": -51.94312796208531, "before_daily_avg": 17.295081967213115, "after_daily_avg": 8.357142857142858, "daily_avg_change_pct": -51.67907921462424, "label_lon": 127.1472370183173, "label_lat": 37.54892985703894, "name": "강동구"}, "geometry": {"type": "MultiPolygon", "coordinates": [[[[127.17833865259387, 37.57058448602291], [127.17921602092656, 37.56891831604851], [127.1794965388781, 37.56773055459735], [127.17946866101164, 37.56627015914716], [127.17966508354307, 37.56527933523223], [127.18118573050472, 37.56301696623246], [127.1819954192526, 37.56099244543415], [127.18198423918085, 37.55965590033113], [127.18155369671446, 37.55755331672734], [127.18168381102446, 37.55599581297644], [127.18139210569714, 37.554921548858154], [127.18149537114026, 37.554331802159446], [127.18134037158048, 37.55296535450408], [127.18170388921558, 37.5525083860906], [127.18293310967236, 37.551753051432044], [127.18311908891077, 37.551081816532644], [127.18284455236034, 37.54942948055065], [127.18307601937263, 37.548632874902395], [127.18267635499598, 37.547875809990416], [127.18272444136859, 37.54670416942941], [127.1828254134, 37.546344465184745], [127.18379492506567, 37.54557431060908], [127.18353916923563, 37.545170394555036], [127.18284654363696, 37.545579716996244], [127.18220242872776, 37.54572486277813], [127.18169282467959, 37.54644474899585], [127.18125643539913, 37.54657971565161], [127.17933127924438, 37.54656742142089], [127.17679338355818, 37.54575441352608], [127.17663752589645, 37.5453359633812], [127.17598138372841, 37.54563651398024], [127.17571746550564, 37.54520809506646], [127.17431470875331, 37.54529771426162], [127.17413797457002, 37.545712428478545], [127.1736154571952, 37.54553975039968], [127.17210709223913, 37.545534622906885], [127.1697636279831, 37.544805082925045], [127.16882272001392, 37.54514823761482], [127.16794981362223, 37.545059930595855], [127.16697821554969, 37.54520264336783], [127.16674645962459, 37.54481835285911], [127.16689394305261, 37.54427332617996], [127.1652987261807, 37.54439887699225], [127.16516822457811, 37.54463218933349], [127.16316277869153, 37.54499140147672], [127.1612626985733, 37.54294901647647], [127.16031046786108, 37.5416261316728], [127.15972345776377, 37.54135690136483], [127.15957292187713, 37.54098713777032], [127.1591015643404, 37.54072591247794], [127.15765144143552, 37.53927020505723], [127.157174678522, 37.538441354178964], [127.15694081682854, 37.538370997377484], [127.15678888874777, 37.537658566535505], [127.15654058222688, 37.53744659195003], [127.1560328103752, 37.53734280535587], [127.15452610808833, 37.534869281361665], [127.15402137622367, 37.53451488903307], [127.1535667382612, 37.533665451647515], [127.15393354804138, 37.53191986365661], [127.15337673947283, 37.53133099804369], [127.15353915340367, 37.530437111941914], [127.15312893379682, 37.52994829174157], [127.15329024156907, 37.52946886419115], [127.15316382262701, 37.52910919681128], [127.15040202326682, 37.52637284263531], [127.14986874827255, 37.526207667685455], [127.14945529063169, 37.52575093180751], [127.1495959661371, 37.52529378934211], [127.14947629270972, 37.52502054165193], [127.14859563522315, 37.523561183870925], [127.14859845085992, 37.52319177264804], [127.14817918501453, 37.52292227495078], [127.14779748132344, 37.52214986613742], [127.14566577578951, 37.521932310825946], [127.14478590331493, 37.51962458198535], [127.14482728095598, 37.51797373744495], [127.1450919852935, 37.5168353416963], [127.14382814151858, 37.51703283762298], [127.13856496672219, 37.51935265515378], [127.13831168204965, 37.51935125488402], [127.1381654822548, 37.51952768578702], [127.11909286271958, 37.527960121693184], [127.12060580730119, 37.53062920553704], [127.12343997480211, 37.53864487165416], [127.12184936050859, 37.53928930698951], [127.12025685678553, 37.5403293033389], [127.11884848575193, 37.54099435468362], [127.11895210431332, 37.54112122849195], [127.1173346171685, 37.54148857451572], [127.11652242785027, 37.541959577894424], [127.11304699184078, 37.5429807436736], [127.11310509730748, 37.54317131160278], [127.10914275985158, 37.54316625854386], [127.11146566220118, 37.54694293084351], [127.11155744589996, 37.55050725531913], [127.11426805530665, 37.554379019553124], [127.11564563183364, 37.55769987946419], [127.11733926445828, 37.55946361978991], [127.12009649583133, 37.5611995035131], [127.12295556791115, 37.56348990213975], [127.12861049140608, 37.566160435334915], [127.1342663676335, 37.56795394401778], [127.13766579160551, 37.568424208703256], [127.14894981810787, 37.56843431734156], [127.15498133405839, 37.57204353648708], [127.15689944331429, 37.572954114713596], [127.16255531161302, 37.576730119706006], [127.16674743674002, 37.57897566542236], [127.17025148456482, 37.57901688470331], [127.17183748745104, 37.5792623782612], [127.17510641241287, 37.58026699992427], [127.1765185549544, 37.58103469887997], [127.17715487387271, 37.581200715469365], [127.17706041710957, 37.57954472775553], [127.17653751007795, 37.57893227536328], [127.17544231566491, 37.578363173586695], [127.17532755094774, 37.57723513723549], [127.1757639683577, 37.57566086785569], [127.17570207440971, 37.574832051925505], [127.17613156974834, 37.57408895072426], [127.17694368478915, 37.57329403185765], [127.17781931125316, 37.57205809668411], [127.17783965525776, 37.57146369440881], [127.17833865259387, 37.57058448602291]]]]}}]}